1,*********************,*********************
2,global_rounds,id_list
3,0,"[13, 2, 17, 5, 10, 0, 6, 11, 7, 3]"
4,1,"[13, 16, 18, 5, 19, 2, 0, 4, 10, 17]"
5,2,"[19, 4, 17, 7, 18, 9, 2, 8, 0, 16]"
1,*********************,*********************
2,global_rounds,id_list
3,0,"[6, 13, 2, 4, 5, 17, 9, 16, 7, 10]"
4,1,"[11, 17, 2, 4, 6, 8, 16, 7, 18, 3]"
5,2,"[8, 12, 3, 14, 17, 1, 15, 6, 13, 4]"
1,*********************,*********************
2,global_rounds,id_list
3,0,"[10, 17, 3, 0, 18, 2, 5, 19, 12, 13]"
4,1,"[14, 12, 10, 13, 2, 15, 0, 9, 5, 17]"
5,2,"[8, 18, 10, 7, 9, 3, 12, 0, 4, 19]"
1,global_rounds,id_list
2,0,"[13, 17, 12, 11, 5, 8, 10, 0, 7, 16]"
3,1,"[4, 10, 3, 5, 8, 14, 0, 2, 16, 12]"
4,2,"[18, 4, 16, 12, 13, 17, 19, 14, 9, 6]"
5,3,"[10, 3, 5, 16, 11, 4, 7, 15, 2, 0]"
1,global_rounds,id_list
2,0,"[0, 7, 4, 6, 18, 17, 9, 13, 19, 11]"
3,1,"[4, 17, 8, 18, 19, 1, 9, 15, 2, 7]"
4,2,"[7, 16, 15, 6, 1, 4, 19, 3, 5, 2]"
5,3,"[11, 8, 13, 4, 5, 12, 14, 3, 16, 0]"
1,global_rounds,id_list
2,0,"[15, 7, 10, 2, 8, 0, 3, 14, 5, 16]"
3,1,"[5, 10, 15, 16, 9, 1, 8, 13, 4, 18]"
4,2,"[9, 2, 7, 4, 14, 15, 19, 1, 3, 5]"
5,3,"[16, 11, 7, 12, 8, 4, 5, 2, 19, 14]"
1,global_rounds,id_list
2,0,"[3, 15, 12, 1, 4, 11, 18, 10, 6, 16]"
3,1,"[2, 19, 8, 14, 11, 5, 18, 12, 1, 13]"
4,2,"[10, 2, 5, 15, 11, 0, 17, 14, 19, 9]"
5,3,"[3, 7, 0, 11, 18, 13, 17, 16, 1, 9]"
1,global_rounds,id_list
2,0,"[4, 12, 10, 3, 13, 14, 6, 5, 19, 16]"
3,1,"[12, 18, 14, 7, 13, 17, 15, 9, 6, 1]"
4,2,"[0, 16, 10, 12, 15, 17, 18, 19, 6, 9]"
5,3,"[11, 12, 17, 0, 3, 19, 14, 5, 9, 6]"
1,global_rounds,id_list
2,0,"[8, 11, 4, 10, 3, 0, 19, 5, 6, 18]"
3,1,"[0, 5, 3, 9, 4, 18, 6, 10, 2, 1]"
4,2,"[7, 15, 9, 3, 4, 14, 19, 5, 11, 1]"
5,3,"[10, 5, 19, 16, 9, 6, 12, 15, 18, 7]"
1,global_rounds,id_list
2,0,"[4, 10, 3, 1, 17, 12, 9, 11, 18, 14]"
3,1,"[16, 0, 17, 9, 18, 3, 2, 4, 13, 11]"
4,2,"[3, 10, 14, 17, 18, 16, 4, 0, 2, 9]"
5,3,"[13, 2, 6, 9, 3, 18, 17, 12, 1, 0]"
1,global_rounds,id_list
2,0,"[15, 12, 5, 3, 4, 11, 16, 9, 19, 17]"
3,1,"[2, 8, 6, 7, 9, 16, 14, 0, 1, 3]"
4,2,"[1, 3, 7, 6, 11, 5, 4, 18, 12, 19]"
5,3,"[12, 14, 9, 17, 19, 8, 1, 7, 4, 16]"
1,global_rounds,id_list
2,0,"[17, 1, 4, 5, 10, 9, 2, 8, 11, 18]"
3,1,"[1, 2, 14, 11, 5, 17, 16, 12, 7, 15]"
4,2,"[16, 11, 5, 12, 15, 17, 9, 7, 4, 10]"
5,3,"[3, 15, 6, 7, 12, 5, 0, 17, 13, 9]"
1,global_rounds,id_list
2,0,"[12, 11, 9, 14, 17, 4, 10, 3, 19, 8]"
3,1,"[5, 14, 3, 9, 19, 16, 12, 4, 7, 18]"
4,2,"[19, 7, 11, 6, 13, 2, 17, 10, 9, 18]"
5,3,"[6, 3, 14, 18, 4, 5, 2, 13, 1, 9]"
1,global_rounds,id_list
2,0,"[8, 2, 18, 1, 13, 4, 17, 3, 15, 0]"
3,1,"[16, 3, 18, 5, 8, 17, 19, 14, 0, 6]"
4,2,"[1, 6, 18, 17, 13, 0, 8, 7, 9, 14]"
5,3,"[17, 15, 18, 2, 19, 8, 6, 13, 4, 0]"
1,global_rounds,id_list
2,0,"[7, 8, 17, 15, 18, 11, 14, 16, 0, 5]"
3,1,"[18, 16, 1, 7, 17, 6, 11, 5, 0, 10]"
4,2,"[19, 0, 2, 9, 11, 10, 14, 6, 5, 13]"
5,3,"[7, 12, 19, 8, 18, 15, 9, 16, 14, 10]"
1,global_rounds,id_list
2,0,"[3, 4, 0, 8, 17, 11, 12, 14, 7, 19]"
3,1,"[12, 13, 4, 15, 11, 1, 18, 6, 10, 9]"
4,2,"[12, 13, 1, 17, 0, 7, 15, 6, 2, 5]"
5,3,"[11, 1, 3, 8, 15, 18, 17, 10, 13, 4]"
1,global_rounds,id_list
2,0,"[2, 10, 6, 17, 4, 5, 0, 15, 11, 14]"
3,1,"[3, 4, 10, 11, 5, 0, 7, 17, 2, 9]"
4,2,"[7, 14, 8, 11, 12, 6, 18, 10, 2, 4]"
5,3,"[14, 17, 11, 7, 5, 18, 19, 4, 12, 10]"
1,global_rounds,id_list
2,0,"[19, 5, 18, 13, 11, 6, 0, 15, 7, 14]"
3,1,"[11, 8, 6, 10, 2, 5, 13, 16, 0, 3]"
4,2,"[10, 18, 3, 12, 15, 7, 13, 0, 5, 19]"
5,3,"[14, 10, 1, 16, 18, 9, 11, 8, 3, 4]"
1,global_rounds,id_list
2,0,"[14, 0, 6, 18, 2, 12, 13, 3, 10, 15]"
3,1,"[13, 7, 14, 0, 18, 6, 15, 8, 5, 17]"
4,2,"[0, 5, 8, 7, 15, 16, 11, 13, 3, 4]"
5,3,"[16, 8, 5, 4, 12, 10, 17, 13, 19, 9]"
1,global_rounds,id_list
2,0,"[6, 4, 10, 0, 9, 19, 18, 1, 2, 16]"
3,1,"[16, 7, 17, 11, 9, 4, 15, 14, 8, 18]"
4,2,"[17, 6, 14, 9, 15, 2, 11, 8, 4, 0]"
5,3,"[18, 19, 8, 2, 15, 14, 10, 7, 16, 12]"
1,global_rounds,id_list
2,0,"[2, 3, 15, 5, 19, 4, 9, 0, 14, 10]"
3,1,"[2, 16, 8, 7, 0, 6, 9, 1, 5, 13]"
4,2,"[3, 18, 8, 6, 13, 1, 11, 0, 12, 9]"
5,3,"[17, 7, 19, 16, 5, 2, 6, 14, 4, 15]"
1,global_rounds,id_list
2,0,"[11, 10, 4, 8, 9, 2, 17, 1, 7, 0]"
3,1,"[16, 10, 8, 1, 15, 11, 4, 6, 19, 13]"
4,2,"[9, 1, 6, 17, 13, 10, 19, 16, 3, 14]"
5,3,"[7, 16, 3, 1, 9, 10, 15, 0, 6, 5]"
1,global_rounds,id_list
2,0,"[14, 3, 1, 9, 4, 0, 17, 18, 19, 7]"
3,1,"[12, 8, 15, 6, 14, 11, 10, 17, 3, 2]"
4,2,"[19, 4, 11, 14, 1, 13, 10, 0, 2, 18]"
5,3,"[4, 1, 13, 15, 7, 2, 16, 17, 5, 19]"
1,global_rounds,id_list
2,0,"[12, 13, 18, 4, 15, 8, 11, 7, 1, 14]"
3,1,"[15, 14, 10, 7, 17, 11, 1, 19, 6, 16]"
4,2,"[12, 7, 4, 3, 19, 9, 14, 17, 11, 15]"
5,3,"[8, 6, 11, 2, 15, 18, 10, 9, 5, 1]"
1,global_rounds,id_list
2,0,"[8, 18, 9, 13, 1, 4, 6, 11, 7, 3]"
3,1,"[11, 19, 4, 7, 3, 10, 13, 8, 12, 1]"
4,2,"[19, 8, 9, 17, 1, 13, 5, 18, 16, 4]"
5,3,"[2, 7, 17, 4, 10, 3, 8, 1, 5, 0]"
1,global_rounds,id_list
2,0,"[9, 0, 11, 12, 5, 18, 19, 13, 15, 10]"
3,1,"[14, 1, 11, 12, 15, 9, 0, 4, 19, 18]"
4,2,"[4, 14, 3, 11, 16, 13, 19, 1, 8, 17]"
5,3,"[11, 14, 16, 6, 9, 19, 8, 15, 7, 2]"
1,global_rounds,id_list
2,0,"[18, 3, 4, 14, 8, 2, 11, 5, 6, 1]"
3,1,"[9, 1, 7, 14, 3, 10, 13, 11, 15, 18]"
4,2,"[5, 9, 7, 15, 0, 2, 10, 6, 11, 12]"
5,3,"[1, 8, 4, 12, 15, 5, 9, 17, 14, 10]"
1,global_rounds,id_list
2,0,"[6, 14, 4, 3, 19, 1, 9, 17, 7, 16]"
3,1,"[10, 2, 3, 7, 18, 12, 0, 1, 4, 16]"
4,2,"[8, 16, 12, 5, 0, 6, 4, 3, 7, 1]"
5,3,"[6, 12, 1, 14, 15, 13, 8, 11, 2, 17]"
1,global_rounds,id_list
2,0,"[16, 12, 8, 19, 2, 7, 13, 1, 10, 15]"
3,1,"[2, 12, 7, 9, 6, 13, 1, 17, 18, 15]"
4,2,"[1, 2, 13, 9, 12, 7, 17, 19, 16, 11]"
5,3,"[14, 17, 1, 10, 18, 4, 9, 11, 13, 19]"
1,global_rounds,id_list
2,0,"[3, 1, 11, 9, 14, 0, 19, 15, 16, 7]"
3,1,"[5, 4, 11, 15, 9, 8, 7, 1, 17, 16]"
4,2,"[2, 11, 16, 15, 17, 8, 10, 12, 13, 14]"
5,3,"[5, 4, 19, 7, 8, 6, 2, 12, 0, 17]"
1,global_rounds,id_list
2,0,"[4, 2, 7, 19, 14, 6, 0, 13, 10, 8]"
3,1,"[2, 19, 4, 16, 13, 10, 12, 18, 8, 7]"
4,2,"[3, 0, 2, 9, 4, 18, 12, 19, 15, 11]"
5,3,"[14, 4, 13, 17, 8, 11, 9, 19, 16, 6]"
1,global_rounds,id_list
2,0,"[0, 14, 9, 3, 16, 10, 18, 11, 5, 4]"
3,1,"[1, 18, 7, 15, 19, 14, 17, 6, 8, 2]"
4,2,"[11, 3, 4, 17, 18, 0, 10, 19, 1, 2]"
5,3,"[12, 18, 8, 0, 14, 4, 7, 13, 11, 5]"
1,global_rounds,id_list
2,0,"[11, 16, 2, 13, 12, 15, 17, 4, 14, 10]"
3,1,"[5, 8, 3, 12, 9, 11, 18, 14, 2, 6]"
4,2,"[15, 1, 7, 19, 17, 9, 11, 13, 4, 0]"
5,3,"[8, 10, 7, 12, 6, 18, 9, 4, 13, 5]"
1,global_rounds,id_list
2,0,"[5, 10, 3, 15, 9, 8, 6, 2, 12, 11]"
3,1,"[7, 11, 12, 17, 19, 5, 4, 8, 1, 0]"
4,2,"[3, 7, 0, 11, 13, 16, 19, 12, 17, 1]"
5,3,"[9, 15, 5, 18, 17, 0, 6, 14, 19, 8]"
1,global_rounds,id_list
2,0,"[6, 11, 10, 17, 9, 1, 4, 2, 13, 16]"
3,1,"[3, 15, 12, 5, 19, 10, 4, 11, 14, 9]"
4,2,"[12, 18, 15, 17, 19, 9, 16, 7, 5, 1]"
5,3,"[13, 7, 17, 19, 5, 2, 18, 15, 10, 16]"
1,global_rounds,id_list
2,0,"[6, 0, 17, 16, 12, 14, 9, 18, 10, 7]"
3,1,"[1, 10, 6, 3, 9, 19, 4, 12, 11, 16]"
4,2,"[9, 15, 3, 10, 18, 19, 4, 17, 5, 8]"
5,3,"[17, 2, 7, 1, 13, 16, 12, 8, 10, 15]"
1,global_rounds,id_list
2,0,"[10, 8, 9, 13, 4, 6, 11, 3, 16, 1]"
3,1,"[11, 17, 9, 13, 8, 19, 10, 15, 7, 1]"
4,2,"[9, 16, 0, 5, 7, 15, 14, 11, 2, 18]"
5,3,"[10, 11, 6, 19, 12, 16, 3, 9, 2, 0]"
1,global_rounds,id_list
2,0,"[1, 18, 19, 10, 5, 12, 0, 14, 11, 4]"
3,1,"[7, 14, 6, 18, 13, 0, 3, 19, 15, 2]"
4,2,"[10, 13, 4, 2, 8, 17, 19, 15, 1, 14]"
5,3,"[2, 14, 10, 15, 1, 11, 17, 16, 4, 3]"
1,global_rounds,id_list
2,0,"[18, 14, 13, 11, 16, 7, 5, 17, 6, 12]"
3,1,"[5, 17, 4, 14, 9, 19, 18, 3, 10, 12]"
4,2,"[14, 18, 19, 3, 6, 17, 8, 5, 4, 1]"
5,3,"[13, 8, 11, 17, 12, 10, 9, 6, 2, 16]"
1,global_rounds,id_list
2,0,"[7, 2, 12, 1, 17, 0, 6, 18, 3, 5]"
3,1,"[0, 2, 5, 16, 3, 8, 12, 18, 9, 17]"
4,2,"[18, 11, 13, 6, 1, 9, 14, 19, 5, 4]"
5,3,"[10, 12, 4, 5, 17, 13, 14, 1, 15, 3]"
1,global_rounds,id_list
2,0,"[14, 16, 8, 13, 5, 2, 7, 15, 1, 6]"
3,1,"[0, 18, 1, 16, 9, 12, 5, 2, 15, 19]"
4,2,"[13, 3, 9, 4, 5, 6, 7, 2, 15, 11]"
5,3,"[11, 9, 0, 15, 12, 3, 16, 8, 19, 7]"
1,global_rounds,id_list
2,0,"[10, 7, 9, 18, 11, 5, 15, 16, 3, 1]"
3,1,"[12, 1, 9, 8, 7, 3, 4, 17, 10, 6]"
4,2,"[10, 11, 5, 0, 13, 1, 17, 6, 2, 9]"
5,3,"[15, 0, 18, 9, 4, 17, 8, 10, 5, 12]"
1,global_rounds,id_list
2,0,"[13, 14, 17, 2, 16, 19, 7, 1, 9, 15]"
3,1,"[7, 9, 10, 11, 16, 17, 13, 15, 18, 0]"
4,2,"[16, 6, 13, 14, 0, 10, 9, 3, 18, 4]"
5,3,"[0, 7, 1, 9, 18, 14, 3, 19, 17, 10]"
1,global_rounds,id_list
2,0,"[10, 8, 1, 9, 18, 19, 17, 5, 14, 3]"
3,1,"[6, 12, 11, 14, 19, 2, 18, 3, 16, 10]"
4,2,"[18, 8, 19, 5, 16, 4, 2, 14, 1, 13]"
5,3,"[5, 19, 14, 2, 4, 9, 18, 0, 7, 10]"
1,global_rounds,id_list
2,0,"[5, 16, 13, 17, 8, 15, 14, 1, 18, 7]"
3,1,"[14, 19, 6, 4, 0, 8, 18, 7, 13, 10]"
4,2,"[16, 14, 10, 15, 4, 7, 12, 9, 6, 18]"
5,3,"[14, 15, 0, 6, 11, 16, 3, 2, 8, 4]"
1,global_rounds,id_list
2,0,"[2, 4, 18, 15, 9, 12, 0, 10, 6, 13]"
3,1,"[7, 8, 5, 10, 6, 17, 1, 16, 9, 11]"
4,2,"[8, 14, 6, 3, 10, 1, 2, 19, 15, 11]"
5,3,"[4, 2, 18, 16, 7, 6, 12, 10, 17, 19]"
1,global_rounds,id_list
2,0,"[5, 1, 4, 17, 8, 9, 0, 7, 6, 16]"
3,1,"[4, 8, 12, 14, 10, 16, 15, 19, 18, 1]"
4,2,"[10, 7, 4, 18, 12, 0, 16, 17, 3, 14]"
5,3,"[17, 16, 18, 13, 7, 6, 10, 15, 8, 4]"
1,global_rounds,id_list
2,0,"[15, 6, 7, 12, 9, 16, 3, 18, 0, 19]"
3,1,"[18, 9, 17, 3, 2, 6, 16, 0, 12, 19]"
4,2,"[12, 7, 6, 3, 8, 0, 19, 11, 15, 9]"
5,3,"[2, 3, 1, 11, 10, 19, 6, 0, 17, 18]"
1,global_rounds,id_list
2,0,"[18, 9, 4, 8, 14, 7, 13, 2, 5, 6]"
3,1,"[1, 14, 16, 8, 6, 17, 13, 11, 12, 5]"
4,2,"[8, 5, 19, 1, 0, 2, 18, 11, 3, 15]"
5,3,"[9, 6, 10, 15, 11, 16, 1, 14, 19, 13]"
6,4,"[17, 19, 14, 4, 7, 8, 12, 15, 0, 2]"
7,5,"[3, 9, 2, 10, 1, 17, 6, 11, 5, 14]"
8,6,"[19, 4, 9, 10, 8, 2, 6, 15, 11, 14]"
9,7,"[12, 4, 16, 2, 1, 3, 18, 0, 19, 8]"
10,8,"[6, 5, 17, 8, 3, 1, 10, 7, 9, 13]"
11,9,"[3, 12, 19, 15, 7, 9, 13, 4, 14, 0]"
12,10,"[15, 11, 1, 4, 13, 2, 8, 16, 3, 0]"
13,11,"[17, 11, 16, 8, 9, 15, 1, 5, 14, 2]"
14,12,"[5, 14, 8, 19, 4, 10, 6, 1, 2, 12]"
15,13,"[1, 11, 18, 12, 13, 0, 17, 6, 15, 5]"
16,14,"[0, 10, 1, 12, 7, 11, 15, 14, 9, 16]"
17,15,"[8, 4, 3, 6, 16, 9, 14, 2, 1, 17]"
18,16,"[17, 3, 19, 18, 15, 14, 10, 9, 7, 0]"
19,17,"[10, 7, 4, 0, 18, 14, 15, 5, 12, 3]"
20,18,"[18, 5, 15, 4, 2, 10, 6, 17, 7, 1]"
21,19,"[11, 3, 12, 18, 10, 16, 13, 4, 9, 2]"
22,20,"[2, 0, 13, 12, 16, 19, 1, 10, 6, 5]"
23,21,"[15, 6, 7, 19, 17, 18, 1, 16, 10, 2]"
24,22,"[8, 12, 18, 5, 4, 14, 16, 11, 3, 0]"
25,23,"[0, 13, 15, 10, 3, 5, 19, 12, 11, 17]"
26,24,"[17, 10, 13, 11, 12, 0, 5, 6, 16, 7]"
27,25,"[8, 13, 6, 10, 15, 9, 17, 2, 19, 3]"
28,26,"[17, 2, 14, 5, 16, 6, 4, 18, 7, 12]"
29,27,"[12, 2, 16, 18, 0, 15, 19, 4, 6, 10]"
30,28,"[14, 1, 4, 15, 13, 9, 17, 16, 19, 10]"
31,29,"[16, 11, 9, 17, 7, 10, 2, 18, 6, 1]"
32,30,"[5, 18, 13, 0, 1, 10, 8, 7, 14, 3]"
33,31,"[1, 19, 13, 5, 16, 6, 12, 11, 0, 17]"
34,32,"[15, 4, 6, 5, 18, 8, 3, 19, 10, 0]"
35,33,"[0, 17, 14, 9, 7, 1, 5, 12, 13, 15]"
36,34,"[8, 1, 14, 13, 0, 2, 9, 16, 17, 12]"
37,35,"[11, 13, 1, 9, 2, 12, 14, 6, 10, 8]"
38,36,"[7, 15, 18, 2, 0, 17, 4, 1, 19, 5]"
39,37,"[9, 2, 10, 8, 0, 13, 19, 12, 7, 3]"
40,38,"[6, 10, 18, 13, 16, 0, 12, 2, 5, 3]"
41,39,"[8, 9, 11, 10, 17, 4, 0, 1, 6, 14]"
42,40,"[9, 11, 8, 1, 17, 5, 13, 3, 0, 14]"
43,41,"[6, 7, 14, 11, 13, 4, 12, 8, 9, 19]"
44,42,"[15, 18, 12, 7, 17, 11, 10, 16, 0, 8]"
45,43,"[0, 11, 6, 12, 2, 1, 17, 16, 19, 8]"
46,44,"[4, 9, 3, 14, 1, 16, 13, 18, 7, 17]"
47,45,"[13, 11, 18, 8, 3, 10, 5, 7, 19, 17]"
48,46,"[7, 9, 14, 1, 8, 10, 2, 16, 17, 13]"
49,47,"[14, 12, 0, 16, 8, 6, 19, 5, 11, 17]"
50,48,"[1, 15, 9, 0, 16, 6, 5, 18, 14, 17]"
51,49,"[4, 18, 6, 1, 9, 0, 8, 16, 14, 3]"
52,50,"[0, 13, 17, 12, 19, 16, 11, 10, 18, 2]"
53,51,"[1, 2, 7, 3, 6, 12, 15, 19, 17, 13]"
54,52,"[4, 0, 15, 13, 5, 18, 16, 19, 11, 3]"
55,53,"[14, 3, 12, 7, 0, 8, 5, 6, 11, 1]"
56,54,"[10, 16, 17, 7, 5, 1, 8, 9, 15, 12]"
57,55,"[9, 0, 12, 16, 10, 8, 5, 14, 19, 13]"
58,56,"[16, 17, 3, 12, 0, 14, 5, 7, 2, 6]"
59,57,"[1, 18, 12, 7, 5, 11, 15, 10, 13, 6]"
60,58,"[4, 1, 7, 3, 8, 19, 18, 15, 9, 0]"
61,59,"[18, 11, 5, 7, 3, 1, 15, 4, 17, 10]"
62,60,"[15, 10, 1, 11, 7, 19, 0, 17, 3, 6]"
63,61,"[7, 18, 5, 17, 10, 0, 12, 4, 15, 19]"
64,62,"[9, 7, 15, 5, 10, 18, 14, 0, 3, 19]"
65,63,"[10, 0, 7, 3, 16, 14, 11, 19, 18, 9]"
66,64,"[4, 7, 10, 11, 2, 14, 18, 9, 1, 19]"
67,65,"[5, 9, 0, 8, 10, 4, 14, 16, 6, 1]"
68,66,"[9, 18, 12, 13, 11, 15, 19, 3, 7, 2]"
69,67,"[17, 14, 0, 12, 1, 13, 6, 10, 19, 18]"
70,68,"[18, 9, 14, 11, 10, 6, 12, 3, 7, 8]"
71,69,"[9, 4, 19, 11, 15, 1, 5, 18, 6, 10]"
72,70,"[13, 12, 6, 9, 10, 16, 4, 0, 7, 1]"
73,71,"[13, 7, 17, 19, 6, 0, 18, 8, 12, 15]"
74,72,"[2, 1, 18, 12, 11, 17, 6, 9, 5, 0]"
75,73,"[8, 9, 19, 14, 7, 18, 0, 2, 12, 4]"
76,74,"[0, 13, 14, 19, 1, 6, 9, 7, 8, 18]"
77,75,"[12, 15, 5, 14, 13, 1, 19, 2, 0, 9]"
78,76,"[13, 8, 7, 0, 3, 6, 1, 10, 11, 4]"
79,77,"[6, 8, 18, 10, 4, 1, 9, 2, 15, 14]"
80,78,"[19, 2, 8, 13, 6, 16, 12, 5, 14, 0]"
81,79,"[7, 0, 10, 12, 4, 5, 15, 3, 19, 17]"
82,80,"[15, 17, 12, 0, 5, 6, 11, 14, 10, 2]"
83,81,"[8, 13, 14, 3, 12, 17, 7, 4, 19, 9]"
84,82,"[12, 11, 13, 15, 16, 7, 3, 19, 5, 14]"
85,83,"[13, 18, 10, 7, 2, 1, 4, 14, 17, 19]"
86,84,"[12, 19, 14, 10, 7, 6, 2, 1, 18, 11]"
87,85,"[14, 0, 8, 12, 10, 4, 9, 15, 6, 18]"
88,86,"[3, 14, 18, 9, 0, 13, 16, 12, 2, 4]"
89,87,"[4, 14, 15, 9, 18, 12, 3, 5, 10, 16]"
90,88,"[4, 8, 3, 7, 18, 19, 10, 1, 2, 12]"
91,89,"[3, 1, 7, 16, 17, 6, 4, 9, 0, 5]"
92,90,"[3, 13, 11, 14, 16, 9, 4, 12, 2, 17]"
93,91,"[19, 0, 11, 8, 16, 3, 9, 6, 12, 14]"
94,92,"[18, 13, 15, 3, 6, 5, 10, 8, 9, 14]"
95,93,"[17, 13, 10, 3, 7, 1, 5, 19, 6, 15]"
96,94,"[15, 1, 6, 9, 16, 13, 0, 17, 3, 19]"
97,95,"[3, 12, 1, 13, 17, 11, 19, 9, 16, 14]"
98,96,"[19, 4, 12, 18, 2, 10, 6, 3, 16, 1]"
99,97,"[3, 1, 11, 15, 17, 13, 4, 9, 16, 0]"
100,98,"[18, 14, 1, 15, 16, 6, 11, 17, 8, 13]"
101,99,"[15, 9, 10, 8, 5, 17, 13, 0, 19, 12]"
102,100,"[12, 14, 16, 10, 4, 7, 2, 6, 9, 3]"
1,global_rounds,id_list
2,0,"[12, 17, 7, 5, 9, 13, 4, 10, 11, 2]"
3,1,"[10, 18, 15, 11, 2, 9, 5, 4, 6, 19]"
1,global_rounds,id_list
2,0,"[11, 19, 3, 6, 12, 10, 5, 1, 14, 16]"
3,1,"[0, 15, 16, 18, 9, 1, 14, 6, 7, 5]"
1,global_rounds,id_list
2,0,"[7, 14, 8, 0, 1, 6, 4, 9, 10, 13]"
3,1,"[6, 9, 17, 13, 4, 0, 8, 3, 1, 18]"
1,global_rounds,id_list
2,0,"[7, 12, 1, 9, 17, 3, 14, 16, 15, 2]"
3,1,"[10, 18, 6, 16, 11, 3, 0, 13, 1, 14]"
4,2,"[19, 13, 4, 14, 10, 9, 11, 18, 2, 0]"
1,global_rounds,id_list
2,0,"[9, 13, 11, 10, 1, 15, 3, 18, 5, 19]"
3,1,"[8, 1, 16, 15, 17, 3, 11, 4, 0, 9]"
4,2,"[13, 10, 11, 17, 3, 14, 4, 15, 6, 18]"
1,global_rounds,id_list
2,0,"[1, 2, 3, 6, 7, 8, 10, 14, 17, 19]"
3,1,"[0, 1, 2, 3, 6, 8, 9, 11, 12, 13]"
4,2,"[1, 2, 3, 4, 8, 10, 12, 13, 16, 19]"
5,3,"[1, 2, 4, 7, 10, 11, 12, 13, 15, 19]"
6,4,"[0, 2, 4, 6, 9, 12, 15, 17, 18, 19]"
7,5,"[0, 1, 5, 7, 9, 10, 11, 14, 15, 17]"
8,6,"[0, 3, 4, 6, 10, 13, 14, 17, 18, 19]"
9,7,"[0, 2, 4, 9, 10, 11, 13, 15, 17, 18]"
10,8,"[3, 4, 7, 8, 9, 10, 13, 15, 17, 19]"
11,9,"[1, 3, 4, 6, 9, 11, 14, 15, 18, 19]"
12,10,"[0, 1, 3, 4, 6, 7, 13, 14, 15, 18]"
13,11,"[0, 1, 2, 3, 6, 7, 11, 14, 16, 19]"
14,12,"[0, 1, 5, 6, 8, 11, 13, 15, 18, 19]"
15,13,"[0, 2, 3, 8, 9, 10, 11, 14, 16, 18]"
16,14,"[0, 1, 2, 3, 6, 7, 10, 11, 12, 14]"
17,15,"[0, 2, 4, 7, 9, 10, 12, 13, 14, 17]"
18,16,"[2, 3, 4, 5, 6, 7, 12, 14, 18, 19]"
19,17,"[0, 2, 9, 10, 12, 13, 14, 17, 18, 19]"
20,18,"[0, 1, 2, 5, 6, 10, 12, 13, 16, 18]"
21,19,"[0, 2, 4, 6, 11, 12, 13, 16, 17, 18]"
22,20,"[1, 3, 4, 5, 8, 9, 11, 13, 14, 18]"
23,21,"[0, 5, 6, 12, 13, 15, 16, 17, 18, 19]"
24,22,"[0, 2, 8, 9, 10, 11, 14, 17, 18, 19]"
25,23,"[0, 2, 5, 8, 9, 11, 12, 16, 17, 19]"
26,24,"[2, 3, 4, 7, 8, 10, 12, 13, 14, 18]"
27,25,"[1, 2, 3, 5, 7, 9, 10, 13, 18, 19]"
28,26,"[0, 2, 3, 5, 6, 9, 10, 13, 16, 19]"
29,27,"[3, 6, 8, 9, 12, 13, 14, 15, 17, 19]"
30,28,"[0, 1, 3, 6, 7, 8, 12, 17, 18, 19]"
31,29,"[3, 4, 5, 7, 9, 11, 12, 13, 14, 15]"
32,30,"[2, 3, 5, 7, 8, 10, 16, 17, 18, 19]"
33,31,"[4, 6, 7, 8, 10, 11, 14, 15, 16, 18]"
34,32,"[0, 3, 4, 6, 8, 9, 10, 11, 13, 18]"
35,33,"[0, 1, 3, 4, 5, 8, 9, 11, 15, 19]"
36,34,"[0, 2, 4, 5, 6, 14, 15, 16, 17, 18]"
37,35,"[0, 4, 7, 8, 9, 10, 11, 14, 18, 19]"
38,36,"[0, 1, 3, 5, 7, 11, 15, 17, 18, 19]"
39,37,"[0, 2, 3, 4, 5, 6, 8, 16, 18, 19]"
40,38,"[0, 5, 8, 9, 10, 11, 12, 14, 15, 17]"
41,39,"[0, 3, 5, 7, 9, 13, 15, 16, 17, 18]"
42,40,"[0, 1, 6, 7, 8, 10, 11, 14, 18, 19]"
43,41,"[0, 4, 5, 6, 7, 11, 12, 16, 17, 18]"
44,42,"[0, 4, 5, 7, 10, 13, 15, 16, 17, 19]"
45,43,"[1, 4, 5, 7, 8, 12, 13, 14, 16, 18]"
46,44,"[1, 2, 3, 4, 6, 9, 13, 14, 17, 18]"
47,45,"[1, 3, 6, 10, 13, 14, 15, 16, 17, 18]"
48,46,"[0, 1, 4, 5, 7, 11, 12, 13, 14, 19]"
49,47,"[0, 3, 4, 6, 10, 11, 13, 15, 18, 19]"
50,48,"[2, 6, 7, 8, 9, 10, 11, 14, 16, 19]"
51,49,"[0, 2, 3, 5, 8, 10, 13, 16, 17, 18]"
52,50,"[0, 1, 2, 4, 5, 6, 7, 12, 16, 19]"
1,global_rounds,id_list
2,0,"[7, 16, 9, 13, 1, 11, 15, 14, 18, 6]"
3,1,"[8, 14, 15, 3, 7, 16, 13, 11, 19, 9]"
4,2,"[7, 0, 8, 2, 3, 16, 18, 5, 1, 11]"
5,3,"[1, 11, 16, 12, 7, 3, 4, 14, 13, 5]"
6,4,"[19, 4, 10, 12, 11, 17, 9, 18, 3, 0]"
7,5,"[12, 2, 5, 11, 17, 0, 7, 13, 4, 16]"
8,6,"[8, 5, 13, 9, 17, 3, 7, 0, 14, 15]"
9,7,"[9, 1, 17, 12, 8, 5, 11, 2, 16, 4]"
10,8,"[17, 5, 15, 11, 3, 19, 1, 9, 4, 7]"
11,9,"[13, 2, 18, 1, 4, 9, 7, 10, 14, 16]"
12,10,"[4, 12, 2, 15, 16, 19, 11, 8, 3, 9]"
13,11,"[0, 13, 15, 2, 19, 8, 4, 6, 1, 14]"
14,12,"[1, 8, 4, 3, 7, 19, 13, 17, 15, 0]"
15,13,"[18, 19, 8, 2, 6, 11, 15, 1, 3, 4]"
16,14,"[12, 11, 5, 19, 3, 4, 9, 1, 2, 13]"
17,15,"[8, 6, 9, 18, 13, 12, 3, 10, 1, 4]"
18,16,"[8, 1, 6, 17, 11, 4, 9, 0, 3, 15]"
19,17,"[4, 17, 12, 6, 19, 7, 15, 11, 10, 13]"
20,18,"[19, 7, 8, 5, 17, 13, 18, 10, 9, 12]"
21,19,"[19, 10, 11, 3, 13, 4, 9, 5, 1, 6]"
22,20,"[13, 0, 18, 16, 2, 14, 4, 8, 6, 11]"
23,21,"[16, 7, 1, 5, 13, 10, 9, 2, 18, 11]"
24,22,"[18, 1, 17, 10, 19, 3, 5, 13, 12, 14]"
25,23,"[2, 19, 14, 13, 11, 17, 1, 16, 3, 8]"
26,24,"[1, 13, 4, 0, 19, 9, 10, 3, 8, 5]"
27,25,"[19, 8, 0, 18, 9, 16, 13, 3, 2, 1]"
28,26,"[8, 5, 1, 3, 0, 18, 12, 16, 19, 17]"
29,27,"[6, 17, 12, 14, 10, 2, 13, 8, 19, 7]"
30,28,"[16, 7, 5, 11, 9, 19, 6, 3, 14, 1]"
31,29,"[2, 1, 16, 14, 0, 9, 8, 13, 15, 11]"
32,30,"[3, 15, 12, 7, 13, 9, 2, 18, 17, 1]"
33,31,"[9, 6, 3, 14, 12, 7, 11, 18, 19, 13]"
34,32,"[8, 6, 3, 12, 1, 11, 10, 5, 13, 15]"
35,33,"[16, 2, 5, 18, 10, 9, 3, 0, 14, 8]"
36,34,"[12, 16, 15, 2, 14, 3, 9, 11, 13, 1]"
37,35,"[7, 11, 6, 15, 14, 5, 1, 4, 13, 0]"
38,36,"[11, 14, 6, 3, 7, 17, 19, 0, 8, 10]"
39,37,"[17, 1, 3, 15, 9, 5, 2, 0, 10, 12]"
40,38,"[0, 6, 9, 13, 5, 11, 4, 1, 12, 2]"
41,39,"[19, 10, 5, 3, 0, 7, 14, 6, 16, 2]"
42,40,"[13, 11, 17, 9, 8, 6, 1, 7, 18, 0]"
43,41,"[18, 12, 6, 16, 17, 3, 8, 9, 14, 5]"
44,42,"[3, 2, 7, 18, 16, 1, 0, 11, 4, 9]"
45,43,"[10, 4, 17, 11, 3, 5, 9, 14, 1, 19]"
46,44,"[6, 12, 9, 15, 14, 10, 8, 3, 7, 13]"
47,45,"[2, 15, 8, 10, 12, 0, 9, 1, 16, 18]"
48,46,"[1, 11, 12, 9, 10, 15, 6, 18, 3, 14]"
49,47,"[5, 8, 9, 15, 16, 18, 3, 4, 7, 14]"
50,48,"[12, 19, 7, 11, 14, 0, 17, 9, 13, 15]"
51,49,"[5, 15, 12, 14, 1, 3, 16, 13, 19, 4]"
52,50,"[14, 3, 11, 13, 7, 19, 0, 4, 15, 12]"
1,global_rounds,id_list
2,0,"[0, 1, 2, 4, 6, 9, 10, 11, 16, 18]"
3,1,"[0, 1, 2, 3, 6, 8, 9, 11, 12, 13]"
4,2,"[1, 2, 3, 4, 8, 10, 12, 13, 16, 19]"
5,3,"[1, 2, 4, 7, 10, 11, 12, 13, 15, 19]"
6,4,"[0, 2, 4, 6, 9, 12, 15, 17, 18, 19]"
7,5,"[0, 1, 5, 7, 9, 10, 11, 14, 15, 17]"
8,6,"[0, 3, 4, 6, 10, 13, 14, 17, 18, 19]"
9,7,"[0, 2, 4, 9, 10, 11, 13, 15, 17, 18]"
10,8,"[3, 4, 7, 8, 9, 10, 13, 15, 17, 19]"
11,9,"[1, 3, 4, 6, 9, 11, 14, 15, 18, 19]"
12,10,"[0, 1, 3, 4, 6, 7, 13, 14, 15, 18]"
13,11,"[0, 1, 2, 3, 6, 7, 11, 14, 16, 19]"
14,12,"[0, 1, 5, 6, 8, 11, 13, 15, 18, 19]"
15,13,"[0, 2, 3, 8, 9, 10, 11, 14, 16, 18]"
16,14,"[0, 1, 2, 3, 6, 7, 10, 11, 12, 14]"
17,15,"[0, 2, 4, 7, 9, 10, 12, 13, 14, 17]"
18,16,"[2, 3, 4, 5, 6, 7, 12, 14, 18, 19]"
19,17,"[0, 2, 9, 10, 12, 13, 14, 17, 18, 19]"
20,18,"[0, 1, 2, 5, 6, 10, 12, 13, 16, 18]"
21,19,"[0, 2, 4, 6, 11, 12, 13, 16, 17, 18]"
22,20,"[1, 3, 4, 5, 8, 9, 11, 13, 14, 18]"
23,21,"[0, 5, 6, 12, 13, 15, 16, 17, 18, 19]"
24,22,"[0, 2, 8, 9, 10, 11, 14, 17, 18, 19]"
25,23,"[0, 2, 5, 8, 9, 11, 12, 16, 17, 19]"
26,24,"[2, 3, 4, 7, 8, 10, 12, 13, 14, 18]"
27,25,"[1, 2, 3, 5, 7, 9, 10, 13, 18, 19]"
28,26,"[0, 2, 3, 5, 6, 9, 10, 13, 16, 19]"
29,27,"[3, 6, 8, 9, 12, 13, 14, 15, 17, 19]"
30,28,"[0, 1, 3, 6, 7, 8, 12, 17, 18, 19]"
31,29,"[3, 4, 5, 7, 9, 11, 12, 13, 14, 15]"
32,30,"[2, 3, 5, 7, 8, 10, 16, 17, 18, 19]"
33,31,"[4, 6, 7, 8, 10, 11, 14, 15, 16, 18]"
34,32,"[0, 3, 4, 6, 8, 9, 10, 11, 13, 18]"
35,33,"[0, 1, 3, 4, 5, 8, 9, 11, 15, 19]"
36,34,"[0, 2, 4, 5, 6, 14, 15, 16, 17, 18]"
37,35,"[0, 4, 7, 8, 9, 10, 11, 14, 18, 19]"
38,36,"[0, 1, 3, 5, 7, 11, 15, 17, 18, 19]"
39,37,"[0, 2, 3, 4, 5, 6, 8, 16, 18, 19]"
40,38,"[0, 5, 8, 9, 10, 11, 12, 14, 15, 17]"
41,39,"[0, 3, 5, 7, 9, 13, 15, 16, 17, 18]"
42,40,"[0, 1, 6, 7, 8, 10, 11, 14, 18, 19]"
43,41,"[0, 4, 5, 6, 7, 11, 12, 16, 17, 18]"
44,42,"[0, 4, 5, 7, 10, 13, 15, 16, 17, 19]"
45,43,"[1, 4, 5, 7, 8, 12, 13, 14, 16, 18]"
46,44,"[1, 2, 3, 4, 6, 9, 13, 14, 17, 18]"
47,45,"[1, 3, 6, 10, 13, 14, 15, 16, 17, 18]"
48,46,"[0, 1, 4, 5, 7, 11, 12, 13, 14, 19]"
49,47,"[0, 3, 4, 6, 10, 11, 13, 15, 18, 19]"
50,48,"[2, 6, 7, 8, 9, 10, 11, 14, 16, 19]"
51,49,"[0, 2, 3, 5, 8, 10, 13, 16, 17, 18]"
52,50,"[0, 1, 2, 4, 5, 6, 7, 12, 16, 19]"
1,global_rounds,id_list
2,0,"[18, 19, 4, 7, 0, 16, 1, 8, 5, 10]"
3,1,"[9, 12, 15, 1, 14, 4, 10, 16, 11, 3]"
4,2,"[10, 15, 3, 4, 6, 2, 11, 16, 18, 7]"
5,3,"[19, 12, 9, 16, 8, 15, 5, 6, 3, 10]"
6,4,"[11, 1, 19, 4, 6, 8, 9, 2, 0, 12]"
7,5,"[9, 10, 3, 17, 7, 8, 5, 0, 13, 15]"
8,6,"[8, 9, 3, 0, 13, 16, 4, 10, 19, 2]"
9,7,"[5, 1, 0, 18, 19, 13, 4, 10, 3, 12]"
10,8,"[6, 7, 15, 16, 11, 2, 13, 0, 10, 8]"
11,9,"[14, 3, 18, 13, 4, 8, 16, 6, 10, 7]"
12,10,"[14, 0, 1, 6, 18, 3, 4, 9, 17, 13]"
13,11,"[0, 14, 3, 9, 16, 11, 17, 5, 12, 2]"
14,12,"[17, 18, 6, 1, 10, 12, 3, 15, 13, 5]"
15,13,"[0, 4, 16, 7, 8, 1, 5, 14, 10, 19]"
16,14,"[5, 11, 0, 7, 8, 1, 10, 17, 15, 4]"
17,15,"[9, 14, 15, 17, 6, 3, 4, 1, 19, 7]"
18,16,"[10, 17, 11, 15, 6, 0, 9, 14, 13, 4]"
19,17,"[0, 8, 14, 13, 15, 4, 1, 11, 18, 16]"
20,18,"[5, 14, 10, 18, 7, 11, 6, 17, 12, 2]"
21,19,"[8, 9, 11, 19, 2, 18, 6, 17, 12, 5]"
22,20,"[16, 10, 5, 7, 17, 19, 13, 11, 14, 15]"
23,21,"[4, 1, 7, 6, 2, 13, 8, 14, 3, 16]"
24,22,"[12, 5, 6, 1, 10, 9, 15, 14, 2, 17]"
25,23,"[13, 1, 2, 5, 0, 12, 3, 14, 4, 19]"
26,24,"[13, 0, 2, 15, 16, 4, 7, 19, 8, 14]"
27,25,"[14, 6, 8, 5, 11, 18, 0, 10, 13, 2]"
28,26,"[5, 11, 19, 18, 13, 4, 10, 17, 2, 3]"
29,27,"[16, 9, 7, 18, 3, 11, 19, 14, 15, 13]"
30,28,"[8, 14, 18, 12, 9, 4, 2, 3, 19, 5]"
31,29,"[1, 12, 7, 9, 6, 10, 0, 8, 14, 11]"
32,30,"[10, 18, 7, 14, 16, 11, 5, 3, 2, 17]"
33,31,"[15, 11, 17, 12, 10, 0, 19, 6, 14, 13]"
34,32,"[19, 15, 5, 6, 14, 4, 10, 17, 7, 13]"
35,33,"[7, 3, 9, 15, 19, 6, 13, 12, 11, 2]"
36,34,"[1, 6, 13, 4, 9, 5, 10, 19, 17, 18]"
37,35,"[13, 7, 11, 15, 6, 2, 1, 18, 14, 0]"
38,36,"[10, 0, 19, 15, 4, 7, 16, 18, 13, 9]"
39,37,"[7, 10, 9, 14, 8, 6, 17, 11, 4, 1]"
40,38,"[16, 14, 5, 10, 17, 1, 3, 7, 6, 13]"
41,39,"[3, 4, 17, 19, 10, 2, 1, 5, 14, 9]"
42,40,"[14, 4, 11, 13, 8, 3, 1, 2, 7, 16]"
43,41,"[14, 12, 6, 1, 18, 17, 7, 10, 16, 11]"
44,42,"[6, 4, 13, 8, 10, 14, 15, 11, 2, 16]"
45,43,"[6, 0, 11, 16, 2, 13, 19, 14, 3, 7]"
46,44,"[6, 14, 1, 19, 17, 5, 12, 7, 13, 10]"
47,45,"[14, 1, 10, 3, 15, 0, 5, 13, 6, 2]"
48,46,"[18, 2, 7, 10, 0, 6, 1, 16, 17, 14]"
49,47,"[19, 1, 4, 16, 9, 14, 8, 3, 10, 12]"
50,48,"[12, 13, 17, 8, 11, 10, 6, 18, 0, 7]"
51,49,"[4, 13, 14, 11, 7, 5, 8, 12, 17, 1]"
52,50,"[13, 16, 19, 15, 8, 17, 11, 14, 10, 7]"
1,global_rounds,id_list
2,1,"tensor([[5, 1, 2, 3, 4, 0, 6, 7, 8, 9]])"
3,2,"tensor([[19, 16, 11, 15,  4,  5,  6,  7,  8,  9]])"
1,global_rounds,id_list
2,1,"tensor([[5, 1, 2, 3, 4, 0, 6, 7, 8, 9]])"
3,2,"tensor([[19, 16, 11, 15,  4,  5,  6,  7,  8,  9]])"
1,global_rounds,id_list
2,1,"tensor([[5, 1, 2, 3, 4, 0, 6, 7, 8, 9]])"
3,2,"tensor([[19, 16, 11, 15,  4,  5,  6,  7,  8,  9]])"
4,1,"tensor([[15,  9,  2,  3,  4,  5,  6,  7,  8,  1]])"
5,2,"tensor([[15,  9,  2,  3,  4,  5,  6,  7,  8,  1]])"
1,global_rounds,id_list
2,1,"tensor([[5, 1, 2, 3, 4, 0, 6, 7, 8, 9]])"
3,2,"tensor([[19, 16, 11, 15,  4,  5,  6,  7,  8,  9]])"
1,global_rounds,id_list
2,1,"tensor([[5, 1, 2, 3, 4, 0, 6, 7, 8, 9]])"
3,2,"tensor([[19, 16, 11, 15,  4,  5,  6,  7,  8,  9]])"
4,1,"tensor([[15,  9,  2,  3,  4,  5,  6,  7,  8,  1]])"
5,2,"tensor([[15,  9,  2,  3,  4,  5,  6,  7,  8,  1]])"
1,global_rounds,id_list
2,1,"tensor([[5, 1, 2, 3, 4, 0, 6, 7, 8, 9]])"
3,2,"tensor([[19, 16, 11, 15,  4,  5,  6,  7,  8,  9]])"
1,global_rounds,id_list
2,1,"tensor([[5, 1, 2, 3, 4, 0, 6, 7, 8, 9]])"
3,2,"tensor([[19, 16, 11, 15,  4,  5,  6,  7,  8,  9]])"
4,1,"tensor([[15,  9,  2,  3,  4,  5,  6,  7,  8,  1]])"
5,2,"tensor([[15,  9,  2,  3,  4,  5,  6,  7,  8,  1]])"
1,global_rounds,id_list
2,1,"tensor([[5, 1, 2, 3, 4, 0, 6, 7, 8, 9]])"
3,2,"tensor([[19, 16, 11, 15,  4,  5,  6,  7,  8,  9]])"
1,global_rounds,id_list
2,1,"tensor([[5, 1, 2, 3, 4, 0, 6, 7, 8, 9]])"
3,2,"tensor([[19, 16, 11, 15,  4,  5,  6,  7,  8,  9]])"
1,global_rounds,id_list
2,1,"tensor([[5, 1, 2, 3, 4, 0, 6, 7, 8, 9]])"
3,2,"tensor([[19, 16, 11, 15,  4,  5,  6,  7,  8,  9]])"
4,1,"tensor([[15,  9,  2,  3,  4,  5,  6,  7,  8,  1]])"
5,2,"tensor([[15,  9,  2,  3,  4,  5,  6,  7,  8,  1]])"
1,global_rounds,id_list
2,1,"tensor([[5, 1, 2, 3, 4, 0, 6, 7, 8, 9]])"
3,2,"tensor([[19, 16, 11, 15,  4,  5,  6,  7,  8,  9]])"
4,1,"tensor([[15,  9,  2,  3,  4,  5,  6,  7,  8,  1]])"
5,2,"tensor([[15,  9,  2,  3,  4,  5,  6,  7,  8,  1]])"
1,global_rounds,id_list
2,1,"tensor([[5, 1, 2, 3, 4, 0, 6, 7, 8, 9]])"
3,2,"tensor([[19, 16, 11, 15,  4,  5,  6,  7,  8,  9]])"
1,global_rounds,id_list
2,1,"tensor([[5, 1, 2, 3, 4, 0, 6, 7, 8, 9]])"
3,2,"tensor([[19, 16, 11, 15,  4,  5,  6,  7,  8,  9]])"
4,1,"tensor([[15,  9,  2,  3,  4,  5,  6,  7,  8,  1]])"
5,2,"tensor([[15,  9,  2,  3,  4,  5,  6,  7,  8,  1]])"
1,global_rounds,id_list
2,1,"tensor([[5, 1, 2, 3, 4, 0, 6, 7, 8, 9]])"
3,2,"tensor([[19, 16, 11, 15,  4,  5,  6,  7,  8,  9]])"
1,global_rounds,id_list
2,1,"tensor([[5, 1, 2, 3, 4, 0, 6, 7, 8, 9]])"
3,2,"tensor([[19, 16, 11, 15,  4,  5,  6,  7,  8,  9]])"
1,global_rounds,id_list
2,1,"tensor([[5, 1, 2, 3, 4, 0, 6, 7, 8, 9]])"
3,2,"tensor([[19, 16, 11, 15,  4,  5,  6,  7,  8,  9]])"
4,1,"tensor([[15,  9,  2,  3,  4,  5,  6,  7,  8,  1]])"
5,2,"tensor([[15,  9,  2,  3,  4,  5,  6,  7,  8,  1]])"
1,global_rounds,id_list
2,1,"tensor([[5, 1, 2, 3, 4, 0, 6, 7, 8, 9]])"
3,2,"tensor([[19, 16, 11, 15,  4,  5,  6,  7,  8,  9]])"
4,1,"tensor([[15,  9,  2,  3,  4,  5,  6,  7,  8,  1]])"
5,2,"tensor([[15,  9,  2,  3,  4,  5,  6,  7,  8,  1]])"
1,global_rounds,id_list
2,1,"[[19, 16, 11, 15, 4, 5, 6, 7, 8, 9]]"
3,2,"[[19, 16, 11, 15, 4, 5, 6, 7, 8, 9]]"
1,global_rounds,id_list
2,1,"[[19, 16, 11, 15, 4, 5, 6, 7, 8, 9]]"
3,2,"[[19, 16, 11, 15, 4, 5, 6, 7, 8, 9]]"
4,1,"[[10, 19, 2, 3, 4, 5, 6, 7, 8, 9]]"
5,2,"[[10, 19, 2, 3, 4, 5, 6, 7, 8, 9]]"
1,global_rounds,id_list
2,0,"[19, 16, 11, 15, 4, 5, 6, 7, 8, 9]"
3,1,"[19, 16, 11, 15, 4, 5, 6, 7, 8, 9]"
1,global_rounds,id_list
2,0,"[19, 16, 11, 15, 4, 5, 6, 7, 8, 9]"
3,1,"[19, 16, 11, 15, 4, 5, 6, 7, 8, 9]"
4,0,"[19, 1, 2, 3, 4, 5, 6, 7, 8, 9]"
5,1,"[19, 1, 2, 3, 4, 5, 6, 7, 8, 9]"
1,global_rounds,id_list
2,0,"[19, 16, 11, 15, 4, 5, 6, 7, 8, 9]"
3,1,"[19, 16, 11, 15, 4, 5, 6, 7, 8, 9]"
1,global_rounds,id_list
2,0,"[19, 16, 11, 15, 4, 5, 6, 7, 8, 9]"
3,1,"[19, 16, 11, 15, 4, 5, 6, 7, 8, 9]"
4,0,"[19, 1, 2, 3, 4, 5, 6, 7, 8, 9]"
5,1,"[19, 1, 2, 3, 4, 5, 6, 7, 8, 9]"
1,global_rounds,id_list
2,0,"[19, 16, 11, 15, 4, 5, 6, 7, 8, 9]"
3,1,"[19, 16, 11, 15, 4, 5, 6, 7, 8, 9]"
1,global_rounds,id_list
2,0,"[19, 16, 11, 15, 4, 5, 6, 7, 8, 9]"
3,1,"[19, 16, 11, 15, 4, 5, 6, 7, 8, 9]"
1,global_rounds,id_list
2,0,"[19, 16, 11, 15, 4, 5, 6, 7, 8, 9]"
3,1,"[19, 16, 11, 3, 4, 5, 6, 7, 8, 9]"
4,2,"[19, 16, 11, 3, 4, 5, 6, 7, 8, 9]"
5,3,"[19, 16, 11, 3, 4, 5, 6, 7, 8, 9]"
1,global_rounds,id_list
2,1,"[19, 16, 11, 15, 4, 5, 6, 7, 8, 9]"
3,2,"[19, 16, 11, 15, 4, 5, 6, 7, 8, 9]"
4,3,"[19, 16, 11, 3, 4, 5, 6, 7, 8, 9]"
5,4,"[19, 16, 11, 15, 4, 5, 6, 7, 8, 9]"
6,5,"[11, 6, 19, 3, 4, 5, 2, 7, 8, 9]"
7,6,"[11, 6, 19, 3, 4, 5, 2, 7, 8, 9]"
8,7,"[11, 6, 19, 3, 4, 5, 2, 7, 8, 9]"
9,8,"[11, 6, 19, 3, 4, 5, 2, 7, 8, 9]"
10,8,"[19, 16, 2, 3, 4, 5, 6, 7, 8, 9]"
11,9,"[19, 16, 2, 3, 4, 5, 6, 7, 8, 9]"
12,10,"[19, 16, 2, 3, 4, 5, 6, 7, 8, 9]"
1,global_rounds,id_list
2,1,"[19, 16, 11, 15, 4, 5, 6, 7, 8, 9]"
3,2,"[19, 16, 11, 15, 4, 5, 6, 7, 8, 9]"
4,3,"[19, 16, 11, 3, 4, 5, 6, 7, 8, 9]"
5,4,"[19, 16, 11, 15, 4, 5, 6, 7, 8, 9]"
6,5,"[11, 6, 19, 3, 4, 5, 2, 7, 8, 9]"
7,6,"[11, 6, 19, 3, 4, 5, 2, 7, 8, 9]"
8,7,"[11, 6, 19, 3, 4, 5, 2, 7, 8, 9]"
9,8,"[11, 6, 19, 3, 4, 5, 2, 7, 8, 9]"
10,9,"[19, 16, 2, 3, 4, 5, 6, 7, 8, 9]"
11,10,"[19, 16, 2, 3, 4, 5, 6, 7, 8, 9]"
1,global_rounds,id_list
2,1,"[19, 16, 11, 15, 4, 5, 6, 7, 8, 9]"
3,2,"[19, 16, 11, 15, 4, 5, 6, 7, 8, 9]"
4,3,"[19, 16, 11, 3, 4, 5, 6, 7, 8, 9]"
5,4,"[19, 16, 11, 15, 4, 5, 6, 7, 8, 9]"
6,5,"[19, 16, 11, 15, 4, 5, 6, 7, 8, 9]"
7,6,"[19, 16, 11, 15, 4, 5, 6, 7, 8, 9]"
8,7,"[19, 16, 11, 15, 4, 5, 6, 7, 8, 9]"
9,8,"[19, 16, 11, 3, 4, 5, 6, 7, 8, 9]"
10,9,"[19, 16, 11, 15, 4, 5, 6, 7, 8, 9]"
11,10,"[19, 16, 11, 3, 4, 5, 6, 7, 8, 9]"
12,11,"[19, 16, 11, 15, 4, 5, 6, 7, 8, 9]"
13,12,"[19, 16, 11, 15, 4, 5, 6, 7, 8, 9]"
14,13,"[19, 16, 11, 15, 4, 5, 6, 7, 8, 9]"
15,14,"[19, 16, 11, 15, 4, 5, 6, 7, 8, 9]"
16,15,"[19, 16, 11, 15, 4, 5, 6, 7, 8, 9]"
17,16,"[19, 16, 11, 15, 4, 5, 6, 7, 8, 9]"
18,17,"[19, 16, 11, 15, 4, 5, 6, 7, 8, 9]"
19,18,"[19, 16, 11, 3, 4, 5, 6, 7, 8, 9]"
20,19,"[19, 16, 11, 3, 4, 5, 6, 7, 8, 9]"
21,20,"[19, 16, 11, 3, 4, 5, 6, 7, 8, 9]"
22,21,"[19, 1, 2, 3, 4, 5, 6, 7, 8, 9]"
23,22,"[19, 1, 2, 3, 4, 5, 6, 7, 8, 9]"
24,23,"[19, 1, 2, 3, 4, 5, 6, 7, 8, 9]"
25,24,"[19, 1, 2, 3, 4, 5, 6, 7, 8, 9]"
26,25,"[19, 1, 2, 3, 4, 5, 6, 7, 8, 9]"
27,26,"[19, 1, 2, 3, 4, 5, 6, 7, 8, 9]"
28,27,"[19, 1, 2, 3, 4, 5, 6, 7, 8, 9]"
29,28,"[19, 1, 2, 3, 4, 5, 6, 7, 8, 9]"
30,29,"[19, 1, 2, 3, 4, 5, 6, 7, 8, 9]"
31,30,"[19, 1, 2, 3, 4, 5, 6, 7, 8, 9]"
32,31,"[19, 1, 2, 3, 4, 5, 6, 7, 8, 9]"
33,32,"[19, 1, 2, 3, 4, 5, 6, 7, 8, 9]"
34,33,"[19, 1, 2, 3, 4, 5, 6, 7, 8, 9]"
35,34,"[19, 1, 2, 3, 4, 5, 6, 7, 8, 9]"
36,35,"[19, 1, 2, 3, 4, 5, 6, 7, 8, 9]"
37,36,"[19, 1, 2, 3, 4, 5, 6, 7, 8, 9]"
38,37,"[19, 1, 2, 3, 4, 5, 6, 7, 8, 9]"
39,38,"[19, 1, 2, 3, 4, 5, 6, 7, 8, 9]"
40,39,"[19, 1, 2, 3, 4, 5, 6, 7, 8, 9]"
41,40,"[19, 1, 2, 3, 4, 5, 6, 7, 8, 9]"
42,41,"[19, 1, 2, 3, 4, 5, 6, 7, 8, 9]"
43,42,"[19, 1, 2, 3, 4, 5, 6, 7, 8, 9]"
44,43,"[19, 1, 2, 3, 4, 5, 6, 7, 8, 9]"
45,44,"[19, 1, 2, 3, 4, 5, 6, 7, 8, 9]"
46,45,"[19, 1, 2, 3, 4, 5, 6, 7, 8, 9]"
47,46,"[19, 1, 2, 3, 4, 5, 6, 7, 8, 9]"
48,47,"[19, 1, 2, 3, 4, 5, 6, 7, 8, 9]"
49,48,"[19, 1, 2, 3, 4, 5, 6, 7, 8, 9]"
50,49,"[19, 1, 2, 3, 4, 5, 6, 7, 8, 9]"
51,50,"[19, 1, 2, 3, 4, 5, 6, 7, 8, 9]"
52,51,"[19, 1, 2, 3, 4, 5, 6, 7, 8, 9]"
53,52,"[19, 1, 2, 3, 4, 5, 6, 7, 8, 9]"
54,53,"[19, 1, 2, 3, 4, 5, 6, 7, 8, 9]"
55,54,"[19, 1, 2, 3, 4, 5, 6, 7, 8, 9]"
56,55,"[19, 1, 2, 3, 4, 5, 6, 7, 8, 9]"
57,56,"[19, 1, 2, 3, 4, 5, 6, 7, 8, 9]"
58,57,"[19, 1, 2, 3, 4, 5, 6, 7, 8, 9]"
59,58,"[19, 1, 2, 3, 4, 5, 6, 7, 8, 9]"
60,59,"[19, 1, 2, 3, 4, 5, 6, 7, 8, 9]"
61,60,"[19, 1, 2, 3, 4, 5, 6, 7, 8, 9]"
62,61,"[19, 1, 2, 3, 4, 5, 6, 7, 8, 9]"
63,62,"[19, 1, 2, 3, 4, 5, 6, 7, 8, 9]"
64,63,"[19, 1, 2, 3, 4, 5, 6, 7, 8, 9]"
65,64,"[19, 1, 2, 3, 4, 5, 6, 7, 8, 9]"
66,65,"[19, 1, 2, 3, 4, 5, 6, 7, 8, 9]"
67,66,"[19, 1, 2, 3, 4, 5, 6, 7, 8, 9]"
68,67,"[19, 1, 2, 3, 4, 5, 6, 7, 8, 9]"
69,68,"[19, 1, 2, 3, 4, 5, 6, 7, 8, 9]"
70,69,"[19, 1, 2, 3, 4, 5, 6, 7, 8, 9]"
71,70,"[19, 1, 2, 3, 4, 5, 6, 7, 8, 9]"
72,71,"[19, 1, 2, 3, 4, 5, 6, 7, 8, 9]"
73,72,"[19, 1, 2, 3, 4, 5, 6, 7, 8, 9]"
74,73,"[19, 1, 2, 3, 4, 5, 6, 7, 8, 9]"
75,74,"[19, 1, 2, 3, 4, 5, 6, 7, 8, 9]"
76,75,"[19, 1, 2, 3, 4, 5, 6, 7, 8, 9]"
77,76,"[19, 1, 2, 3, 4, 5, 6, 7, 8, 9]"
78,77,"[19, 1, 2, 3, 4, 5, 6, 7, 8, 9]"
79,78,"[19, 1, 2, 3, 4, 5, 6, 7, 8, 9]"
80,79,"[19, 1, 2, 3, 4, 5, 6, 7, 8, 9]"
81,80,"[19, 1, 2, 3, 4, 5, 6, 7, 8, 9]"
82,81,"[19, 1, 2, 3, 4, 5, 6, 7, 8, 9]"
83,82,"[19, 1, 2, 3, 4, 5, 6, 7, 8, 9]"
84,83,"[19, 1, 2, 3, 4, 5, 6, 7, 8, 9]"
85,84,"[19, 1, 2, 3, 4, 5, 6, 7, 8, 9]"
86,85,"[19, 1, 2, 3, 4, 5, 6, 7, 8, 9]"
87,86,"[19, 1, 2, 3, 4, 5, 6, 7, 8, 9]"
88,87,"[19, 1, 2, 3, 4, 5, 6, 7, 8, 9]"
89,88,"[19, 1, 2, 3, 4, 5, 6, 7, 8, 9]"
90,89,"[19, 1, 2, 3, 4, 5, 6, 7, 8, 9]"
91,90,"[19, 1, 2, 3, 4, 5, 6, 7, 8, 9]"
92,91,"[19, 1, 2, 3, 4, 5, 6, 7, 8, 9]"
93,92,"[19, 1, 2, 3, 4, 5, 6, 7, 8, 9]"
94,93,"[19, 1, 2, 3, 4, 5, 6, 7, 8, 9]"
95,94,"[19, 1, 2, 3, 4, 5, 6, 7, 8, 9]"
96,95,"[19, 1, 2, 3, 4, 5, 6, 7, 8, 9]"
97,96,"[19, 1, 2, 3, 4, 5, 6, 7, 8, 9]"
98,97,"[19, 1, 2, 3, 4, 5, 6, 7, 8, 9]"
99,98,"[19, 1, 2, 3, 4, 5, 6, 7, 8, 9]"
100,99,"[19, 1, 2, 3, 4, 5, 6, 7, 8, 9]"
101,100,"[19, 1, 2, 3, 4, 5, 6, 7, 8, 9]"
102,101,"[19, 1, 2, 3, 4, 5, 6, 7, 8, 9]"
103,102,"[19, 1, 2, 3, 4, 5, 6, 7, 8, 9]"
104,103,"[19, 1, 2, 3, 4, 5, 6, 7, 8, 9]"
105,104,"[19, 1, 2, 3, 4, 5, 6, 7, 8, 9]"
106,105,"[19, 1, 2, 3, 4, 5, 6, 7, 8, 9]"
107,106,"[19, 1, 2, 3, 4, 5, 6, 7, 8, 9]"
108,107,"[19, 1, 2, 3, 4, 5, 6, 7, 8, 9]"
109,108,"[19, 1, 2, 3, 4, 5, 6, 7, 8, 9]"
110,109,"[19, 1, 2, 3, 4, 5, 6, 7, 8, 9]"
111,110,"[19, 1, 2, 3, 4, 5, 6, 7, 8, 9]"
112,111,"[19, 1, 2, 3, 4, 5, 6, 7, 8, 9]"
113,112,"[19, 1, 2, 3, 4, 5, 6, 7, 8, 9]"
114,113,"[19, 1, 2, 3, 4, 5, 6, 7, 8, 9]"
115,114,"[19, 1, 2, 3, 4, 5, 6, 7, 8, 9]"
116,115,"[19, 1, 2, 3, 4, 5, 6, 7, 8, 9]"
117,116,"[19, 1, 2, 3, 4, 5, 6, 7, 8, 9]"
118,117,"[19, 1, 2, 3, 4, 5, 6, 7, 8, 9]"
119,118,"[19, 1, 2, 3, 4, 5, 6, 7, 8, 9]"
120,119,"[19, 1, 2, 3, 4, 5, 6, 7, 8, 9]"
121,120,"[19, 1, 2, 3, 4, 5, 6, 7, 8, 9]"
122,121,"[19, 1, 2, 3, 4, 5, 6, 7, 8, 9]"
123,122,"[19, 1, 2, 3, 4, 5, 6, 7, 8, 9]"
124,123,"[19, 1, 2, 3, 4, 5, 6, 7, 8, 9]"
125,124,"[19, 1, 2, 3, 4, 5, 6, 7, 8, 9]"
126,125,"[19, 1, 2, 3, 4, 5, 6, 7, 8, 9]"
127,126,"[19, 1, 2, 3, 4, 5, 6, 7, 8, 9]"
128,127,"[19, 1, 2, 3, 4, 5, 6, 7, 8, 9]"
129,128,"[19, 1, 2, 3, 4, 5, 6, 7, 8, 9]"
130,129,"[19, 1, 2, 3, 4, 5, 6, 7, 8, 9]"
131,130,"[19, 1, 2, 3, 4, 5, 6, 7, 8, 9]"
132,131,"[19, 1, 2, 3, 4, 5, 6, 7, 8, 9]"
133,132,"[19, 1, 2, 3, 4, 5, 6, 7, 8, 9]"
134,133,"[19, 1, 2, 3, 4, 5, 6, 7, 8, 9]"
135,134,"[19, 1, 2, 3, 4, 5, 6, 7, 8, 9]"
136,135,"[19, 1, 2, 3, 4, 5, 6, 7, 8, 9]"
137,136,"[19, 1, 2, 3, 4, 5, 6, 7, 8, 9]"
138,137,"[19, 1, 2, 3, 4, 5, 6, 7, 8, 9]"
139,138,"[19, 1, 2, 3, 4, 5, 6, 7, 8, 9]"
140,139,"[19, 1, 2, 3, 4, 5, 6, 7, 8, 9]"
141,140,"[19, 1, 2, 3, 4, 5, 6, 7, 8, 9]"
142,141,"[19, 1, 2, 3, 4, 5, 6, 7, 8, 9]"
143,142,"[19, 1, 2, 3, 4, 5, 6, 7, 8, 9]"
144,143,"[19, 1, 2, 3, 4, 5, 6, 7, 8, 9]"
145,144,"[19, 1, 2, 3, 4, 5, 6, 7, 8, 9]"
146,145,"[19, 1, 2, 3, 4, 5, 6, 7, 8, 9]"
147,146,"[19, 1, 2, 3, 4, 5, 6, 7, 8, 9]"
148,147,"[19, 1, 2, 3, 4, 5, 6, 7, 8, 9]"
149,148,"[19, 1, 2, 3, 4, 5, 6, 7, 8, 9]"
150,149,"[19, 1, 2, 3, 4, 5, 6, 7, 8, 9]"
151,150,"[19, 1, 2, 3, 4, 5, 6, 7, 8, 9]"
152,151,"[19, 1, 2, 3, 4, 5, 6, 7, 8, 9]"
153,152,"[19, 1, 2, 3, 4, 5, 6, 7, 8, 9]"
154,153,"[19, 1, 2, 3, 4, 5, 6, 7, 8, 9]"
155,154,"[19, 1, 2, 3, 4, 5, 6, 7, 8, 9]"
156,155,"[19, 1, 2, 3, 4, 5, 6, 7, 8, 9]"
157,156,"[19, 1, 2, 3, 4, 5, 6, 7, 8, 9]"
158,157,"[19, 1, 2, 3, 4, 5, 6, 7, 8, 9]"
159,158,"[19, 1, 2, 3, 4, 5, 6, 7, 8, 9]"
160,159,"[19, 1, 2, 3, 4, 5, 6, 7, 8, 9]"
161,160,"[19, 1, 2, 3, 4, 5, 6, 7, 8, 9]"
162,161,"[19, 1, 2, 3, 4, 5, 6, 7, 8, 9]"
163,162,"[19, 1, 2, 3, 4, 5, 6, 7, 8, 9]"
164,163,"[19, 1, 2, 3, 4, 5, 6, 7, 8, 9]"
165,164,"[19, 1, 2, 3, 4, 5, 6, 7, 8, 9]"
166,165,"[19, 1, 2, 3, 4, 5, 6, 7, 8, 9]"
167,166,"[19, 1, 2, 3, 4, 5, 6, 7, 8, 9]"
168,167,"[19, 1, 2, 3, 4, 5, 6, 7, 8, 9]"
169,168,"[19, 1, 2, 3, 4, 5, 6, 7, 8, 9]"
170,169,"[19, 1, 2, 3, 4, 5, 6, 7, 8, 9]"
171,170,"[19, 1, 2, 3, 4, 5, 6, 7, 8, 9]"
172,171,"[19, 1, 2, 3, 4, 5, 6, 7, 8, 9]"
173,172,"[19, 1, 2, 3, 4, 5, 6, 7, 8, 9]"
174,173,"[19, 1, 2, 3, 4, 5, 6, 7, 8, 9]"
175,174,"[19, 1, 2, 3, 4, 5, 6, 7, 8, 9]"
176,175,"[19, 1, 2, 3, 4, 5, 6, 7, 8, 9]"
177,176,"[19, 1, 2, 3, 4, 5, 6, 7, 8, 9]"
178,177,"[19, 1, 2, 3, 4, 5, 6, 7, 8, 9]"
179,178,"[19, 1, 2, 3, 4, 5, 6, 7, 8, 9]"
180,179,"[19, 1, 2, 3, 4, 5, 6, 7, 8, 9]"
181,180,"[19, 1, 2, 3, 4, 5, 6, 7, 8, 9]"
182,181,"[19, 1, 2, 3, 4, 5, 6, 7, 8, 9]"
183,182,"[19, 1, 2, 3, 4, 5, 6, 7, 8, 9]"
184,183,"[19, 1, 2, 3, 4, 5, 6, 7, 8, 9]"
185,184,"[19, 1, 2, 3, 4, 5, 6, 7, 8, 9]"
186,185,"[19, 1, 2, 3, 4, 5, 6, 7, 8, 9]"
187,186,"[19, 1, 2, 3, 4, 5, 6, 7, 8, 9]"
188,187,"[19, 1, 2, 3, 4, 5, 6, 7, 8, 9]"
189,188,"[19, 1, 2, 3, 4, 5, 6, 7, 8, 9]"
190,189,"[19, 1, 2, 3, 4, 5, 6, 7, 8, 9]"
191,190,"[19, 1, 2, 3, 4, 5, 6, 7, 8, 9]"
192,191,"[19, 1, 2, 3, 4, 5, 6, 7, 8, 9]"
193,192,"[19, 1, 2, 3, 4, 5, 6, 7, 8, 9]"
194,193,"[19, 1, 2, 3, 4, 5, 6, 7, 8, 9]"
195,194,"[19, 1, 2, 3, 4, 5, 6, 7, 8, 9]"
196,195,"[19, 1, 2, 3, 4, 5, 6, 7, 8, 9]"
197,196,"[19, 1, 2, 3, 4, 5, 6, 7, 8, 9]"
198,197,"[19, 1, 2, 3, 4, 5, 6, 7, 8, 9]"
199,198,"[19, 1, 2, 3, 4, 5, 6, 7, 8, 9]"
200,199,"[19, 1, 2, 3, 4, 5, 6, 7, 8, 9]"
201,200,"[19, 1, 2, 3, 4, 5, 6, 7, 8, 9]"
1,global_rounds,id_list
2,0,"[10, 19, 2, 18, 0, 7, 11, 14, 4, 6]"
3,1,"[17, 5, 15, 10, 4, 6, 11, 8, 0, 2]"
4,2,"[8, 0, 9, 5, 6, 10, 2, 14, 3, 19]"
5,3,"[19, 16, 5, 8, 11, 13, 2, 6, 0, 4]"
1,global_rounds,id_list
2,0,"[3, 15, 2, 11, 19, 0, 16, 8, 12, 6]"
3,1,"[0, 2, 10, 11, 15, 13, 18, 5, 4, 3]"
4,2,"[19, 18, 16, 2, 15, 14, 11, 1, 0, 3]"
5,3,"[11, 8, 15, 6, 18, 13, 2, 10, 16, 19]"
1,global_rounds,id_list
2,0,"[0, 4, 5, 1, 9, 17, 10, 2, 12, 6]"
3,1,"[15, 6, 4, 17, 9, 0, 18, 12, 16, 8]"
4,2,"[14, 0, 12, 10, 16, 6, 1, 5, 7, 2]"
5,3,"[4, 9, 19, 17, 18, 10, 13, 3, 16, 14]"
6,4,"[15, 17, 16, 19, 7, 3, 5, 0, 11, 8]"
7,5,"[10, 0, 15, 7, 3, 4, 16, 12, 6, 18]"
8,6,"[16, 19, 18, 17, 10, 5, 7, 2, 11, 13]"
9,7,"[0, 1, 13, 7, 10, 18, 17, 6, 11, 3]"
10,8,"[12, 2, 19, 10, 15, 8, 1, 5, 18, 17]"
11,9,"[9, 3, 0, 8, 4, 6, 2, 7, 1, 13]"
12,10,"[2, 15, 16, 10, 19, 4, 13, 14, 1, 5]"
13,11,"[17, 10, 7, 0, 19, 9, 18, 12, 8, 14]"
14,12,"[3, 7, 14, 5, 15, 10, 19, 18, 17, 8]"
15,13,"[11, 2, 18, 9, 14, 8, 17, 19, 0, 5]"
16,14,"[15, 7, 5, 18, 9, 11, 14, 1, 12, 16]"
17,15,"[8, 18, 13, 0, 5, 14, 1, 10, 9, 3]"
18,16,"[6, 14, 1, 0, 16, 3, 8, 13, 7, 4]"
19,17,"[4, 1, 6, 2, 11, 7, 19, 17, 9, 18]"
20,18,"[2, 16, 4, 0, 3, 15, 1, 18, 14, 12]"
21,19,"[15, 9, 13, 1, 5, 11, 0, 6, 19, 18]"
22,20,"[17, 18, 4, 7, 0, 12, 3, 19, 13, 9]"
23,21,"[13, 9, 19, 3, 18, 0, 14, 12, 4, 7]"
24,22,"[18, 17, 5, 12, 1, 3, 11, 10, 16, 15]"
25,23,"[8, 11, 12, 17, 3, 7, 14, 6, 4, 16]"
26,24,"[9, 13, 18, 2, 0, 10, 17, 6, 11, 12]"
27,25,"[11, 10, 4, 14, 16, 7, 5, 2, 15, 13]"
28,26,"[2, 0, 1, 5, 10, 12, 8, 17, 18, 14]"
29,27,"[14, 18, 3, 2, 11, 9, 4, 13, 8, 15]"
30,28,"[5, 18, 11, 12, 3, 16, 13, 9, 15, 7]"
31,29,"[8, 11, 3, 10, 13, 19, 4, 5, 0, 9]"
32,30,"[11, 2, 7, 17, 1, 14, 0, 9, 6, 4]"
33,31,"[7, 6, 14, 2, 12, 1, 18, 9, 5, 0]"
34,32,"[7, 14, 19, 10, 3, 12, 5, 6, 8, 15]"
35,33,"[6, 1, 18, 2, 16, 12, 8, 15, 5, 7]"
36,34,"[0, 19, 10, 15, 14, 6, 11, 3, 17, 5]"
37,35,"[15, 13, 0, 2, 11, 3, 17, 12, 4, 16]"
38,36,"[3, 15, 0, 16, 11, 5, 8, 14, 7, 10]"
39,37,"[6, 4, 13, 3, 0, 1, 19, 11, 16, 10]"
40,38,"[15, 11, 8, 13, 0, 1, 10, 12, 6, 4]"
41,39,"[7, 5, 13, 6, 18, 10, 2, 8, 16, 4]"
42,40,"[4, 0, 13, 6, 8, 2, 10, 18, 1, 17]"
43,41,"[3, 7, 13, 18, 9, 15, 11, 2, 16, 5]"
44,42,"[1, 3, 9, 4, 12, 13, 17, 14, 11, 5]"
45,43,"[19, 1, 18, 2, 15, 5, 16, 13, 8, 6]"
46,44,"[8, 9, 19, 13, 15, 0, 17, 16, 18, 5]"
47,45,"[1, 17, 8, 19, 14, 9, 12, 15, 6, 7]"
48,46,"[10, 3, 13, 7, 19, 2, 1, 6, 15, 14]"
49,47,"[18, 14, 10, 15, 8, 2, 0, 19, 17, 16]"
50,48,"[13, 19, 8, 7, 0, 14, 10, 12, 5, 4]"
51,49,"[16, 3, 2, 19, 13, 9, 14, 11, 1, 8]"
52,50,"[0, 18, 12, 4, 1, 8, 11, 2, 15, 17]"
53,51,"[9, 1, 7, 17, 0, 13, 6, 16, 5, 14]"
54,52,"[6, 14, 18, 16, 4, 7, 2, 5, 11, 19]"
55,53,"[4, 13, 17, 1, 7, 15, 10, 12, 8, 3]"
56,54,"[13, 4, 9, 10, 18, 5, 19, 7, 2, 12]"
57,55,"[13, 1, 19, 12, 11, 6, 14, 18, 4, 15]"
58,56,"[1, 0, 4, 19, 6, 2, 7, 13, 9, 17]"
59,57,"[9, 11, 3, 12, 1, 16, 10, 15, 13, 19]"
60,58,"[18, 16, 0, 12, 4, 3, 15, 2, 8, 6]"
61,59,"[4, 19, 17, 16, 0, 14, 6, 9, 13, 11]"
62,60,"[9, 1, 3, 10, 17, 13, 19, 2, 0, 4]"
63,61,"[12, 8, 13, 1, 0, 17, 14, 16, 5, 15]"
64,62,"[14, 19, 0, 6, 13, 2, 16, 5, 8, 7]"
65,63,"[19, 5, 18, 8, 15, 16, 10, 17, 11, 14]"
66,64,"[2, 19, 0, 1, 14, 18, 4, 8, 7, 13]"
67,65,"[13, 19, 9, 5, 7, 16, 10, 1, 17, 18]"
68,66,"[13, 11, 2, 3, 17, 10, 14, 6, 16, 8]"
69,67,"[15, 1, 3, 13, 12, 6, 7, 5, 2, 17]"
70,68,"[2, 18, 16, 13, 4, 6, 9, 1, 14, 17]"
71,69,"[0, 14, 6, 3, 7, 13, 4, 12, 18, 16]"
72,70,"[0, 5, 16, 15, 17, 7, 3, 19, 14, 10]"
73,71,"[19, 3, 15, 13, 7, 2, 0, 6, 12, 4]"
74,72,"[11, 1, 12, 4, 8, 3, 6, 0, 9, 16]"
75,73,"[10, 8, 13, 18, 15, 19, 7, 5, 9, 2]"
76,74,"[1, 4, 8, 12, 19, 3, 18, 2, 14, 13]"
77,75,"[4, 18, 1, 9, 13, 15, 17, 8, 0, 10]"
78,76,"[3, 19, 11, 7, 2, 8, 5, 4, 14, 12]"
79,77,"[3, 4, 12, 2, 15, 0, 10, 9, 6, 17]"
80,78,"[19, 16, 14, 11, 0, 18, 4, 2, 12, 10]"
81,79,"[12, 11, 6, 17, 19, 7, 8, 4, 2, 13]"
82,80,"[17, 18, 6, 4, 12, 19, 14, 16, 15, 0]"
83,81,"[4, 8, 1, 11, 0, 13, 16, 15, 5, 14]"
84,82,"[4, 19, 9, 3, 13, 8, 1, 5, 11, 0]"
85,83,"[6, 15, 9, 17, 16, 3, 5, 0, 10, 4]"
86,84,"[19, 18, 0, 15, 16, 11, 7, 4, 9, 17]"
87,85,"[19, 5, 18, 14, 17, 0, 6, 12, 1, 7]"
88,86,"[8, 18, 1, 2, 10, 14, 4, 12, 0, 3]"
89,87,"[1, 11, 18, 9, 7, 13, 16, 15, 19, 10]"
90,88,"[2, 18, 1, 17, 6, 8, 9, 7, 0, 13]"
91,89,"[8, 1, 2, 17, 13, 0, 7, 6, 11, 19]"
92,90,"[9, 7, 14, 3, 4, 11, 17, 8, 1, 15]"
93,91,"[12, 4, 16, 10, 7, 2, 6, 11, 3, 5]"
94,92,"[7, 5, 12, 2, 3, 0, 1, 13, 16, 4]"
95,93,"[17, 13, 2, 18, 3, 4, 14, 6, 10, 7]"
96,94,"[0, 10, 8, 7, 14, 17, 12, 1, 2, 15]"
97,95,"[18, 2, 1, 7, 17, 6, 5, 9, 13, 15]"
98,96,"[9, 1, 3, 12, 8, 7, 11, 16, 13, 6]"
99,97,"[2, 4, 7, 5, 10, 3, 17, 6, 8, 0]"
100,98,"[7, 3, 12, 9, 11, 18, 14, 17, 19, 5]"
101,99,"[19, 2, 1, 6, 7, 14, 17, 16, 3, 15]"
102,100,"[16, 4, 9, 2, 15, 18, 14, 19, 1, 10]"
103,101,"[11, 3, 13, 14, 17, 2, 8, 12, 6, 19]"
104,102,"[10, 3, 1, 14, 15, 0, 4, 12, 19, 2]"
105,103,"[10, 14, 4, 7, 17, 16, 3, 18, 6, 1]"
106,104,"[14, 7, 18, 10, 1, 5, 2, 12, 6, 16]"
107,105,"[17, 2, 11, 7, 9, 6, 14, 19, 15, 3]"
108,106,"[7, 10, 11, 8, 15, 19, 13, 5, 4, 16]"
109,107,"[4, 9, 14, 10, 19, 5, 0, 16, 18, 3]"
110,108,"[10, 15, 2, 17, 11, 16, 3, 14, 18, 19]"
111,109,"[7, 14, 15, 12, 3, 9, 2, 1, 8, 5]"
112,110,"[8, 6, 9, 3, 4, 2, 11, 13, 0, 17]"
113,111,"[9, 4, 15, 12, 18, 2, 1, 13, 16, 7]"
114,112,"[6, 13, 10, 19, 7, 11, 14, 3, 15, 5]"
115,113,"[7, 12, 5, 0, 10, 4, 14, 1, 8, 3]"
116,114,"[9, 18, 17, 2, 3, 19, 1, 4, 5, 13]"
117,115,"[10, 6, 8, 13, 18, 15, 19, 3, 9, 2]"
118,116,"[14, 0, 8, 4, 18, 11, 1, 7, 19, 5]"
119,117,"[11, 13, 15, 7, 6, 1, 18, 12, 4, 9]"
120,118,"[13, 5, 12, 7, 1, 9, 3, 19, 4, 15]"
121,119,"[2, 13, 18, 1, 9, 17, 6, 4, 10, 11]"
122,120,"[1, 16, 4, 13, 8, 17, 0, 18, 12, 15]"
123,121,"[19, 3, 10, 11, 12, 1, 5, 15, 18, 14]"
124,122,"[8, 4, 10, 12, 3, 18, 9, 14, 16, 5]"
125,123,"[13, 5, 19, 1, 8, 16, 12, 3, 15, 9]"
126,124,"[3, 5, 16, 2, 19, 11, 18, 15, 1, 10]"
127,125,"[8, 14, 11, 15, 3, 0, 9, 12, 10, 4]"
128,126,"[12, 18, 8, 16, 9, 6, 1, 7, 2, 11]"
129,127,"[16, 3, 18, 4, 15, 10, 7, 9, 0, 6]"
130,128,"[15, 11, 7, 18, 6, 8, 9, 16, 14, 12]"
131,129,"[7, 9, 5, 3, 6, 14, 4, 10, 15, 0]"
132,130,"[9, 3, 15, 12, 6, 10, 2, 16, 1, 11]"
133,131,"[12, 13, 2, 14, 8, 11, 7, 3, 4, 17]"
134,132,"[7, 8, 12, 6, 19, 16, 14, 2, 9, 0]"
135,133,"[15, 13, 4, 5, 16, 19, 9, 6, 1, 10]"
136,134,"[10, 11, 16, 8, 4, 6, 17, 1, 3, 18]"
137,135,"[4, 18, 6, 3, 11, 16, 2, 10, 7, 1]"
138,136,"[5, 19, 6, 0, 17, 2, 8, 9, 10, 16]"
139,137,"[6, 14, 7, 17, 15, 4, 12, 11, 10, 16]"
140,138,"[1, 2, 9, 8, 12, 14, 5, 10, 15, 18]"
141,139,"[13, 5, 10, 6, 18, 11, 19, 8, 2, 12]"
142,140,"[2, 13, 15, 7, 10, 8, 1, 3, 12, 0]"
143,141,"[3, 16, 18, 6, 2, 15, 1, 11, 17, 13]"
144,142,"[2, 14, 7, 0, 9, 3, 11, 18, 17, 19]"
145,143,"[6, 9, 17, 15, 11, 19, 16, 0, 13, 4]"
146,144,"[8, 15, 16, 19, 7, 12, 17, 2, 9, 18]"
147,145,"[4, 3, 19, 16, 17, 15, 10, 8, 14, 6]"
148,146,"[6, 2, 11, 16, 8, 12, 19, 5, 3, 17]"
149,147,"[7, 4, 2, 13, 8, 6, 5, 17, 15, 11]"
150,148,"[12, 6, 13, 15, 8, 0, 1, 14, 16, 3]"
151,149,"[7, 9, 17, 11, 19, 1, 3, 13, 5, 16]"
152,150,"[15, 16, 17, 13, 1, 9, 14, 18, 4, 7]"
153,151,"[2, 10, 5, 19, 4, 14, 0, 1, 17, 16]"
154,152,"[12, 18, 11, 17, 13, 5, 19, 15, 9, 1]"
155,153,"[12, 15, 0, 17, 2, 13, 1, 5, 8, 4]"
156,154,"[10, 16, 14, 9, 17, 19, 7, 8, 0, 18]"
157,155,"[18, 14, 5, 3, 1, 19, 10, 17, 15, 16]"
158,156,"[15, 8, 4, 13, 6, 9, 0, 2, 14, 18]"
159,157,"[3, 10, 6, 7, 4, 16, 13, 14, 9, 15]"
160,158,"[9, 13, 17, 12, 14, 11, 4, 0, 16, 19]"
161,159,"[0, 12, 1, 11, 13, 14, 19, 9, 4, 2]"
162,160,"[14, 18, 12, 3, 7, 11, 16, 9, 10, 19]"
163,161,"[5, 4, 0, 16, 19, 13, 17, 10, 2, 15]"
164,162,"[19, 4, 5, 6, 13, 17, 9, 14, 1, 0]"
165,163,"[16, 11, 8, 1, 17, 9, 13, 2, 15, 19]"
166,164,"[19, 10, 1, 16, 15, 3, 8, 7, 9, 17]"
167,165,"[7, 18, 2, 10, 14, 15, 0, 4, 5, 16]"
168,166,"[10, 9, 18, 1, 5, 0, 6, 14, 13, 15]"
169,167,"[18, 10, 12, 2, 11, 15, 1, 19, 14, 5]"
170,168,"[11, 12, 19, 9, 5, 13, 14, 2, 1, 4]"
171,169,"[15, 8, 0, 13, 18, 11, 19, 5, 4, 10]"
172,170,"[17, 7, 14, 1, 2, 8, 16, 4, 10, 12]"
173,171,"[19, 1, 2, 13, 17, 0, 5, 18, 15, 11]"
174,172,"[6, 15, 0, 17, 11, 4, 16, 3, 12, 8]"
175,173,"[10, 11, 8, 9, 6, 3, 18, 4, 0, 12]"
176,174,"[15, 10, 18, 11, 8, 14, 5, 1, 4, 2]"
177,175,"[17, 13, 18, 4, 16, 10, 9, 3, 1, 5]"
178,176,"[7, 17, 8, 10, 0, 12, 6, 14, 1, 3]"
179,177,"[11, 3, 17, 8, 14, 16, 19, 18, 9, 12]"
180,178,"[15, 5, 10, 16, 7, 4, 12, 6, 18, 8]"
181,179,"[14, 16, 13, 0, 3, 4, 15, 8, 9, 11]"
182,180,"[8, 5, 4, 14, 12, 1, 7, 9, 17, 3]"
183,181,"[13, 18, 1, 14, 19, 11, 9, 6, 12, 17]"
184,182,"[1, 7, 19, 8, 13, 17, 3, 4, 10, 18]"
185,183,"[14, 2, 0, 15, 9, 11, 5, 1, 4, 6]"
186,184,"[10, 8, 17, 16, 18, 19, 0, 14, 1, 12]"
187,185,"[18, 11, 2, 0, 14, 17, 10, 19, 15, 5]"
188,186,"[15, 18, 1, 4, 14, 16, 5, 9, 6, 19]"
189,187,"[14, 12, 0, 17, 4, 10, 8, 16, 13, 15]"
190,188,"[3, 16, 8, 13, 18, 19, 1, 10, 0, 5]"
191,189,"[19, 17, 7, 18, 13, 4, 11, 15, 3, 6]"
192,190,"[15, 16, 8, 12, 3, 1, 13, 9, 6, 14]"
193,191,"[17, 1, 12, 6, 13, 2, 18, 14, 11, 7]"
194,192,"[0, 18, 12, 5, 8, 2, 17, 10, 3, 14]"
195,193,"[12, 8, 0, 1, 7, 14, 13, 11, 3, 2]"
196,194,"[3, 10, 14, 11, 8, 15, 13, 2, 18, 16]"
197,195,"[19, 1, 3, 11, 8, 13, 14, 15, 17, 0]"
198,196,"[16, 8, 11, 12, 7, 2, 3, 6, 10, 0]"
199,197,"[5, 18, 4, 2, 17, 12, 16, 13, 1, 8]"
200,198,"[5, 19, 9, 10, 15, 7, 18, 1, 4, 17]"
201,199,"[0, 11, 1, 7, 8, 15, 14, 12, 6, 10]"
202,200,"[12, 13, 17, 15, 6, 14, 16, 19, 11, 8]"
