1,case,method,group,Loss,Accurancy,AUC,Std Test Accurancy,Std Test AUC
2,Cifar100,FedALA,0,4.615120028525973,0.007228116710875331,0.49633495271818656,0.01128076503984541,0.07394823986012679
3,Cifar100,FedALA,1,4.50730574745603,0.038859416445623345,0.6313643824020029,0.048105784909290815,0.08149687070716112
4,Cifar100,FedALA,2,4.390575886264378,0.05848806366047745,0.6905683081667837,0.05469591309819671,0.06903668797316528
5,Cifar100,FedALA,3,4.270416086311994,0.07440318302387268,0.7306029950096046,0.05953733316714388,0.06170727703527763
6,Cifar100,FedALA,4,4.163424784085638,0.0870026525198939,0.7579843051724454,0.06458050545842103,0.05810402961757927
7,Cifar100,FedALA,5,4.075857043640395,0.098342175066313,0.7740054719593442,0.062010575216912764,0.05443499047656552
8,Cifar100,FedALA,6,4.004735155339883,0.1053713527851459,0.7871813862398972,0.06665714849991211,0.05248370161666391
9,Cifar100,FedALA,7,3.947996014128413,0.11684350132625995,0.7943829199298811,0.06743283063650721,0.05557140785244758
10,Cifar100,FedALA,8,3.8925267805339594,0.12805039787798408,0.8038977538552493,0.07182178305692583,0.05276674186707599
11,Cifar100,FedALA,9,3.843204167726531,0.13541114058355438,0.8109507890227703,0.07536039113019001,0.052352474896856176
12,Cifar100,FedALA,10,3.7980194133589067,0.14582228116710874,0.8184446757873288,0.0762243361360378,0.04757585334649245
13,Cifar100,FedALA,11,3.7640138639844096,0.14913793103448275,0.8220490883606761,0.07721651882535636,0.048682167975790794
14,Cifar100,FedALA,12,3.7249277469920092,0.15305039787798408,0.8289679304553333,0.07791312484291134,0.04353868870199319
15,Cifar100,FedALA,13,3.6900147496558384,0.15411140583554378,0.8344770581224513,0.0780213962566115,0.04071320301536313
16,Cifar100,FedALA,14,3.657345585114195,0.1620026525198939,0.8388529031439502,0.07719517514848574,0.0400023879236814
17,Cifar100,FedALA,15,3.6284284590499065,0.16909814323607428,0.8417270840775168,0.08294493780481123,0.03996993947529507
18,Cifar100,FedALA,16,3.6045673086666095,0.17055702917771884,0.8442163111401788,0.08298033496690742,0.039426217272870774
19,Cifar100,FedALA,17,3.581252927412679,0.17208222811671087,0.847344146105753,0.07897267194055238,0.03737168019033496
20,Cifar100,FedALA,18,3.565316024713107,0.17546419098143237,0.8481867258123208,0.0846560699057374,0.03856321220583323
21,Cifar100,FedALA,19,3.5446448823021077,0.1773872679045093,0.8501737169531295,0.08390551238220402,0.03797485040299689
22,Cifar100,FedALA,20,3.5233703184734915,0.18096816976127322,0.8524433431322266,0.08112688572407996,0.036799135900350395
23,Cifar100,FedALA,21,3.5002706362550637,0.18249336870026525,0.8546205471906959,0.08553046899290125,0.0356864924814186
24,Cifar100,FedALA,22,3.486277898694222,0.18149867374005305,0.8558934200580818,0.08267574435070184,0.036301999713299546
25,Cifar100,FedALA,23,3.4718484992212666,0.1863395225464191,0.856450686271417,0.08456186373437555,0.03666819621327421
26,Cifar100,FedALA,24,3.4536089439739683,0.19011936339522548,0.8588786058863165,0.08328930722402675,0.035665810306044696
27,Cifar100,FedALA,25,3.437590828975904,0.1933023872679045,0.8596687516156328,0.08092383683101774,0.03580466193683779
28,Cifar100,FedALA,26,3.432205432687096,0.1956233421750663,0.8597312723239222,0.08488363464250182,0.03647653212659701
29,Cifar100,FedALA,27,3.4200128142816393,0.1952917771883289,0.8611389682546768,0.08018991553431352,0.036278067301802566
30,Cifar100,FedALA,28,3.4031749617718887,0.20245358090185678,0.8629894820529083,0.07965078965735979,0.034272025586408336
31,Cifar100,FedALA,29,3.3957272473497904,0.20112732095490715,0.8632162136268492,0.08243841413984415,0.03467164845139347
32,Cifar100,FedALA,30,3.3802011018108065,0.20291777188328913,0.8647842746544433,0.08094255264718862,0.03347744318053177
33,Cifar100,FedALA,31,3.3668472662716398,0.20503978779840848,0.8653264556155481,0.08371471480762524,0.03319778157053764
34,Cifar100,FedALA,32,3.3583837521297455,0.20596816976127322,0.8656213407846203,0.08335841556403904,0.03362757514698345
35,Cifar100,FedALA,33,3.342162294477815,0.2089522546419098,0.8668209244362973,0.08499475477446129,0.03316958338123872
36,Cifar100,FedALA,34,3.336583623846133,0.20722811671087532,0.8670510465633013,0.08369399484332336,0.03265980873737358
37,Cifar100,FedALA,35,3.3282626433286135,0.2093501326259947,0.8681706321029016,0.08579635347471207,0.032586664754484324
38,Cifar100,FedALA,36,3.324166373854676,0.2096816976127321,0.8680899978955613,0.083236034084307,0.03347579481258345
39,Cifar100,FedALA,37,3.3201270490753845,0.21021220159151194,0.8684588905752059,0.08524936869204006,0.03384799812914021
40,Cifar100,FedALA,38,3.309100082655354,0.2113395225464191,0.8688509830443694,0.08563390630452568,0.03319848505069479
41,Cifar100,FedALA,39,3.288779566296118,0.21505305039787798,0.8710738623393736,0.08428749618922295,0.03112390421863049
42,Cifar100,FedALA,40,3.285917273746054,0.2136604774535809,0.8705183261079943,0.08474519971491391,0.03210002797660148
43,Cifar100,FedALA,41,3.2791236973894793,0.21478779840848805,0.8709154120576676,0.0853957594660567,0.03224518024155642
44,Cifar100,FedALA,42,3.2693236511052697,0.21830238726790452,0.8716185383957867,0.08426835626203866,0.03163784989964769
45,Cifar100,FedALA,43,3.264335359707655,0.21816976127320956,0.8715053391780987,0.08571146278997145,0.03165249398752905
46,Cifar100,FedALA,44,3.252311630173349,0.21929708222811672,0.8724015153984449,0.08704828202483365,0.03130212349720159
47,Cifar100,FedALA,45,3.245541141245447,0.2212864721485411,0.8727306696306618,0.08702598699733816,0.03152554884770627
48,Cifar100,FedALA,46,3.241175369821749,0.2203580901856764,0.8728448418436999,0.08841728397035511,0.0315700789836547
49,Cifar100,FedALA,47,3.2346683536464726,0.21710875331564986,0.8735564448656399,0.0867006289406237,0.031152340624116155
50,Cifar100,FedALA,48,3.2184771087675643,0.22519893899204244,0.8743373307688288,0.08760019439332316,0.030823253065873905
51,Cifar100,FedALA,49,3.2192411921590387,0.22639257294429707,0.8742467817664453,0.08523833894478355,0.030858579227064708
52,Cifar100,FedALA,50,3.2209884221539054,0.2230769230769231,0.8738411234987938,0.08071423783023014,0.031238241824293134
53,Cifar100,FedALA,51,3.2189996032439936,0.22254641909814324,0.8739650495049678,0.08105544035688099,0.03138609956868065
54,Cifar100,FedALA,52,3.199968130353063,0.2280503978779841,0.8754751598488618,0.08288145044609392,0.030320130214125086
55,Cifar100,FedALA,53,3.194238045028985,0.22692307692307692,0.8756826597129528,0.08594362134371822,0.03051927691967729
56,Cifar100,FedALA,54,3.1921963186945113,0.2262599469496021,0.8754721419536372,0.08533013143161941,0.031087315175334793
57,Cifar100,FedALA,55,3.1838875775068725,0.22751989389920424,0.8757376845598844,0.08472462774350722,0.031003261349247104
58,Cifar100,FedALA,56,3.179355720677184,0.22950928381962865,0.8755663089155243,0.08817363733709298,0.03131368227321363
59,Cifar100,FedALA,57,3.173281256349634,0.2285809018567639,0.8760209466079493,0.08693184959190438,0.030966267157691383
60,Cifar100,FedALA,58,3.1712424605296543,0.2296419098143236,0.8760369104862228,0.08561870279202044,0.03167700577814979
61,Cifar100,FedALA,59,3.161636853537666,0.23057029177718832,0.8766649029546819,0.08582198365046256,0.031253921000032235
62,Cifar100,FedALA,60,3.1570599574358873,0.23143236074270557,0.8765073675796419,0.08668565494129278,0.03135452642252131
63,Cifar100,FedALA,61,3.1505242305615124,0.2326923076923077,0.8771192340150812,0.08531564362153629,0.03086157710630586
64,Cifar100,FedALA,62,3.1490748288342205,0.22977453580901858,0.8770175073297035,0.08530006011696206,0.031126884502571724
65,Cifar100,FedALA,63,3.1436848475303947,0.23242705570291777,0.8776838444349025,0.08637572646811108,0.031026601876606486
66,Cifar100,FedALA,64,3.1410176277048416,0.23282493368700266,0.8775489886895345,0.08496456249315196,0.03126805203319371
67,Cifar100,FedALA,65,3.1414207623035484,0.23295755968169762,0.8770489655681848,0.08664529274053126,0.03155610394801035
68,Cifar100,FedALA,66,3.1384004302316852,0.23282493368700266,0.8767545010752482,0.08661655682492894,0.03245215371593817
69,Cifar100,FedALA,67,3.122437782705199,0.23547745358090186,0.8782352870363558,0.08364229534618463,0.031327775903313405
70,Cifar100,FedALA,68,3.1158446455540534,0.23488063660477454,0.8789848221836569,0.08641609243149392,0.0305769549335165
71,Cifar100,FedALA,69,3.108850682988505,0.2373342175066313,0.8789103903487798,0.08656182435555153,0.03052472645572048
72,Cifar100,FedALA,70,3.10474347199259,0.23759946949602123,0.8786889335535863,0.08733223506692621,0.030829359560275126
73,Cifar100,FedALA,71,3.0950810324527924,0.2380636604774536,0.8792223998244281,0.08711574721842365,0.030754950632890472
74,Cifar100,FedALA,72,3.08897846989019,0.23706896551724138,0.8798381744549016,0.08748151970237592,0.030699631468155034
75,Cifar100,FedALA,73,3.0882392071463394,0.23793103448275862,0.8795467229948156,0.08671028809862918,0.030965248714914587
76,Cifar100,FedALA,74,3.074811894303318,0.23938992042440319,0.8805798883135216,0.08479960387478859,0.030510266585314093
77,Cifar100,FedALA,75,3.074892158683272,0.24118037135278514,0.8804302024960688,0.087994400004705,0.03078967485621796
78,Cifar100,FedALA,76,3.074783896444347,0.2393236074270557,0.8798953945114301,0.08663701843592432,0.030990504040058264
79,Cifar100,FedALA,77,3.0724527169121525,0.24118037135278514,0.8798845027615435,0.08756587577953891,0.03085378503209156
80,Cifar100,FedALA,78,3.0647501198794185,0.24118037135278514,0.8803788896755795,0.0860788963789745,0.03076158969873316
81,Cifar100,FedALA,79,3.0618628009513795,0.2426392572944297,0.8803563567382517,0.08473111079447666,0.031030691252065264
82,Cifar100,FedALA,80,3.0545336404509857,0.24449602122015915,0.8809887504257125,0.08742483573622874,0.030835470334948715
83,Cifar100,FedALA,81,3.0441211473190397,0.2453580901856764,0.8810852857009758,0.08686244408305241,0.030896737745727716
84,Cifar100,FedALA,82,3.041942195543139,0.2443633952254642,0.8812211267637862,0.08813374109840012,0.03076546344665411
85,Cifar100,FedALA,83,3.041470149309338,0.2433023872679045,0.8811634999788963,0.0870530104542139,0.030797416643311794
86,Cifar100,FedALA,84,3.0337573896819974,0.24761273209549073,0.8814820808890961,0.08925966218952973,0.0310083948106367
87,Cifar100,FedALA,85,3.0189654908885255,0.24774535809018566,0.88264203730264,0.08772172419226809,0.030045781743355482
88,Cifar100,FedALA,86,3.0181542515172173,0.2496021220159151,0.8823936212032755,0.0886063999815321,0.030599303899431347
89,Cifar100,FedALA,87,3.0171765283940566,0.24920424403183025,0.8823803701299107,0.08831852605445104,0.03095733617702421
90,Cifar100,FedALA,88,3.008333365120696,0.2510610079575597,0.8829307433210593,0.08690818756446872,0.030857754931069365
91,Cifar100,FedALA,89,3.0134404065640403,0.24927055702917772,0.8822997427411566,0.08998729516856266,0.03154876283037057
92,Cifar100,FedALA,90,2.99647237968789,0.24946949602122015,0.8834096797721319,0.08798804529624206,0.03035481143312947
93,Cifar100,FedALA,91,3.000655413026672,0.2507294429708223,0.8830430591862758,0.08940393142526802,0.030578703379642674
94,Cifar100,FedALA,92,2.9891017372459827,0.25112732095490714,0.883492172307308,0.08607116662041214,0.030598060724331147
95,Cifar100,FedALA,93,2.9895916586872238,0.2502652519893899,0.8830841809436998,0.08775283379597967,0.03107644426876805
96,Cifar100,FedALA,94,2.973581877811216,0.25311671087533155,0.8844130925451263,0.08680163484912011,0.030150261062191857
97,Cifar100,FedALA,95,2.963620624346743,0.25517241379310346,0.8847644228387151,0.08926835340755626,0.029997644123007018
98,Cifar100,FedALA,96,2.959380078131892,0.2570291777188329,0.8852753609889153,0.08689028491198209,0.029930008315505546
99,Cifar100,FedALA,97,2.955634868445337,0.25610079575596817,0.8850389653848485,0.08963219710981381,0.029683350131833
100,Cifar100,FedALA,98,2.955707971505987,0.25590185676392574,0.8848064986784405,0.08949961103200342,0.02974347639650207
101,Cifar100,FedALA,99,2.9515237920377047,0.25503978779840847,0.88511194365218,0.09008332142072109,0.03005901182242206
102,Cifar100,FedALA,100,2.946262429265669,0.2583554376657825,0.8853919826826816,0.08829915094488146,0.03008235758196909
1,case,method,group,Loss,Accurancy,AUC,Std Test Accurancy,Std Test AUC
2,Cifar100,FedALA_AAW,0,4.615120028525973,0.007228116710875331,0.49633495271818656,0.01128076503984541,0.07394823986012679
3,Cifar100,FedALA_AAW,1,3.9039202915392845,0.11578249336870026,0.6681710733609307,0.16114304326570492,0.16827408129304985
4,Cifar100,FedALA_AAW,2,3.512279862004722,0.1706896551724138,0.7530769238906505,0.16728155344807927,0.15656765562767275
5,Cifar100,FedALA_AAW,3,3.2994662715596577,0.1946949602122016,0.7925351713361496,0.17301373189492572,0.1393801141427238
6,Cifar100,FedALA_AAW,4,3.1088248020734266,0.20789124668435013,0.8222991364986019,0.16133264022058053,0.12088714350526775
7,Cifar100,FedALA_AAW,5,2.9763201153473484,0.2202917771883289,0.843492306134398,0.1552190411648507,0.10322841267983676
8,Cifar100,FedALA_AAW,6,2.8961667235826125,0.226657824933687,0.8537789791117162,0.14805175281929914,0.09475553876290775
9,Cifar100,FedALA_AAW,7,2.782578878461584,0.24681697612732095,0.8626782072092077,0.16595406924894388,0.09015728518064955
10,Cifar100,FedALA_AAW,8,2.729919429255539,0.256631299734748,0.8716651551599572,0.14990976068592518,0.08254927378340654
11,Cifar100,FedALA_AAW,9,2.6360887059606033,0.263395225464191,0.8764135627861435,0.16749793696697018,0.07899051920733188
12,Cifar100,FedALA_AAW,10,2.6528222186837103,0.2570291777188329,0.882151214892461,0.1427982183342883,0.06792656918197106
13,Cifar100,FedALA_AAW,11,2.566185777504717,0.27122015915119363,0.8835201358268258,0.15643342060803442,0.07243562603771897
14,Cifar100,FedALA_AAW,12,2.569864938623978,0.27214854111405834,0.8850827903111613,0.14622172459971877,0.06789502308741399
15,Cifar100,FedALA_AAW,13,2.569255465343508,0.2654509283819629,0.8869417341681297,0.14411313636635453,0.06265137251748627
16,Cifar100,FedALA_AAW,14,2.4888227328722903,0.27778514588859415,0.8917833607698363,0.146885290709043,0.06224099447645129
17,Cifar100,FedALA_AAW,15,2.446549469210113,0.2873342175066313,0.897340485860368,0.14203386656197656,0.059096764302579215
18,Cifar100,FedALA_AAW,16,2.4300161160122493,0.28812997347480107,0.8962115113412691,0.1477069942708917,0.060094001270029
19,Cifar100,FedALA_AAW,17,2.4550548908990026,0.2816976127320955,0.8969992664290394,0.14074473707863222,0.05475185318550683
20,Cifar100,FedALA_AAW,18,2.42873648679009,0.28328912466843503,0.8978332748050158,0.14364620118892188,0.0558379835443009
21,Cifar100,FedALA_AAW,19,2.3711907975474187,0.2902519893899204,0.9001180170023242,0.14086810363231694,0.057711284048729314
22,Cifar100,FedALA_AAW,20,2.3712587290908016,0.2909814323607427,0.9009551455988479,0.13984303977577084,0.05454873955181342
23,Cifar100,FedALA_AAW,21,2.3369388763463723,0.29217506631299733,0.9022063089266555,0.14667581083849848,0.05464483794267652
24,Cifar100,FedALA_AAW,22,2.3160475271074326,0.2893236074270557,0.904782730296916,0.13341548263504935,0.052811772839054645
25,Cifar100,FedALA_AAW,23,2.2903851987303874,0.2986737400530504,0.9051568440040122,0.14634558326180294,0.05673975211519129
26,Cifar100,FedALA_AAW,24,2.278412182969271,0.2984084880636605,0.9048957137123143,0.13355616685581218,0.052993500709116376
27,Cifar100,FedALA_AAW,25,2.2750574927052236,0.30179045092838197,0.9068938575603451,0.12837669361983234,0.05078889256037651
28,Cifar100,FedALA_AAW,26,2.2559308908049056,0.3046419098143236,0.9070316891615096,0.1391181846100251,0.05182845154200592
29,Cifar100,FedALA_AAW,27,2.2402672203905505,0.3086870026525199,0.9053974173666872,0.1378951898522519,0.0560821801404493
30,Cifar100,FedALA_AAW,28,2.211810144290093,0.3090185676392573,0.9105662847174232,0.130542863054562,0.047946123215977174
31,Cifar100,FedALA_AAW,29,2.2299054034746026,0.3054376657824934,0.9071583437347087,0.13876869605174638,0.052771611525961236
32,Cifar100,FedALA_AAW,30,2.227292377776121,0.3093501326259947,0.9083019651238448,0.14447814261895808,0.05045002198308854
33,Cifar100,FedALA_AAW,31,2.2120686687850077,0.30881962864721485,0.9086353008842486,0.13572101600826741,0.048999881284897885
34,Cifar100,FedALA_AAW,32,2.207371458594091,0.31080901856763926,0.9095324460699079,0.13779389718700324,0.049308526843078765
35,Cifar100,FedALA_AAW,33,2.185706362212764,0.31425729442970823,0.9084585855634694,0.13788491989177082,0.0500340909026129
36,Cifar100,FedALA_AAW,34,2.1580655079029016,0.31240053050397876,0.9112129135019144,0.1322206023071695,0.048535911790097974
37,Cifar100,FedALA_AAW,35,2.136511801290343,0.31187002652519896,0.9122536714693047,0.13393122977788754,0.04805384616460428
38,Cifar100,FedALA_AAW,36,2.157440718607091,0.31783819628647214,0.9118557163770912,0.1397761411474771,0.04788523050217028
39,Cifar100,FedALA_AAW,37,2.149772290470399,0.31286472148541117,0.9117114707015719,0.13878855989296557,0.0490974332078285
40,Cifar100,FedALA_AAW,38,2.142400685263572,0.31717506631299736,0.909870144227825,0.13922577354793642,0.05093615949459531
41,Cifar100,FedALA_AAW,39,2.108169656926291,0.32314323607427053,0.9141921145660596,0.13503749849506597,0.047401650039092635
42,Cifar100,FedALA_AAW,40,2.104363179340188,0.31889920424403184,0.9148300864731335,0.13112737832050517,0.04639251710159372
43,Cifar100,FedALA_AAW,41,2.100686522866566,0.3273872679045093,0.913295279810996,0.14447656859035723,0.050584934826252474
44,Cifar100,FedALA_AAW,42,2.100942246720935,0.32526525198938994,0.9133334770068311,0.13387711493400362,0.047282961355584685
45,Cifar100,FedALA_AAW,43,2.0849422059858354,0.3220159151193634,0.9147631650450645,0.13668078327821015,0.04696604018366458
46,Cifar100,FedALA_AAW,44,2.0657523135003046,0.32718832891246685,0.9135072137534777,0.13063415652836505,0.04773167091462005
47,Cifar100,FedALA_AAW,45,2.078785180227358,0.3228779840848806,0.9133814839705192,0.12911688924462225,0.04543347865296819
48,Cifar100,FedALA_AAW,46,2.057044144627734,0.3210212201591512,0.9128643462729313,0.13270253819254496,0.046352169373423006
49,Cifar100,FedALA_AAW,47,2.0480352848247,0.3265915119363395,0.9139317281652454,0.1329448748820123,0.04754070946764773
50,Cifar100,FedALA_AAW,48,2.0334127888027176,0.33076923076923076,0.9154070643091996,0.13538520309668906,0.04684100345695305
51,Cifar100,FedALA_AAW,49,2.0337825021530747,0.32950928381962863,0.9154667255165843,0.1335009853517096,0.04662353443861372
52,Cifar100,FedALA_AAW,50,2.022880373397383,0.3312997347480106,0.9157434736730292,0.13025230485420158,0.047343864914425486
53,Cifar100,FedALA_AAW,51,2.0105547736339004,0.33017241379310347,0.9164110872824003,0.1276864079276777,0.04583159436924482
54,Cifar100,FedALA_AAW,52,2.010954340081971,0.3311007957559682,0.9156149509267002,0.13088589867371825,0.04502521729449694
55,Cifar100,FedALA_AAW,53,2.003874759147949,0.3273209549071618,0.9157949680892497,0.13050850703515476,0.044005214405739415
56,Cifar100,FedALA_AAW,54,2.0106348876841285,0.3269230769230769,0.9161017317772309,0.13461880150313374,0.04609171966251532
57,Cifar100,FedALA_AAW,55,1.9758071642798076,0.33249336870026525,0.9160527940506963,0.12839754807088258,0.0452826546489067
58,Cifar100,FedALA_AAW,56,1.9721037086046278,0.3358753315649867,0.916985428210133,0.12311557996780151,0.04405139935130815
59,Cifar100,FedALA_AAW,57,1.9782635582129813,0.3311007957559682,0.9181251759145566,0.1275208721219769,0.04282762436964836
60,Cifar100,FedALA_AAW,58,1.979660605481246,0.3311671087533157,0.9172392706307155,0.12826945756001287,0.04416638092620319
61,Cifar100,FedALA_AAW,59,1.9857538213118668,0.3322281167108753,0.9158211815952079,0.13384584276487901,0.044897456185523904
62,Cifar100,FedALA_AAW,60,1.993652919286809,0.329973474801061,0.91644899237687,0.13039830152771484,0.04441648595531444
63,Cifar100,FedALA_AAW,61,1.9446605897850011,0.33647214854111407,0.9176877363821,0.14054347763806702,0.04550544877724507
64,Cifar100,FedALA_AAW,62,1.927210305558729,0.33653846153846156,0.9179097907276312,0.12446284418022921,0.04375940798967382
65,Cifar100,FedALA_AAW,63,1.9527397412456198,0.33448275862068966,0.9160003177735454,0.1361479408257098,0.04528308230868524
66,Cifar100,FedALA_AAW,64,1.939901837440872,0.3410477453580902,0.9186336918883018,0.133895033982661,0.04418499769825477
67,Cifar100,FedALA_AAW,65,1.915549116707419,0.3342838196286472,0.9182251360238793,0.1297182572426513,0.04411617570812108
68,Cifar100,FedALA_AAW,66,1.9188187592018635,0.33687002652519893,0.9178917009748299,0.13292298548892692,0.04537982224228126
69,Cifar100,FedALA_AAW,67,1.914154856310105,0.3383289124668435,0.9176892877944854,0.126456121188731,0.043752878486526196
70,Cifar100,FedALA_AAW,68,1.921070025598158,0.33706896551724136,0.9176740535824979,0.13194460174780148,0.044925024971943284
71,Cifar100,FedALA_AAW,69,1.9089362506771315,0.3373342175066313,0.9198128063784506,0.12399226492832824,0.04270656467754468
72,Cifar100,FedALA_AAW,70,1.9077654858501818,0.3374668435013263,0.9179853741221683,0.1283495595571386,0.043508127919178304
73,Cifar100,FedALA_AAW,71,1.8926696578203719,0.33554376657824936,0.9188341642293629,0.1317842926714445,0.04285729721257976
74,Cifar100,FedALA_AAW,72,1.8982586348400097,0.3385941644562334,0.9193451654156853,0.13160482082415756,0.04335662752812397
75,Cifar100,FedALA_AAW,73,1.8927829152920568,0.33554376657824936,0.918623558780948,0.13354130554202487,0.04448901461242309
76,Cifar100,FedALA_AAW,74,1.8759657363787676,0.3364058355437666,0.9189698709124661,0.12510857288901334,0.04103006782007422
77,Cifar100,FedALA_AAW,75,1.862920394870827,0.34011936339522547,0.9189656131170608,0.12328468129523892,0.04224727492752793
78,Cifar100,FedALA_AAW,76,1.8417005282816283,0.34708222811671086,0.9197991790147977,0.1334975488370787,0.04408273011958717
79,Cifar100,FedALA_AAW,77,1.8391912974477165,0.34529177718832893,0.9193844817990635,0.13662250901555534,0.04590922187641943
80,Cifar100,FedALA_AAW,78,1.8246357751479807,0.34171087533156497,0.9203942667685231,0.1257518290792731,0.043485434748084105
81,Cifar100,FedALA_AAW,79,1.8515395630594609,0.343236074270557,0.9194288899653568,0.13271653843156514,0.042773075906591504
82,Cifar100,FedALA_AAW,80,1.8688919337810062,0.34084880636604775,0.9183749668582672,0.13167888736927247,0.043879544113686254
83,Cifar100,FedALA_AAW,81,1.8273208183744543,0.35,0.9195801082461976,0.13332156941997683,0.04447326817541105
84,Cifar100,FedALA_AAW,82,1.8292776565766817,0.34283819628647216,0.9205847483584344,0.1251941894921973,0.04206354504799862
85,Cifar100,FedALA_AAW,83,1.8453566825060255,0.3413793103448276,0.9194511485462802,0.1294987550726828,0.043189808232287547
86,Cifar100,FedALA_AAW,84,1.8266450594846781,0.3473474801061008,0.9194845818724213,0.1338923080117287,0.04513729431849229
87,Cifar100,FedALA_AAW,85,1.820967470263411,0.3392572944297082,0.9215631052404516,0.11834450630519533,0.03917031397455607
88,Cifar100,FedALA_AAW,86,1.7929961543981483,0.3492705570291777,0.9215032766159353,0.12734329607984876,0.04163021796852025
89,Cifar100,FedALA_AAW,87,1.793530196451819,0.34787798408488063,0.9223369697805818,0.1250811701460948,0.04345654614986444
90,Cifar100,FedALA_AAW,88,1.780964491278966,0.34641909814323607,0.9222281098453551,0.11886758881442876,0.04117230183888347
91,Cifar100,FedALA_AAW,89,1.823004196084235,0.34529177718832893,0.9194445438770215,0.1295959258267685,0.043201014616910505
92,Cifar100,FedALA_AAW,90,1.7925729574087002,0.34509283819628644,0.9198931453619723,0.1288917721162563,0.041892483920413774
93,Cifar100,FedALA_AAW,91,1.7916456334639264,0.3485411140583554,0.9215832717483589,0.1260728233828897,0.04153073405796257
94,Cifar100,FedALA_AAW,92,1.8056013848926342,0.34436339522546416,0.9205080273866467,0.1285193116064584,0.0429517322670678
95,Cifar100,FedALA_AAW,93,1.8060977068806272,0.3439655172413793,0.9192864597369081,0.13347753763940187,0.04347886296895974
96,Cifar100,FedALA_AAW,94,1.7829566012015305,0.3479442970822281,0.9196753819301113,0.13645272022300478,0.043839271130341945
97,Cifar100,FedALA_AAW,95,1.755038254742255,0.3513925729442971,0.9225413084098526,0.13277758490366395,0.04233184606213301
98,Cifar100,FedALA_AAW,96,1.770626607862051,0.34900530503978777,0.9212041968471598,0.1232359913741473,0.04162757549556694
99,Cifar100,FedALA_AAW,97,1.751704756183204,0.3458885941644562,0.9213175497740046,0.121477336582599,0.041824377203927315
100,Cifar100,FedALA_AAW,98,1.7692304857295749,0.35172413793103446,0.9222996560365352,0.13091428425763804,0.04178461161662449
101,Cifar100,FedALA_AAW,99,1.7407719114156353,0.34986737400530504,0.9210001906823043,0.12769566639908092,0.04156605125888655
102,Cifar100,FedALA_AAW,100,1.7594509364745319,0.35159151193633953,0.9223200381138942,0.12500312872082503,0.040802437067858986
1,case,method,group,Loss,Accurancy,AUC,Std Test Accurancy,Std Test AUC
2,Cifar100,FedProx,0,4.615120028525973,0.007228116710875331,0.49633495271818656,0.01128076503984541,0.07394823986012679
3,Cifar100,FedProx,1,4.540637643414421,0.0246684350132626,0.5978313083460917,0.029395424145444705,0.06924600428094649
4,Cifar100,FedProx,2,4.44530168783608,0.04184350132625995,0.6533110712224404,0.040691451596103066,0.062427767334877406
5,Cifar100,FedProx,3,4.343615508021811,0.05517241379310345,0.6922584003728696,0.045730983011916165,0.05816470982543107
6,Cifar100,FedProx,4,4.251740564842946,0.06472148541114059,0.7196525200603485,0.047394739068402435,0.05734204639150227
7,Cifar100,FedProx,5,4.178321287512918,0.07553050397877985,0.735987729188081,0.04951521025641178,0.056309834660346725
8,Cifar100,FedProx,6,4.1189322734663625,0.07984084880636605,0.7501431503291706,0.052292964612279356,0.05513716470830427
9,Cifar100,FedProx,7,4.073012851219396,0.08806366047745358,0.7579580480845071,0.05400689327038742,0.05956141033876091
10,Cifar100,FedProx,8,4.025551159756179,0.09588859416445623,0.7680519312840126,0.05621524673250768,0.0568292096155636
11,Cifar100,FedProx,9,3.9838799562495266,0.10245358090185676,0.7759756876208519,0.05946763163826891,0.05611445233294435
12,Cifar100,FedProx,10,3.9450128983245625,0.1062997347480106,0.7835957439772067,0.05877767123789815,0.05141519018956151
13,Cifar100,FedProx,11,3.9185695096878455,0.10782493368700265,0.7874774076621183,0.057011788557576736,0.05214598528173758
14,Cifar100,FedProx,12,3.8855682257674773,0.11273209549071618,0.7944709066768021,0.05946752136436627,0.04660322093413184
15,Cifar100,FedProx,13,3.856317960744608,0.11379310344827587,0.8003781961395285,0.059030852559470916,0.04378569947889859
16,Cifar100,FedProx,14,3.8291094695186763,0.11664456233421751,0.8050946312966976,0.057919525824454636,0.04315468014308339
17,Cifar100,FedProx,15,3.8044205553636607,0.12175066312997347,0.8085472156981429,0.06241588707274461,0.042423152172449755
18,Cifar100,FedProx,16,3.7846034125106853,0.1253315649867374,0.8111499323315523,0.06269555359955259,0.04201587512150143
19,Cifar100,FedProx,17,3.7648513199427325,0.12612732095490717,0.8148072503234355,0.05951579314559458,0.039419538404562735
20,Cifar100,FedProx,18,3.7524536880882056,0.12984084880636604,0.8157511869931838,0.06482051003918088,0.04102894079424234
21,Cifar100,FedProx,19,3.7349350442589637,0.13149867374005306,0.8178299313916072,0.06517355782783468,0.040847621926856724
22,Cifar100,FedProx,20,3.7167645594383862,0.13242705570291777,0.82059150580853,0.06345907876300196,0.0388484987679551
23,Cifar100,FedProx,21,3.69627994126315,0.1363395225464191,0.8232104316933365,0.06691555010813488,0.03755239914326119
24,Cifar100,FedProx,22,3.6847666830243972,0.1346153846153846,0.8246722985120892,0.06679809246355585,0.03846547983167337
25,Cifar100,FedProx,23,3.673263368430848,0.13806366047745358,0.8253230133620215,0.06860351961416682,0.038939092961137484
26,Cifar100,FedProx,24,3.6570727780647023,0.14011936339522546,0.8282668885092501,0.06510876812194105,0.03749409549192209
27,Cifar100,FedProx,25,3.64300846755852,0.14316976127320954,0.8291706213450979,0.06507715099272514,0.03783374853518716
28,Cifar100,FedProx,26,3.63993901944231,0.14489389920424403,0.8291613103931706,0.06618504043350422,0.03853049640079258
29,Cifar100,FedProx,27,3.629595484603609,0.1436339522546419,0.8310049595604426,0.06297970370469483,0.03825712798444393
30,Cifar100,FedProx,28,3.6144530746922476,0.14781167108753315,0.8331916446226678,0.0629357417643251,0.03604546632494298
31,Cifar100,FedProx,29,3.6085870994224383,0.1493368700265252,0.8336123364699481,0.0650321447822559,0.035989138780085014
32,Cifar100,FedProx,30,3.59458837909548,0.1513262599469496,0.8354049012830046,0.06561110062809994,0.03478384846697611
33,Cifar100,FedProx,31,3.5825526749383365,0.15285145888594165,0.83608242777274,0.06892202283820797,0.034959094950306066
34,Cifar100,FedProx,32,3.575620055978933,0.15324933687002654,0.8364073172744734,0.06898045510508453,0.034809883362178835
35,Cifar100,FedProx,33,3.560825556353647,0.15676392572944298,0.8377117283146849,0.06868802645707144,0.0346516388899344
36,Cifar100,FedProx,34,3.556883921144811,0.15510610079575596,0.8381025697870589,0.06748188080773418,0.03348082090876623
37,Cifar100,FedProx,35,3.5496141080908483,0.15590185676392573,0.8394286412089639,0.06779710510975442,0.03379012260111013
38,Cifar100,FedProx,36,3.54643245025204,0.15550397877984085,0.8394565871891044,0.06585355547210217,0.034533039191447394
39,Cifar100,FedProx,37,3.544483201371002,0.15457559681697614,0.8399691908933273,0.06813389200723464,0.034425989488430585
40,Cifar100,FedProx,38,3.5342225154066345,0.1579575596816976,0.8404828880502393,0.06908839535299292,0.03425427170311187
41,Cifar100,FedProx,39,3.5149168353342404,0.15948275862068967,0.8430030589013373,0.0699015288751484,0.03173428428948972
42,Cifar100,FedProx,40,3.5135346822948996,0.15908488063660478,0.8424019048496224,0.06604978437997555,0.033606141103344395
43,Cifar100,FedProx,41,3.5079321401659858,0.15915119363395225,0.8429821756081955,0.06721035425364795,0.033900530821418806
44,Cifar100,FedProx,42,3.4992331935773033,0.16246684350132626,0.8439987791742035,0.06821204408083173,0.032819600604886846
45,Cifar100,FedProx,43,3.4957768339635353,0.1646551724137931,0.8437707998499591,0.06955012117380056,0.03286552521869261
46,Cifar100,FedProx,44,3.4846230875608857,0.16690981432360744,0.8446285836970578,0.07194151288922163,0.033012576796351466
47,Cifar100,FedProx,45,3.4787485533676414,0.16863395225464192,0.8451887458949164,0.07081235350269002,0.032904258785341776
48,Cifar100,FedProx,46,3.475456019442124,0.16624668435013262,0.8452866997188127,0.07054338032842336,0.032556742794018684
49,Cifar100,FedProx,47,3.469845744998725,0.16412466843501325,0.8462004712795214,0.06870840941332006,0.03189039495008991
50,Cifar100,FedProx,48,3.454539289893906,0.16856763925729443,0.8471219567002081,0.06988782395053324,0.03174075626213528
51,Cifar100,FedProx,49,3.4569017936924076,0.16810344827586207,0.8471743743449733,0.0664978348958864,0.03145984403433383
52,Cifar100,FedProx,50,3.4602619274511452,0.1629973474801061,0.8468589164716869,0.06144564167796229,0.031635641676636274
53,Cifar100,FedProx,51,3.459454540569109,0.1633289124668435,0.8468164723388941,0.06358746105840532,0.03182272872168876
54,Cifar100,FedProx,52,3.440967722274921,0.16823607427055703,0.8486054611590123,0.06583908202036166,0.030794482893957448
55,Cifar100,FedProx,53,3.4366552962226886,0.17022546419098145,0.8487123972715813,0.06927676041677026,0.031242793467432275
56,Cifar100,FedProx,54,3.4357302398635894,0.1693633952254642,0.848396070100386,0.06964717232299399,0.03199920178638739
57,Cifar100,FedProx,55,3.428473014676773,0.1710212201591512,0.8487324333015397,0.06789246238898597,0.032204111706262674
58,Cifar100,FedProx,56,3.424958714196407,0.17314323607427057,0.848579895049226,0.0722927835419473,0.03250381146309326
59,Cifar100,FedProx,57,3.419785983352119,0.17254641909814322,0.8490547640177944,0.07032384309203447,0.03197873344697502
60,Cifar100,FedProx,58,3.4192064971621554,0.17148541114058355,0.8492386022532981,0.06864662573056629,0.03244314236911675
61,Cifar100,FedProx,59,3.411501440207306,0.17082228116710876,0.8499057373578197,0.06758907464358514,0.031604964707891633
62,Cifar100,FedProx,60,3.408729523695564,0.17327586206896553,0.8496862698769703,0.06732551735894185,0.0315202502593954
63,Cifar100,FedProx,61,3.403417971378312,0.17354111405835543,0.8501046994866914,0.06599875604395751,0.031384307902458095
64,Cifar100,FedProx,62,3.4028329353401783,0.17267904509283818,0.8500525497193893,0.06876705062189688,0.03188841674902635
65,Cifar100,FedProx,63,3.399498414081554,0.17122015915119362,0.8506888249651141,0.06939819711700072,0.03147830713553342
66,Cifar100,FedProx,64,3.397915735321067,0.17188328912466844,0.8506777579149466,0.06711550442647711,0.03188324904371881
67,Cifar100,FedProx,65,3.399806652049425,0.1723474801061008,0.8501369862600098,0.06777888105664287,0.031981853021112915
68,Cifar100,FedProx,66,3.3981609598174924,0.1743368700265252,0.8497143907118653,0.07007597990991306,0.03302293766302645
69,Cifar100,FedProx,67,3.3834031657350443,0.17460212201591513,0.8512493457325916,0.06733083185009482,0.031561525590796134
70,Cifar100,FedProx,68,3.3792004246973812,0.1720159151193634,0.8518962469934954,0.06707231983319976,0.030569561203767873
71,Cifar100,FedProx,69,3.3731342605504286,0.1746684350132626,0.8518458826817433,0.06922587732441204,0.030891388445786053
72,Cifar100,FedProx,70,3.3708081768519524,0.17440318302387267,0.851430923367055,0.07085789447117628,0.031062792745515065
73,Cifar100,FedProx,71,3.363086591469785,0.17586206896551723,0.8518751785774412,0.0697549746650211,0.031153647918519895
74,Cifar100,FedProx,72,3.3590034594463574,0.1742705570291777,0.8525501432846189,0.06771204115837556,0.031165305905382808
75,Cifar100,FedProx,73,3.360618154548117,0.17453580901856763,0.85219859489459,0.06753162877416613,0.031171960976367916
76,Cifar100,FedProx,74,3.349282165835131,0.17572944297082227,0.8532278526738175,0.06903210172753944,0.030418946942722146
77,Cifar100,FedProx,75,3.3510776853642636,0.1736737400530504,0.8529648446988775,0.06857202009230713,0.03107657892787585
78,Cifar100,FedProx,76,3.352774815934341,0.17751989389920425,0.8521610451236794,0.06907394330714288,0.031534328260552205
79,Cifar100,FedProx,77,3.351657905204942,0.17526525198938991,0.8521505758586275,0.07027649538809992,0.03133330450379026
80,Cifar100,FedProx,78,3.3455132955095217,0.1756631299734748,0.8528567116066715,0.0682099564634574,0.031211000260768642
81,Cifar100,FedProx,79,3.344852431610562,0.17751989389920425,0.8526494028565735,0.06856714310557017,0.03140322812786085
82,Cifar100,FedProx,80,3.339279339237191,0.1765915119363395,0.8531834418358427,0.0706618626025202,0.031139711038913942
83,Cifar100,FedProx,81,3.330675905374821,0.17924403183023874,0.8531667801536474,0.07090035573135714,0.03147254267021809
84,Cifar100,FedProx,82,3.330498541923507,0.1765915119363395,0.8532976188017056,0.06988108207391591,0.031295903711845194
85,Cifar100,FedProx,83,3.3320115245287485,0.1776525198938992,0.8531133068045833,0.06711371150739609,0.03118082493343601
86,Cifar100,FedProx,84,3.326106944041841,0.17771883289124668,0.8534038108050348,0.0687639138552625,0.03143781217526564
87,Cifar100,FedProx,85,3.312990978145069,0.1779840848806366,0.8545275232229761,0.0688127352043462,0.030691516219571464
88,Cifar100,FedProx,86,3.31473867081745,0.17984084880636605,0.8541816077265942,0.0702452938764536,0.030844676343691774
89,Cifar100,FedProx,87,3.315760403962389,0.17824933687002653,0.8541242943441083,0.06944457717594663,0.03142933435009402
90,Cifar100,FedProx,88,3.3085075557461705,0.18003978779840848,0.8546322921150524,0.06887765478713788,0.03156440361434176
91,Cifar100,FedProx,89,3.316558101359348,0.1796419098143236,0.8536557797351442,0.07263050762933958,0.03203627500725862
92,Cifar100,FedProx,90,3.301419342321996,0.1779840848806366,0.8545700734217002,0.07150654574060125,0.031098490732800355
93,Cifar100,FedProx,91,3.3082362552197067,0.178315649867374,0.8540481940144423,0.0710481143704346,0.030751726362049734
94,Cifar100,FedProx,92,3.2982832340502393,0.17944297082228117,0.8546174850927475,0.07038012892124036,0.03086664450230062
95,Cifar100,FedProx,93,3.302047912998391,0.178315649867374,0.8540071629236258,0.069538772241447,0.0310979799196013
96,Cifar100,FedProx,94,3.2879286879040803,0.18037135278514588,0.8554366146747954,0.0671487369695766,0.030342094816951964
97,Cifar100,FedProx,95,3.2799836620668397,0.18050397877984084,0.8555688899342402,0.06952380247794464,0.030239258148273763
98,Cifar100,FedProx,96,3.2782121134490527,0.18123342175066312,0.8561554509216978,0.06730308082796635,0.029806884758147283
99,Cifar100,FedProx,97,3.2756295846543866,0.18096816976127322,0.8557632447998634,0.06906691853872789,0.02975928345465641
100,Cifar100,FedProx,98,3.2775915194458785,0.18156498673740054,0.8553289390288726,0.06847850839769253,0.029788211606052988
101,Cifar100,FedProx,99,3.275545020194521,0.18090185676392573,0.855599952889374,0.07028367904518425,0.030544036001777655
102,Cifar100,FedProx,100,3.2717770614063304,0.18183023872679044,0.8558317189245529,0.06775659163200404,0.030757139513727952
1,case,method,group,Loss,Accurancy,AUC,Std Test Accurancy,Std Test AUC
2,Cifar100,MOON,0,7.350396660243643,0.010079575596816976,0.5000443308711638,0.03142899377802596,0.10194635687186163
3,Cifar100,MOON,1,4.969817026756189,0.027320954907161802,0.5275084229736018,0.037555355052742635,0.10676998847726599
4,Cifar100,MOON,2,4.608979556011767,0.04509283819628647,0.5858698474515612,0.04506173252290145,0.1059297905841074
5,Cifar100,MOON,3,4.466296240448214,0.04973474801061008,0.6397070798324984,0.049906359481169435,0.10057895845677559
6,Cifar100,MOON,4,4.380577541686682,0.06094164456233422,0.6693067422727493,0.05196958316222918,0.09872732604984402
7,Cifar100,MOON,5,4.314190048279168,0.06744031830238727,0.6858875930421358,0.04859724687697788,0.09010384992869422
8,Cifar100,MOON,6,4.249154705557921,0.0759946949602122,0.7033698371740746,0.05493440850146506,0.08515681952041401
9,Cifar100,MOON,7,4.206072580415679,0.08421750663129973,0.7102992049361144,0.055746413956738294,0.09073681217025514
10,Cifar100,MOON,8,4.1454435418798585,0.08507957559681698,0.7276826290482892,0.05459341475004832,0.08015544499152302
11,Cifar100,MOON,9,4.0989462954574964,0.09456233421750664,0.7366885245100456,0.06288791778950188,0.07613030318338056
12,Cifar100,MOON,10,4.046766312146073,0.0973474801061008,0.748488605006835,0.05808713003761486,0.06675430079633246
13,Cifar100,MOON,11,4.021703903775338,0.09940318302387267,0.7504547571480195,0.059228367259484924,0.06904587374559851
14,Cifar100,MOON,12,3.976630619007686,0.10305039787798409,0.7622352553558494,0.05782422582979355,0.05772068498142318
15,Cifar100,MOON,13,3.9412163815925467,0.10696286472148542,0.7686182337911623,0.0645561376041649,0.053172918078225974
16,Cifar100,MOON,14,3.9169779649542273,0.10994694960212202,0.7722077212220364,0.05989316113499449,0.05439364922856625
17,Cifar100,MOON,15,3.8948557495931913,0.1123342175066313,0.774871360487249,0.06174343512568767,0.05310849496828089
18,Cifar100,MOON,16,3.871359272483303,0.11737400530503979,0.7779630294469247,0.0649051322148868,0.051330746768915934
19,Cifar100,MOON,17,3.847007201849415,0.11710875331564986,0.7831288715787491,0.06662500546918527,0.04613834045480653
20,Cifar100,MOON,18,3.8379544587688126,0.12214854111405836,0.7824718942858641,0.06621730432289107,0.05018873149422162
21,Cifar100,MOON,19,3.8152527251789135,0.12924403183023872,0.7842523016561826,0.06644181647906265,0.0480975331751358
22,Cifar100,MOON,20,3.791894126000409,0.12692307692307692,0.7898471917069193,0.06322273064843144,0.042859761141177836
23,Cifar100,MOON,21,3.766317039399492,0.13262599469496023,0.7920383688993091,0.06523050853084045,0.042746911573126004
24,Cifar100,MOON,22,3.766169345492174,0.12917771883289125,0.7924904912534332,0.063704246557843,0.04267619109549096
25,Cifar100,MOON,23,3.757446012678226,0.12970822281167108,0.7929724790704598,0.06736566881889557,0.04439779836127691
26,Cifar100,MOON,24,3.737349190717747,0.13183023872679045,0.7965451381128528,0.06439788619274092,0.04072960162044425
27,Cifar100,MOON,25,3.721751824404791,0.1373342175066313,0.7971999155107587,0.06638323915992277,0.04155220724373581
28,Cifar100,MOON,26,3.728734200368235,0.1360079575596817,0.7968408382445752,0.06761189106372924,0.043017931709700676
29,Cifar100,MOON,27,3.712203105682644,0.1399867374005305,0.7997872736799916,0.06778153055686102,0.04108229713366555
30,Cifar100,MOON,28,3.6862654534891606,0.14118037135278513,0.8032886918410593,0.06800144499737315,0.035829289486222535
31,Cifar100,MOON,29,3.6915969442094183,0.14389920424403183,0.8028082600412135,0.06689236620160177,0.03693538995567289
32,Cifar100,MOON,30,3.6750594121259947,0.1446949602122016,0.8052594610314722,0.06399790740331866,0.03547269842000959
33,Cifar100,MOON,31,3.661044032105756,0.14588859416445624,0.8056768663579679,0.0671322021138225,0.03558871496383704
34,Cifar100,MOON,32,3.6599844317687187,0.1464190981432361,0.8055112373460857,0.06559020622611611,0.03591776054043959
35,Cifar100,MOON,33,3.6456335893310494,0.14973474801061007,0.8070015677454995,0.06679201866769054,0.03576772022577918
36,Cifar100,MOON,34,3.646879432346322,0.14522546419098142,0.8073288155187541,0.06901608760236345,0.03351966634572668
37,Cifar100,MOON,35,3.6333347285669246,0.1496684350132626,0.8098573005053071,0.0665846274109734,0.03290534077219989
38,Cifar100,MOON,36,3.634176975535158,0.14681697612732095,0.8093722388500045,0.06291094571084366,0.033674196471456384
39,Cifar100,MOON,37,3.635980563434498,0.14774535809018569,0.8094984602573115,0.06396672701442857,0.03382379028349054
40,Cifar100,MOON,38,3.620665241824793,0.15212201591511937,0.8105703404533952,0.06893932036504073,0.033346178097726886
41,Cifar100,MOON,39,3.601626303923736,0.1543103448275862,0.812495530346582,0.06777444192044316,0.031224446261060745
42,Cifar100,MOON,40,3.6069059165445645,0.1529840848806366,0.8118468527687328,0.06511676615335506,0.03309591363693058
43,Cifar100,MOON,41,3.6009657315440236,0.15384615384615385,0.8119265020595822,0.06516891026677364,0.033399263826055334
44,Cifar100,MOON,42,3.5908188427936483,0.15629973474801062,0.8137851006591241,0.0661786000630413,0.03153884018805739
45,Cifar100,MOON,43,3.594728769106383,0.15755968169761272,0.8133772745543568,0.06614039865581689,0.032110519075519456
46,Cifar100,MOON,44,3.5840275711455516,0.15789124668435014,0.8142490847857047,0.06754252821624097,0.031265793807653645
47,Cifar100,MOON,45,3.5793925389616756,0.15875331564986736,0.814761868602669,0.0664934495532942,0.031814845602016195
48,Cifar100,MOON,46,3.5806536389062043,0.15709549071618037,0.8143661483911893,0.06869396839772504,0.03183739628147197
49,Cifar100,MOON,47,3.573320104868906,0.15523872679045092,0.8159208809799033,0.06792260243562691,0.030305385796938113
50,Cifar100,MOON,48,3.552055709981217,0.16047745358090185,0.8167771031882827,0.06434027001292153,0.02989092435484143
51,Cifar100,MOON,49,3.5677292549074644,0.15583554376657824,0.8164180070496803,0.06514243251577952,0.03073965750096362
52,Cifar100,MOON,50,3.5706236849854713,0.15550397877984085,0.8161652829384635,0.061832176013861595,0.03108030953185884
53,Cifar100,MOON,51,3.5681601215090804,0.15789124668435014,0.816905691163715,0.060822002272578175,0.03041915634169044
54,Cifar100,MOON,52,3.5467060195387483,0.1606100795755968,0.8185988526038486,0.06564120699377005,0.02893379112842433
55,Cifar100,MOON,53,3.5448062371792926,0.16153846153846155,0.8176676197015105,0.06762958074669836,0.030699018185553765
56,Cifar100,MOON,54,3.550074792700285,0.15948275862068967,0.8171000176228891,0.06342311947858244,0.03197887626736948
57,Cifar100,MOON,55,3.54208166408697,0.15895225464190982,0.8173758488840792,0.0645033095326057,0.03150392526505458
58,Cifar100,MOON,56,3.540573518497788,0.1616710875331565,0.817841867520728,0.06801020577829382,0.03165255663787901
59,Cifar100,MOON,57,3.536696786296578,0.1633289124668435,0.8183690772318135,0.06477935444869416,0.031070766830626647
60,Cifar100,MOON,58,3.533795147813575,0.1656498673740053,0.8191937797996252,0.06735433570806075,0.03125363312816577
61,Cifar100,MOON,59,3.5252847940459184,0.16339522546419097,0.8195023729664067,0.06578976768163787,0.03044315961409274
62,Cifar100,MOON,60,3.526052072450504,0.16326259946949603,0.8188675488310246,0.06597932917905625,0.030050372171388968
63,Cifar100,MOON,61,3.5209795156263146,0.16306366047745358,0.8191200524531862,0.06322725616981695,0.029781177140826797
64,Cifar100,MOON,62,3.527288812661314,0.16259946949602122,0.8189311958189354,0.0648157865835655,0.03082883604039942
65,Cifar100,MOON,63,3.5203532315065837,0.16180371352785147,0.8196650151319599,0.06585058509872893,0.030384454787786053
66,Cifar100,MOON,64,3.521032243194809,0.1616710875331565,0.8199909813956058,0.06109128613166696,0.030838711661243124
67,Cifar100,MOON,65,3.5242428583868155,0.16492042440318302,0.8197572366928751,0.0654619341385034,0.030758682229615635
68,Cifar100,MOON,66,3.5236114129767464,0.16220159151193633,0.819638355460526,0.06590940024413038,0.031391253779313004
69,Cifar100,MOON,67,3.508132663621161,0.16611405835543766,0.8210924891767567,0.06441864310862895,0.02970427817184689
70,Cifar100,MOON,68,3.5088461305003182,0.16803713527851458,0.8208709660835429,0.06327742034346258,0.02883136289461352
71,Cifar100,MOON,69,3.5000904029200006,0.16677718832891247,0.8213163593722785,0.06761706189522086,0.029487878931449416
72,Cifar100,MOON,70,3.5018925542287587,0.16823607427055703,0.8202261616942564,0.06710054554298363,0.029847472344250912
73,Cifar100,MOON,71,3.494394735972849,0.1653183023872679,0.8213613794539608,0.06762197365038075,0.029582482688177075
74,Cifar100,MOON,72,3.4908667488380534,0.16525198938992042,0.8221433896718255,0.06427541729758247,0.02908070315986962
75,Cifar100,MOON,73,3.4897862559614143,0.16458885941644563,0.8218877790071176,0.0650127300258431,0.02909496590190253
76,Cifar100,MOON,74,3.4783635168431277,0.16750663129973475,0.8228381901876456,0.0674945743239644,0.02816879916338041
77,Cifar100,MOON,75,3.4877995336541017,0.16518567639257295,0.8217618485735061,0.06558930580822672,0.030135992306955958
78,Cifar100,MOON,76,3.4939469426514953,0.16478779840848806,0.8213723083229664,0.0650857308610945,0.03044403474871447
79,Cifar100,MOON,77,3.4879800436433244,0.16657824933687002,0.821883910088352,0.06744045100269938,0.029095368803095694
80,Cifar100,MOON,78,3.4809866971759256,0.16816976127320954,0.8225052586178392,0.06673933933236732,0.028947270187156125
81,Cifar100,MOON,79,3.48129821974558,0.16724137931034483,0.8223189106841138,0.06800000381323862,0.02924193177073273
82,Cifar100,MOON,80,3.481481946151716,0.1693633952254642,0.8222458798037924,0.06515516529204403,0.02903438285862489
83,Cifar100,MOON,81,3.4689216106037146,0.16810344827586207,0.8229693229946716,0.06613701760912813,0.02858121918926056
84,Cifar100,MOON,82,3.471732631425927,0.16724137931034483,0.8230825166936729,0.06665895553753232,0.028623049148892934
85,Cifar100,MOON,83,3.469430065885591,0.17009283819628648,0.8235081914580319,0.06840960588023626,0.028063614326985977
86,Cifar100,MOON,84,3.4661649233325655,0.17141909814323608,0.8236343937543829,0.06772791440789844,0.02858547799493042
87,Cifar100,MOON,85,3.4508052158706297,0.1693633952254642,0.8243413560541589,0.0636376907413159,0.027917869845917886
88,Cifar100,MOON,86,3.462734169944737,0.16856763925729443,0.8237031389623227,0.06632686006586545,0.0293362538507465
89,Cifar100,MOON,87,3.4611090394313972,0.1706896551724138,0.8243263525393026,0.0649413156074319,0.029026294326234863
90,Cifar100,MOON,88,3.4539503573243695,0.17015915119363395,0.8244215479733524,0.0643789544757499,0.029551031462588778
91,Cifar100,MOON,89,3.468229676777607,0.17155172413793104,0.8234963325207731,0.06772360996141892,0.029585826030737523
92,Cifar100,MOON,90,3.447679798342311,0.16956233421750663,0.8244058536554205,0.06794768673562228,0.028052822482252552
93,Cifar100,MOON,91,3.4597343951370174,0.16644562334217505,0.8235239634473023,0.06496831620108763,0.02835782442518657
94,Cifar100,MOON,92,3.4490275919079343,0.16889920424403182,0.8238650067232026,0.06491062052869855,0.028591642764396883
95,Cifar100,MOON,93,3.4564920523760296,0.16611405835543766,0.8236797825367586,0.06401982123821927,0.029081143620116476
96,Cifar100,MOON,94,3.436139063221408,0.16916445623342174,0.8252237158610362,0.06268826476492337,0.02789592451978275
97,Cifar100,MOON,95,3.4296774403173313,0.17042440318302388,0.8251601695661576,0.06505069996621203,0.027188547323331747
98,Cifar100,MOON,96,3.4328046062730584,0.16850132625994696,0.8255072421002732,0.06265802816085703,0.02715171529241004
99,Cifar100,MOON,97,3.4272410265375206,0.17042440318302388,0.8250903831982559,0.06339741389758807,0.02683353251016538
100,Cifar100,MOON,98,3.4277493216556296,0.16876657824933686,0.8251251645031433,0.06543867867910486,0.026871885074540667
101,Cifar100,MOON,99,3.4272460104889433,0.17267904509283818,0.8252626946613603,0.06719309706113766,0.027664065710903477
102,Cifar100,MOON,100,3.4277633739262754,0.16949602122015914,0.8252939531736249,0.06756224292861385,0.027969877534631905
1,case,method,group,Loss,Accurancy,AUC,Std Test Accurancy,Std Test AUC,join_ratio
2,Cifar100,PerAvg,0,4.425923355042331,0.007228116710875331,0.49633495271818656,0.01128076503984541,0.07394823986012679,0.5
3,Cifar100,PerAvg,1,4.172586875653646,0.02460212201591512,0.5976659205036898,0.02943055618536997,0.06921652862473919,0.5
4,Cifar100,PerAvg,2,3.89539986726991,0.04350132625994695,0.6524222878903744,0.040859996750081055,0.06274407417484328,0.5
5,Cifar100,PerAvg,3,3.664615212943723,0.053249336870026524,0.6913333500664016,0.04814471916653623,0.0586907959952338,0.5
6,Cifar100,PerAvg,4,3.491370848772236,0.06618037135278515,0.7177059774795207,0.04803255082434857,0.0585790235047555,0.5
7,Cifar100,PerAvg,5,3.3692663346839105,0.07513262599469496,0.734074923698987,0.051005743760315296,0.05661572067327573,0.5
8,Cifar100,PerAvg,6,3.278048561788912,0.08076923076923077,0.7482111650468984,0.052616880106724676,0.05528682301952182,0.5
9,Cifar100,PerAvg,7,3.207525141392976,0.08919098143236075,0.755574806483049,0.05196354256583725,0.0600522078265328,0.5
10,Cifar100,PerAvg,8,3.1476953918863675,0.09409814323607427,0.7656977602747338,0.05250630955258539,0.05654849591109677,0.5
11,Cifar100,PerAvg,9,3.0989083276021088,0.10053050397877984,0.7733954110212827,0.05729787272367188,0.055474681330837855,0.5
12,Cifar100,PerAvg,10,3.0532823176784967,0.10391246684350132,0.7801838595747399,0.055839034965163604,0.05105273641350063,0.5
13,Cifar100,PerAvg,11,3.0182130900717055,0.10477453580901856,0.7839017118230199,0.05362047504341979,0.05213151383762545,0.5
14,Cifar100,PerAvg,12,2.9822763186467034,0.11007957559681697,0.7912796263234242,0.05800887048491605,0.04598704233098669,0.5
15,Cifar100,PerAvg,13,2.9514167815997427,0.11220159151193634,0.796433348388268,0.057459566282077074,0.043646337456265026,0.5
16,Cifar100,PerAvg,14,2.922732431490066,0.11485411140583554,0.8014009769753191,0.05664438967563767,0.04219908380144815,0.5
17,Cifar100,PerAvg,15,2.898387044277676,0.11803713527851459,0.8039042779622946,0.058418893742239485,0.0419193235463891,0.5
18,Cifar100,PerAvg,16,2.8731964620803354,0.1226790450928382,0.806662512961048,0.06038256961013612,0.04151000790675016,0.5
19,Cifar100,PerAvg,17,2.851267004230258,0.12208222811671088,0.8104231185960369,0.060368296294600464,0.03872857406457027,0.5
20,Cifar100,PerAvg,18,2.833575620652074,0.12493368700265252,0.8111405144836077,0.061803641294861135,0.040472236988001585,0.5
21,Cifar100,PerAvg,19,2.8128544090609853,0.12858090185676394,0.8133979294855216,0.06351894022750726,0.039981176499851695,0.5
22,Cifar100,PerAvg,20,2.7935174728068826,0.12984084880636604,0.8158852009184764,0.06221848646996325,0.03821952320257229,0.5
23,Cifar100,PerAvg,21,2.7737636314418608,0.1316976127320955,0.8178452093556449,0.06244275393063559,0.03723965128906097,0.5
24,Cifar100,PerAvg,22,2.758428308513695,0.1322944297082228,0.8192340999174421,0.061252272666040344,0.03763917443588293,0.5
25,Cifar100,PerAvg,23,2.744992149972044,0.13474801061007957,0.8194424915777564,0.0666620192114156,0.038807628634913265,0.5
26,Cifar100,PerAvg,24,2.7282111427092026,0.13919098143236075,0.8224015558835466,0.06433160936518077,0.036963621533859285,0.5
27,Cifar100,PerAvg,25,2.7139168874746087,0.13925729442970822,0.82344838543662,0.06164723951768987,0.037287511762560906,0.5
28,Cifar100,PerAvg,26,2.702603145651607,0.13839522546419097,0.823323706644401,0.05740164571236039,0.03827216593550824,0.5
29,Cifar100,PerAvg,27,2.688561236380206,0.14184350132625995,0.8247965393253446,0.05951623035448701,0.03789878946909419,0.5
30,Cifar100,PerAvg,28,2.6739203671418674,0.14058355437665782,0.8268664330720643,0.057998625757956744,0.03580346411650121,0.5
31,Cifar100,PerAvg,29,2.664771066699076,0.14575596816976127,0.8271468359717341,0.06093357307103652,0.036222577984391734,0.5
32,Cifar100,PerAvg,30,2.6513185053804347,0.14489389920424403,0.8288211422839409,0.062149222895414705,0.03526654853992972,0.5
33,Cifar100,PerAvg,31,2.64050611793168,0.14840848806366047,0.8292164930509339,0.06275965842132461,0.035608054076789804,0.5
34,Cifar100,PerAvg,32,2.6323523822635773,0.14741379310344827,0.8295376854540637,0.06341323752085508,0.03548338869025528,0.5
35,Cifar100,PerAvg,33,2.6203004097325597,0.14973474801061007,0.8306886814161307,0.061518710392569134,0.034981955923351266,0.5
36,Cifar100,PerAvg,34,2.611058719234316,0.14980106100795756,0.8309449275935661,0.06387414307078179,0.03404461570030975,0.5
37,Cifar100,PerAvg,35,2.601683026338542,0.14907161803713528,0.8320233615080611,0.06176625656995741,0.03447674005362843,0.5
38,Cifar100,PerAvg,36,2.594433224040192,0.1519230769230769,0.8321954966804652,0.05948530089063676,0.034963160230452185,0.5
39,Cifar100,PerAvg,37,2.5858806768740905,0.1496684350132626,0.8329478381338498,0.061213862183285526,0.034734064551561694,0.5
40,Cifar100,PerAvg,38,2.5778800629159537,0.15245358090185676,0.8332786805319389,0.06436980407425662,0.034481042968208434,0.5
41,Cifar100,PerAvg,39,2.566385897408326,0.15570291777188328,0.8355291006573269,0.06333360994961594,0.03239794067060786,0.5
42,Cifar100,PerAvg,40,2.560203381178159,0.15285145888594165,0.8348378637336767,0.06196028015389231,0.03396324248612956,0.5
43,Cifar100,PerAvg,41,2.5536323602259254,0.15179045092838198,0.8352230896960592,0.06307611476293785,0.03446350589704896,0.5
44,Cifar100,PerAvg,42,2.5463401973427793,0.15484084880636606,0.8357454687396555,0.06182712758347465,0.03387950145233366,0.5
45,Cifar100,PerAvg,43,2.538807223825082,0.15689655172413794,0.8357208658216967,0.06543115781546692,0.03386801651952836,0.5
46,Cifar100,PerAvg,44,2.5314761207813183,0.15842175066312997,0.8365463557272745,0.06586641742034466,0.03383966682513394,0.5
47,Cifar100,PerAvg,45,2.5240895977029316,0.1606100795755968,0.8369062162639581,0.06623298016360642,0.03401633564302447,0.5
48,Cifar100,PerAvg,46,2.517687682648002,0.1579575596816976,0.8372293519497164,0.06511575332071176,0.03342748439955828,0.5
49,Cifar100,PerAvg,47,2.51085131158824,0.15510610079575596,0.8379051260079025,0.06447618920286007,0.032729323288756995,0.5
50,Cifar100,PerAvg,48,2.5034920700130208,0.15974801061007957,0.8382829549392495,0.06411838421975834,0.03283741804584674,0.5
51,Cifar100,PerAvg,49,2.4995349330152687,0.15782493368700265,0.8384440068892736,0.062470914075205726,0.03248771830417045,0.5
52,Cifar100,PerAvg,50,2.4950564024581943,0.15324933687002654,0.8380077634738585,0.05553334721304626,0.032464023638754856,0.5
53,Cifar100,PerAvg,51,2.4881824954552205,0.1560344827586207,0.838187666994067,0.06054200786620909,0.03277055092353808,0.5
54,Cifar100,PerAvg,52,2.481341615734961,0.16041114058355438,0.8397619370592176,0.06304187382914696,0.03196056942334084,0.5
55,Cifar100,PerAvg,53,2.4757313204723865,0.16127320954907162,0.8397303996286324,0.06599659059837301,0.03248170682210642,0.5
56,Cifar100,PerAvg,54,2.4706413276629506,0.16094164456233423,0.8394334404482254,0.065892277089632,0.033106387512206674,0.5
57,Cifar100,PerAvg,55,2.4652808975461955,0.16147214854111405,0.8393602940434606,0.06706728903293402,0.03335913928721726,0.5
58,Cifar100,PerAvg,56,2.4614792434189012,0.16452254641909814,0.839134798833038,0.0676817115553418,0.033791744692616414,0.5
59,Cifar100,PerAvg,57,2.4562818487503333,0.165053050397878,0.8398046306334431,0.06890344535708151,0.03299688070393903,0.5
60,Cifar100,PerAvg,58,2.4509273557426314,0.16545092838196288,0.8399310100059977,0.06614799749369049,0.03342548179547852,0.5
61,Cifar100,PerAvg,59,2.4449721730800915,0.16438992042440317,0.8404163964290466,0.06400037173696183,0.0327590189991202,0.5
62,Cifar100,PerAvg,60,2.440562939089295,0.16538461538461538,0.8404132699562845,0.06444334770280574,0.032602335077651826,0.5
63,Cifar100,PerAvg,61,2.434507813574052,0.1643236074270557,0.8407514606876656,0.06544042672465274,0.032477891613588085,0.5
64,Cifar100,PerAvg,62,2.430638735955709,0.1629310344827586,0.8405586303719361,0.06669183460027558,0.03293548155725685,0.5
65,Cifar100,PerAvg,63,2.4269638885046434,0.16187002652519894,0.8410264408203992,0.06343699625513133,0.03250979527699441,0.5
66,Cifar100,PerAvg,64,2.4229031825718144,0.16279840848806365,0.8411095954888239,0.06316951738629555,0.032514700063543,0.5
67,Cifar100,PerAvg,65,2.4204525514412722,0.16312997347480107,0.8405139534688911,0.06411804968781373,0.0327642466797097,0.5
68,Cifar100,PerAvg,66,2.417108926484725,0.165053050397878,0.8401332792982912,0.06626416397008188,0.03375651691859382,0.5
69,Cifar100,PerAvg,67,2.408419856792363,0.16492042440318302,0.8415325160881497,0.06468339612727837,0.03246101874547791,0.5
70,Cifar100,PerAvg,68,2.4039817027690855,0.16279840848806365,0.8422125398896105,0.06322978955182114,0.03138598606206365,0.5
71,Cifar100,PerAvg,69,2.3998724671099074,0.16478779840848806,0.841602104814746,0.06575528215887888,0.03223824559643525,0.5
72,Cifar100,PerAvg,70,2.3956587770722124,0.1659814323607427,0.8412936204136093,0.06993171803870814,0.032367276980135994,0.5
73,Cifar100,PerAvg,71,2.390637864895228,0.16684350132625994,0.8416532475705093,0.06758590134025931,0.03243043548554602,0.5
74,Cifar100,PerAvg,72,2.3872298713869182,0.16492042440318302,0.842442355688702,0.06526191911031086,0.03201043231343612,0.5
75,Cifar100,PerAvg,73,2.384267389812987,0.16392572944297082,0.8418849251308317,0.06707957588762044,0.03237246028309803,0.5
76,Cifar100,PerAvg,74,2.3789947098575084,0.16545092838196288,0.8428121023018287,0.06490963858930807,0.031643429954661316,0.5
77,Cifar100,PerAvg,75,2.376827852678429,0.16757294429708222,0.8427543298335565,0.06626916075863003,0.03192459199679591,0.5
78,Cifar100,PerAvg,76,2.373468113042446,0.16677718832891247,0.8419522471140686,0.06803458721184143,0.03234157327864088,0.5
79,Cifar100,PerAvg,77,2.370143992721973,0.1659814323607427,0.8416521095483768,0.06787079637365039,0.03279798463067894,0.5
80,Cifar100,PerAvg,78,2.3657707604242257,0.16631299734748012,0.8422188561490153,0.06580100882477287,0.032494698146585135,0.5
81,Cifar100,PerAvg,79,2.3635215539644086,0.1666445623342175,0.8419904871120466,0.06662726594330613,0.0327083462420945,0.5
82,Cifar100,PerAvg,80,2.3574775645790544,0.16724137931034483,0.8425215885842909,0.06651450473833055,0.03243422565248336,0.5
83,Cifar100,PerAvg,81,2.3536800229520125,0.1696949602122016,0.842352678617249,0.06947707281201737,0.03268288062808804,0.5
84,Cifar100,PerAvg,82,2.3510033249708977,0.16856763925729443,0.8424230502370903,0.06763925344476632,0.03271936545874314,0.5
85,Cifar100,PerAvg,83,2.3478934685075026,0.16724137931034483,0.8422439987906268,0.0655311791467526,0.03248128325580115,0.5
86,Cifar100,PerAvg,84,2.3436631324484356,0.1669761273209549,0.8424711590228011,0.06863474845193104,0.03279954958340606,0.5
87,Cifar100,PerAvg,85,2.3393405866468453,0.16889920424403182,0.8433403381717014,0.06501282583489379,0.032014954561439046,0.5
88,Cifar100,PerAvg,86,2.336268727010793,0.17082228116710876,0.8433151316639663,0.06893285124965347,0.03222995809990756,0.5
89,Cifar100,PerAvg,87,2.334176764198459,0.1706233421750663,0.8428405144620034,0.06613978015126935,0.032882066760386255,0.5
90,Cifar100,PerAvg,88,2.3328366806694745,0.16949602122015914,0.8431472939832348,0.06805161554138127,0.033296887115322575,0.5
91,Cifar100,PerAvg,89,2.329584917055349,0.16996021220159152,0.8424342440371584,0.06872184634656081,0.033591908399452565,0.5
92,Cifar100,PerAvg,90,2.323647012236692,0.17015915119363395,0.8432783327703233,0.06746064270832511,0.03272672208313228,0.5
93,Cifar100,PerAvg,91,2.320845209059151,0.16850132625994696,0.842692914331414,0.06716573250580904,0.03237989319708086,0.5
94,Cifar100,PerAvg,92,2.3178352576746777,0.17175066312997347,0.8432499836203737,0.06542667802956656,0.03237710402498217,0.5
95,Cifar100,PerAvg,93,2.3162036628832006,0.16896551724137931,0.8426783834693075,0.06453918132171932,0.03252660817758429,0.5
96,Cifar100,PerAvg,94,2.3113362611912147,0.1692970822281167,0.8440274894911013,0.0661127052771517,0.0317581283048394,0.5
97,Cifar100,PerAvg,95,2.3088495511954683,0.17095490716180373,0.8438197447827098,0.06652842060551836,0.0320492701840194,0.5
98,Cifar100,PerAvg,96,2.3056097938030957,0.17314323607427057,0.8441726962527429,0.06369877249768618,0.03167936342874918,0.5
99,Cifar100,PerAvg,97,2.3026333799180185,0.16989389920424403,0.8439850966240016,0.06786007183090934,0.03152826527621032,0.5
100,Cifar100,PerAvg,98,2.300583665494877,0.17248010610079575,0.8434733580663782,0.06780285830595187,0.031724270472955625,0.5
101,Cifar100,PerAvg,99,2.29770343122957,0.17287798408488064,0.8435704355300403,0.06879881269636567,0.032570968755660845,0.5
102,Cifar100,PerAvg,100,2.2947773481565044,0.1724137931034483,0.843764918872244,0.06826417602759609,0.03255527321275083,0.5
1,case,method,group,Loss,Accurancy,AUC,Std Test Accurancy,Std Test AUC
2,Cifar100,SCAFFOLD,0,5.30323465871677,0.0033775006495193557,0.5031842314181597,0.006996279624645631,0.07809769965332262
3,Cifar100,SCAFFOLD,1,5.246134845895714,0.00883346323720447,0.5937836424330343,0.01976454462418569,0.06798968902668646
4,Cifar100,SCAFFOLD,2,5.180574975991517,0.020005196154845414,0.6518190226574416,0.035533561900303386,0.06013216878060597
5,Cifar100,SCAFFOLD,3,5.1008921977174415,0.028838659392049885,0.6913877157730232,0.04728096299649698,0.05649763596235382
6,Cifar100,SCAFFOLD,4,5.020926928001173,0.03585346843335931,0.7220981776064762,0.05080173372569373,0.05486864248900049
7,Cifar100,SCAFFOLD,5,4.940291262493375,0.04312808521693946,0.7474702564413672,0.0529329634011272,0.052789916588930424
8,Cifar100,SCAFFOLD,6,4.85671974877628,0.04858404780462458,0.767902590608873,0.05582207525538836,0.050528552102811736
9,Cifar100,SCAFFOLD,7,4.7687785822186575,0.05404001039230969,0.7861310449496205,0.056632057225013105,0.04770238479093381
10,Cifar100,SCAFFOLD,8,4.679292835713772,0.0594959729799948,0.8016197494985321,0.054605395679694434,0.04512741373144236
11,Cifar100,SCAFFOLD,9,4.601438760757446,0.0633930891140556,0.8139915658509751,0.05634429722330684,0.041925621017932804
12,Cifar100,SCAFFOLD,10,4.530148681462481,0.0701480904130943,0.8244937029610833,0.0543671731345256,0.03870042416840567
13,Cifar100,SCAFFOLD,11,4.464948011750586,0.07508443751623799,0.8332427511904192,0.05250634085482287,0.0356111763910212
14,Cifar100,SCAFFOLD,12,4.40987747572781,0.07742270719667446,0.84037077546145,0.05347248330925165,0.03380298364572867
15,Cifar100,SCAFFOLD,13,4.356858267040735,0.08469732398025462,0.8466199933376674,0.05804026707080077,0.03270201118598378
16,Cifar100,SCAFFOLD,14,4.310483572397674,0.08547674720706677,0.8518438149647529,0.05778584303825382,0.031582847607896536
17,Cifar100,SCAFFOLD,15,4.269146640732717,0.0885944401143154,0.8564144605747671,0.061268704913492,0.03037149552935461
18,Cifar100,SCAFFOLD,16,4.228165351356683,0.09353078721745908,0.8606097656261965,0.06425721791450162,0.029457289876422477
19,Cifar100,SCAFFOLD,17,4.194790941610765,0.0937905949597298,0.8640507353879573,0.0630590276290539,0.02871838152857531
20,Cifar100,SCAFFOLD,18,4.162317540119873,0.09664848012470771,0.8676072193448254,0.06471321517096164,0.028095696577846236
21,Cifar100,SCAFFOLD,19,4.132143904277113,0.09872694206287347,0.870643369530241,0.064037747539531,0.027413070436127812
22,Cifar100,SCAFFOLD,20,4.104595616878418,0.10028578851649779,0.8733627815134664,0.06547021975890258,0.026901762300574478
23,Cifar100,SCAFFOLD,21,4.081362593333038,0.10340348142374643,0.8757446032373841,0.06664817567010226,0.026360335491681743
24,Cifar100,SCAFFOLD,22,4.058002163059591,0.10522213561964147,0.8779788588993793,0.06602376302676016,0.025818139879715395
25,Cifar100,SCAFFOLD,23,4.03583503681957,0.10678098207326578,0.8800574242392102,0.0662544813328959,0.025448430343722094
26,Cifar100,SCAFFOLD,24,4.015094781608394,0.10937905949597299,0.8819283396393086,0.06564166132098478,0.02506742495427715
27,Cifar100,SCAFFOLD,25,3.9950952047712347,0.1096388672382437,0.8837304817617061,0.06711493655026655,0.024703236435483947
28,Cifar100,SCAFFOLD,26,3.9765142513794847,0.1122369446609509,0.8852450394151419,0.06758885243231211,0.024377584966117086
29,Cifar100,SCAFFOLD,27,3.9583336121999144,0.11405559885684594,0.8867269259282428,0.06976504051034371,0.024121201240889543
30,Cifar100,SCAFFOLD,28,3.941109925006213,0.11509482982592881,0.8881355967382215,0.06923140672874796,0.023849908375398618
31,Cifar100,SCAFFOLD,29,3.924542764515689,0.11795271499090673,0.8893825034861946,0.06884561715961424,0.02363106450952132
32,Cifar100,SCAFFOLD,30,3.9095394381144075,0.11769290724863601,0.8905316614653224,0.06858759510397319,0.02342245546494185
33,Cifar100,SCAFFOLD,31,3.8937457798655783,0.12003117692907249,0.8916563081355575,0.06958165714076649,0.023289770417541232
34,Cifar100,SCAFFOLD,32,3.8796482677205226,0.12159002338269681,0.892648285805994,0.07069325222473033,0.02309449388839083
35,Cifar100,SCAFFOLD,33,3.866174249669139,0.12236944660950896,0.8935621849189802,0.07049880774421245,0.022891313553996675
36,Cifar100,SCAFFOLD,34,3.8530300501943304,0.12236944660950896,0.8944069947555933,0.07127936714172647,0.022716478662852084
37,Cifar100,SCAFFOLD,35,3.8399315029801278,0.12340867757859184,0.895336790639259,0.0710752588551845,0.02259304344287614
38,Cifar100,SCAFFOLD,36,3.827050115494581,0.12444790854767472,0.8962137469856297,0.07254662530169032,0.022477541035344422
39,Cifar100,SCAFFOLD,37,3.8149541347716633,0.12496752403221616,0.8970565807853143,0.07291982151471127,0.022290024985568646
40,Cifar100,SCAFFOLD,38,3.803364024487104,0.12600675500129904,0.8977880410832517,0.0715963250853312,0.022186196470744397
41,Cifar100,SCAFFOLD,39,3.792024185818233,0.1254871395167576,0.8984791357582294,0.07329434672924398,0.02201282903460668
42,Cifar100,SCAFFOLD,40,3.7803791082893197,0.12652637048584048,0.8991649769016622,0.07147837662639571,0.021871413306518244
43,Cifar100,SCAFFOLD,41,3.7697097896022744,0.12730579371265263,0.8997985771492758,0.0715881762816743,0.021752407765969015
44,Cifar100,SCAFFOLD,42,3.758763816626219,0.12912444790854768,0.9004795067300011,0.07202161964352134,0.02162613637132555
45,Cifar100,SCAFFOLD,43,3.7481702450620995,0.12860483242400625,0.9011106223983842,0.07041016373691732,0.021540321611087966
46,Cifar100,SCAFFOLD,44,3.7374650090514274,0.13042348661990127,0.9017125561943593,0.07057317736390577,0.02142845717476316
47,Cifar100,SCAFFOLD,45,3.72742441288206,0.13172252533125486,0.9023122329789209,0.06983723718322218,0.021281289274455696
48,Cifar100,SCAFFOLD,46,3.7177092322472776,0.1322421408157963,0.9028581924035635,0.06971719914053322,0.02117607094253594
49,Cifar100,SCAFFOLD,47,3.7086603666205753,0.13250194855806702,0.9033509943816821,0.06955838021859712,0.02112229261630922
50,Cifar100,SCAFFOLD,48,3.6994078435171187,0.13510002598077422,0.9038074036747471,0.06890742959190146,0.021050897020768466
51,Cifar100,SCAFFOLD,49,3.69073013948758,0.13587944920758638,0.9042777411921082,0.06810412879004869,0.020932922520614912
52,Cifar100,SCAFFOLD,50,3.68201169296262,0.1363990646921278,0.9047317784858004,0.06845359560118926,0.020800034651191887
53,Cifar100,SCAFFOLD,51,3.67261583483621,0.1363990646921278,0.9052165707369332,0.07012736864945941,0.02074251240716078
54,Cifar100,SCAFFOLD,52,3.6642552180571504,0.1363990646921278,0.9056552566496637,0.0694428302567687,0.020731700180696845
55,Cifar100,SCAFFOLD,53,3.655824738020977,0.13769810340348143,0.9061464089655086,0.06982467924020634,0.020688448985270322
56,Cifar100,SCAFFOLD,54,3.647631221649687,0.13977656534164717,0.9065891393918044,0.06958191028607152,0.020639576076231236
57,Cifar100,SCAFFOLD,55,3.6399427303270007,0.14081579631073005,0.9069743109735853,0.07065056812363595,0.02054899444567068
58,Cifar100,SCAFFOLD,56,3.632051375767823,0.14211483502208366,0.9073745902314622,0.07131683535304549,0.020447250286813237
59,Cifar100,SCAFFOLD,57,3.6245491746603773,0.14237464276435438,0.907777123878362,0.07197928610512408,0.020353998877275587
60,Cifar100,SCAFFOLD,58,3.617094325676058,0.14367368147570797,0.9081256872473095,0.07227889179313682,0.020255036529052056
61,Cifar100,SCAFFOLD,59,3.609457160691532,0.14367368147570797,0.9084944583534043,0.07080281618361974,0.02021403689774387
62,Cifar100,SCAFFOLD,60,3.6021056014500306,0.14471291244479084,0.9088098481273988,0.07060133050066925,0.02014518402387098
63,Cifar100,SCAFFOLD,61,3.594750431899944,0.14601195115614446,0.9091772627997022,0.0722992914155301,0.020091120784047938
64,Cifar100,SCAFFOLD,62,3.5877180406300537,0.14757079760976877,0.9094824830268553,0.07176088297144328,0.020032457091648255
65,Cifar100,SCAFFOLD,63,3.5805597831442784,0.1504286827747467,0.9098498852930159,0.07200965071340672,0.01998479436311305
66,Cifar100,SCAFFOLD,64,3.573999671370126,0.15016887503247597,0.9101371119886171,0.0721974842204091,0.019929999511256243
67,Cifar100,SCAFFOLD,65,3.5673223597866097,0.14990906729020526,0.9104452306764524,0.07289775305098412,0.019908158445931662
68,Cifar100,SCAFFOLD,66,3.560717868922132,0.1506884905170174,0.9107506548456404,0.071401835917941,0.019861142753455515
69,Cifar100,SCAFFOLD,67,3.5544617116618693,0.1506884905170174,0.9110260457148792,0.07177694485596946,0.019824329113827647
70,Cifar100,SCAFFOLD,68,3.548292503137602,0.15224733697064172,0.9112826638801611,0.07256108122108404,0.019777045800751063
71,Cifar100,SCAFFOLD,69,3.5423600105254835,0.15302676019745387,0.9115310724898651,0.07289594462222232,0.019718398071311618
72,Cifar100,SCAFFOLD,70,3.536376626052883,0.15276695245518315,0.9118103001520536,0.07189035175844036,0.019638992603073308
73,Cifar100,SCAFFOLD,71,3.5304780461396392,0.15380618342426605,0.912047772506738,0.0718254720467412,0.019572284569309904
74,Cifar100,SCAFFOLD,72,3.5241494531000264,0.15406599116653677,0.9123376342966402,0.07333500607899539,0.01952826883033343
75,Cifar100,SCAFFOLD,73,3.5182368392020127,0.1545856066510782,0.9125813402842972,0.07316435653823995,0.019449979437666607
76,Cifar100,SCAFFOLD,74,3.512695756835047,0.15562483762016108,0.9128115854697614,0.07104928276985706,0.019406454128472125
77,Cifar100,SCAFFOLD,75,3.50723045763005,0.1558846453624318,0.9130515189335824,0.07144377863218887,0.01934341383945609
78,Cifar100,SCAFFOLD,76,3.501539648730266,0.15536502987789036,0.9132864370518236,0.07204131697699827,0.019295606799081846
79,Cifar100,SCAFFOLD,77,3.495785549366742,0.15484541439334892,0.9135296147136699,0.07141021658313625,0.019216739718980788
80,Cifar100,SCAFFOLD,78,3.489740539132879,0.1558846453624318,0.9137885688718791,0.06985374332541952,0.019188393514239597
81,Cifar100,SCAFFOLD,79,3.4844514907159834,0.15744349181605613,0.9139988907196321,0.06991417386127141,0.01911444569056209
82,Cifar100,SCAFFOLD,80,3.478884786744131,0.15770329955832685,0.9142357941662123,0.0706989273102855,0.019032899102955716
83,Cifar100,SCAFFOLD,81,3.4738417857148676,0.158482722785139,0.9144593729899062,0.06995623396903657,0.018984863198650125
84,Cifar100,SCAFFOLD,82,3.468867548563507,0.15874253052740972,0.9146700319064623,0.07059928883187137,0.018955297161682812
85,Cifar100,SCAFFOLD,83,3.463656513543611,0.15770329955832685,0.9148453768773436,0.07065809459682393,0.018922988951864818
86,Cifar100,SCAFFOLD,84,3.4584058937564324,0.15796310730059757,0.9150668620576305,0.06967484984605085,0.018837869035721322
87,Cifar100,SCAFFOLD,85,3.4530269099880804,0.15822291504286828,0.9152439871178798,0.07045642233070079,0.018795153417836035
88,Cifar100,SCAFFOLD,86,3.448126066141249,0.15796310730059757,0.9154069021544877,0.06947164485664652,0.01875937232543235
89,Cifar100,SCAFFOLD,87,3.443513807453466,0.15900233826968044,0.915559125468915,0.07051750505576075,0.01873373606678815
90,Cifar100,SCAFFOLD,88,3.438703753661071,0.16108080020784618,0.9157201169784096,0.07131868710861952,0.018717040375442896
91,Cifar100,SCAFFOLD,89,3.4340140072607928,0.16108080020784618,0.9158674378458268,0.07130520931941219,0.018668866076579048
92,Cifar100,SCAFFOLD,90,3.429470114786638,0.16134060795011693,0.916022130707329,0.07086127711891367,0.01859592754394672
93,Cifar100,SCAFFOLD,91,3.4248274093849607,0.16108080020784618,0.9161980199783397,0.07146834988428924,0.01855923590510634
94,Cifar100,SCAFFOLD,92,3.419809363824263,0.16186022343465836,0.9163633487678836,0.0706261913285436,0.0185445976768502
95,Cifar100,SCAFFOLD,93,3.414951328083538,0.16289945440374123,0.916529264835604,0.07172386464800841,0.01853480717784036
96,Cifar100,SCAFFOLD,94,3.4103562864108703,0.16341906988828267,0.9167148901284339,0.06963696218879055,0.01850287845277017
97,Cifar100,SCAFFOLD,95,3.405905903620499,0.16341906988828267,0.9168808846412609,0.06930273269025149,0.018442539931642698
98,Cifar100,SCAFFOLD,96,3.401295391486937,0.16471810859963626,0.9170329753181523,0.06897250589865776,0.018410100344535434
99,Cifar100,SCAFFOLD,97,3.3965859480537057,0.16601714731098988,0.9172330177808276,0.06959423054991618,0.018355332646652355
100,Cifar100,SCAFFOLD,98,3.39241625609274,0.16679657053780203,0.9173747398960314,0.06946461080827147,0.01833595868269843
101,Cifar100,SCAFFOLD,99,3.388449557188354,0.16705637828007275,0.9175072990118236,0.06922939114490272,0.018309457639601727
102,Cifar100,SCAFFOLD,100,3.3837249086897696,0.16757599376461418,0.9176735470985614,0.06889085852982826,0.018243207544830442
