1,case,method,group,Loss,Accurancy,AUC,Std Test Accurancy,Std Test AUC(0.5)
2,Cifar100,FedAvg,0,7.3532086519177815,0.008431592121731111,0.49944242693745694,0.04203497652200667,0.14035610972865972
3,Cifar100,FedAvg,1,5.392821543944227,0.02154008299848495,0.509426293287225,0.04499523063957666,0.14277073541194413
4,Cifar100,FedAvg,2,4.92114391053029,0.028193136157038404,0.528365181360506,0.05565309152826512,0.14557678681803088
5,Cifar100,FedAvg,3,4.706444195032704,0.030037546933667083,0.5572487508161762,0.05575864921956375,0.14893398610269493
6,Cifar100,FedAvg,4,4.595401086172103,0.03761280548053488,0.5859387891314454,0.06000504262180579,0.1486234926377149
7,Cifar100,FedAvg,5,4.522552587150738,0.047295962057835456,0.6135056941184218,0.06472777858087272,0.14316754207033947
8,Cifar100,FedAvg,6,4.476030869705038,0.054212502470193005,0.630897147102277,0.07066412112302863,0.13936538386118083
9,Cifar100,FedAvg,7,4.431773327102398,0.057571964956195244,0.651544394109852,0.07371069995847113,0.12954449527066897
10,Cifar100,FedAvg,8,4.401497249972765,0.057044990448587046,0.6651665998045713,0.07115372157181249,0.1236888255465085
11,Cifar100,FedAvg,9,4.370714800207036,0.06277583821882617,0.6769799150268485,0.07305880124696588,0.11934060474700312
12,Cifar100,FedAvg,10,4.3410862745796095,0.06231473552466899,0.6878565572615102,0.07456668491321816,0.11302408034086511
13,Cifar100,FedAvg,11,4.312265408016378,0.06863842961596733,0.6968713575795781,0.07753813694866941,0.1072817858364961
14,Cifar100,FedAvg,12,4.286773593723638,0.0726566102364798,0.7039277930336305,0.07876472226480924,0.10375550320483155
15,Cifar100,FedAvg,13,4.262631949079566,0.0739740465055003,0.7089402816704085,0.08065677563155826,0.10171143685477892
16,Cifar100,FedAvg,14,4.241118954374769,0.07548909821487386,0.7125713182379247,0.08047069145323239,0.10282888117864916
17,Cifar100,FedAvg,15,4.2157012137556755,0.07660891904354127,0.7190715017640388,0.08370350145624914,0.09662010246609283
18,Cifar100,FedAvg,16,4.189129775129248,0.08062709966405375,0.7258574603877856,0.08267899995839813,0.090319202365275
19,Cifar100,FedAvg,17,4.161489989837364,0.08497463935182135,0.7343106030152067,0.08206472488993853,0.08368739224793258
20,Cifar100,FedAvg,18,4.1441569529928755,0.08168104867927015,0.7370383231554263,0.0825873771541699,0.08302115505332551
21,Cifar100,FedAvg,19,4.125178078397542,0.08490876753837033,0.7398766451883497,0.0868221605428688,0.08272186050243349
22,Cifar100,FedAvg,20,4.108493597870265,0.08734602463605823,0.742266446429122,0.08531433777150733,0.08278173578843076
23,Cifar100,FedAvg,21,4.091223111116738,0.0883341018378236,0.745992074065804,0.08562990822165556,0.08070635251820645
24,Cifar100,FedAvg,22,4.074995299874411,0.08760951188986232,0.7484962490017396,0.08401499133030671,0.07986039629810184
25,Cifar100,FedAvg,23,4.054724483500374,0.08872933271852974,0.75245245214414,0.08383974827606265,0.07533755892929385
26,Cifar100,FedAvg,24,4.0391752002200505,0.09465779592912194,0.755038394332089,0.08793541231982666,0.07286380736897659
27,Cifar100,FedAvg,25,4.023817961212295,0.09478953955602398,0.7559268004510192,0.08870070172858996,0.07465894843080703
28,Cifar100,FedAvg,26,4.010029132748437,0.09979579737830183,0.7582043329189718,0.09313683639067522,0.07340674776685174
29,Cifar100,FedAvg,27,3.9922734298546834,0.09920295105724261,0.7620562652467645,0.08812456188099922,0.0690994818894195
30,Cifar100,FedAvg,28,3.984137070783631,0.09709505302680983,0.7616462463547358,0.08617101229299708,0.07130582537628813
31,Cifar100,FedAvg,29,3.96677012890699,0.10328700349120612,0.7650388232696137,0.08860015627995114,0.06902891352985632
32,Cifar100,FedAvg,30,3.9569616027324432,0.10513141426783479,0.7657053567538837,0.08777998729528025,0.06952346567565659
33,Cifar100,FedAvg,31,3.9433155644449434,0.10658059416375733,0.7669979601860359,0.08822858864629438,0.06803170007940983
34,Cifar100,FedAvg,32,3.9335450725345145,0.10519728608128581,0.7689290192985847,0.08889071028436321,0.06691522033727117
35,Cifar100,FedAvg,33,3.925208348769716,0.10763454317897372,0.7696597888045288,0.08876371008463214,0.06712576246663653
36,Cifar100,FedAvg,34,3.9108036155439354,0.1086884921941901,0.7722166790666632,0.08745807914786409,0.06504168852737971
37,Cifar100,FedAvg,35,3.900355413695362,0.11046703115736776,0.7736617783642415,0.09250625299293165,0.06398509576977264
38,Cifar100,FedAvg,36,3.8938187031723843,0.10987418483630855,0.7738143700144499,0.08984492226946394,0.06465771577063374
39,Cifar100,FedAvg,37,3.8822852124883154,0.11362887820301693,0.774736336473626,0.09292434628080962,0.0638756904473645
40,Cifar100,FedAvg,38,3.873741769939918,0.11231144193399645,0.7768673437850154,0.08887707906283765,0.06220203546920669
41,Cifar100,FedAvg,39,3.86504016361915,0.11415585271062513,0.7790270733035474,0.09125515737710416,0.06011152877498684
42,Cifar100,FedAvg,40,3.858338649287413,0.11553916079309663,0.7787505289132567,0.09188696030201043,0.062071701422113566
43,Cifar100,FedAvg,41,3.851993882551177,0.11514392991239049,0.7790449480158134,0.09406939822766291,0.06205657190456599
44,Cifar100,FedAvg,42,3.8457827867240204,0.11474869903168435,0.7806118346258545,0.08997897894918584,0.06151967969343274
45,Cifar100,FedAvg,43,3.830758583696035,0.11777880245043146,0.7829020178344344,0.09127264415738429,0.05845853007239959
46,Cifar100,FedAvg,44,3.82814900597755,0.1162637507410579,0.78238686055844,0.09144096544784958,0.06011132822509959
47,Cifar100,FedAvg,45,3.8232813262537078,0.1181740333311376,0.7820095999557175,0.0889393474063924,0.06214364772545858
48,Cifar100,FedAvg,46,3.814226505003762,0.11850339239839273,0.783727634039319,0.09011560979031101,0.06068267178356626
49,Cifar100,FedAvg,47,3.8080240516824415,0.11916211053290297,0.784754373692539,0.09124063108405737,0.059477125933886064
50,Cifar100,FedAvg,48,3.795045994260698,0.12232395757855213,0.7872007358349891,0.08765315422693812,0.05665856613574674
51,Cifar100,FedAvg,49,3.792516469641764,0.12219221395165009,0.7868997750946237,0.08926145259267067,0.057316407863066854
52,Cifar100,FedAvg,50,3.7878323087306325,0.12482708648969106,0.7877143440209097,0.09059444226864666,0.05720937843581863
53,Cifar100,FedAvg,51,3.7769926149002946,0.1268691127066728,0.7890392109793661,0.09075224292699857,0.05556699416547119
54,Cifar100,FedAvg,52,3.772782459686071,0.1251564455569462,0.789714776520477,0.09233667930866044,0.05453665683475452
55,Cifar100,FedAvg,53,3.761932047814599,0.1260127791318095,0.7915516509229259,0.09136060249612649,0.0524627341214687
56,Cifar100,FedAvg,54,3.7565994348037957,0.1251564455569462,0.7922023521105711,0.08867209789666762,0.051669322844124656
57,Cifar100,FedAvg,55,3.7487650592663946,0.12693498452012383,0.7931271929137986,0.09193176143674248,0.05097355496121016
58,Cifar100,FedAvg,56,3.7526298210913143,0.12640801001251564,0.7922898414956516,0.09420487574066788,0.0524296303889242
59,Cifar100,FedAvg,57,3.749482767258092,0.12640801001251564,0.7923801677184612,0.09405398083228983,0.053886286334772625
60,Cifar100,FedAvg,58,3.742400079627574,0.13016270337922403,0.7935749645218956,0.09230824909973802,0.05295091628793772
61,Cifar100,FedAvg,59,3.7374639442801834,0.13022857519267506,0.7942752376158286,0.09143759100209839,0.05252837320748083
62,Cifar100,FedAvg,60,3.7364418992502118,0.13029444700612608,0.7940827063316725,0.0904008049041096,0.05293744565380426
63,Cifar100,FedAvg,61,3.722046763475529,0.13167775508859758,0.7958790784286173,0.08961525459289976,0.05029515459556249
64,Cifar100,FedAvg,62,3.718912885367746,0.1325340886634609,0.7962835196868177,0.09093799717117056,0.05044908540968415
65,Cifar100,FedAvg,63,3.719483616823467,0.13207298596930372,0.7960858394606332,0.09059201302216666,0.051207848351701224
66,Cifar100,FedAvg,64,3.7125430413441634,0.13233647322310782,0.7968967866756429,0.08867442487672968,0.05060545184851261
67,Cifar100,FedAvg,65,3.704996006938336,0.1357618075225611,0.7979716909216803,0.08905270448169947,0.049478556042275405
68,Cifar100,FedAvg,66,3.70395465857558,0.1343784994400896,0.7983460989648598,0.08885034226003023,0.049534203849040975
69,Cifar100,FedAvg,67,3.7008425740535436,0.13628878203016928,0.7982542937128431,0.08936029113604543,0.050015192486724085
70,Cifar100,FedAvg,68,3.6928129653058415,0.13595942296291416,0.7997270090937799,0.08736061882206926,0.048152895316598145
71,Cifar100,FedAvg,69,3.690403145153091,0.1376062182991898,0.8000559161416958,0.09067047578349367,0.04845332151098243
72,Cifar100,FedAvg,70,3.685354159565394,0.13806732099334695,0.8003616740795002,0.08822008604985361,0.04849969867288406
73,Cifar100,FedAvg,71,3.683299785803217,0.1390553981951123,0.8007256883272689,0.08896261766885406,0.048596075396295464
74,Cifar100,FedAvg,72,3.685376808465084,0.13918714182201436,0.8002448918535457,0.0917361036026193,0.04973793912300046
75,Cifar100,FedAvg,73,3.685407797234124,0.13945062907581846,0.800058061402175,0.09378414422571646,0.05011096815537398
76,Cifar100,FedAvg,74,3.6832523529396095,0.13892365456821026,0.8006630887754234,0.09033280784757862,0.05022174402981144
77,Cifar100,FedAvg,75,3.6800068646288104,0.1393188854489164,0.8006201310465023,0.08795219377529867,0.05059232998715621
78,Cifar100,FedAvg,76,3.6769925017677476,0.13885778275475924,0.8011769642480728,0.08937479333991365,0.04976288586003229
79,Cifar100,FedAvg,77,3.671047541528613,0.14076806534483893,0.8017461976624872,0.09111643966427072,0.04892968851155903
80,Cifar100,FedAvg,78,3.6669656891818923,0.1412291680389961,0.8022245172283676,0.08928914921711599,0.04868844518662502
81,Cifar100,FedAvg,79,3.6629868872898395,0.14024109083723074,0.802728961011895,0.0902111721755306,0.04738254258077319
82,Cifar100,FedAvg,80,3.6633956367389096,0.14155852710625125,0.803055831492614,0.09182844222813114,0.04787894686308034
83,Cifar100,FedAvg,81,3.66178939286469,0.14274421974836968,0.803079743969491,0.0887155215731895,0.047786824690357874
84,Cifar100,FedAvg,82,3.6625147670813,0.14248073249456558,0.8029895456807887,0.09139460505175666,0.04855980173569624
85,Cifar100,FedAvg,83,3.6543922390460577,0.14155852710625125,0.8041069398593599,0.09287345225403973,0.04718375599498996
86,Cifar100,FedAvg,84,3.6520788692246873,0.1441933996442922,0.8041807267702559,0.08986506425639632,0.046703197311172145
87,Cifar100,FedAvg,85,3.652171566810639,0.14340293788287992,0.804403830998806,0.08913638748243305,0.04692364023400243
88,Cifar100,FedAvg,86,3.645200753134096,0.14465450233844937,0.804993178319977,0.08518344804847817,0.046998635316742726
89,Cifar100,FedAvg,87,3.6448584108038546,0.1450497332191555,0.805477972905643,0.08974702931778869,0.04690726558772737
90,Cifar100,FedAvg,88,3.6433736924715823,0.14320532244252684,0.8056196815094344,0.08793683047772836,0.04709204980411405
91,Cifar100,FedAvg,89,3.6403361455129306,0.14643304130162704,0.8059691630128571,0.08973730686905676,0.04667616816401552
92,Cifar100,FedAvg,90,3.63749987802059,0.14570845135366578,0.8060556729861607,0.0916219931520662,0.04598183115180849
93,Cifar100,FedAvg,91,3.636303833538862,0.1457743231671168,0.806344081093792,0.0898971872688994,0.046216635963145486
94,Cifar100,FedAvg,92,3.6316943835156463,0.14755286213029445,0.8064507808100444,0.09014108643474054,0.04605411460685313
95,Cifar100,FedAvg,93,3.631359534632023,0.14696001580923523,0.8064908254698038,0.08952555946075218,0.04638986936454949
96,Cifar100,FedAvg,94,3.632240468637338,0.14748699031684342,0.8066577688815191,0.09132347738686432,0.04606858012255991
97,Cifar100,FedAvg,95,3.627260062182061,0.14755286213029445,0.8074145588450559,0.09042790181964194,0.04559312084124096
98,Cifar100,FedAvg,96,3.6258468390398066,0.14834332389170674,0.8073346375909971,0.08961210617926527,0.04585164830698073
99,Cifar100,FedAvg,97,3.6216669542994326,0.14979250378762926,0.8076829554439521,0.09126077676435661,0.04522770338976279
100,Cifar100,FedAvg,98,3.6210921785649948,0.1496607601607272,0.8078666694133312,0.09006400667883224,0.04559814300617409
101,Cifar100,FedAvg,99,3.616074073932292,0.15157104275080693,0.8082211341668692,0.08792153569133211,0.04531314673792998
102,Cifar100,FedAvg,100,3.6199968396378845,0.1488044265858639,0.8078982568161066,0.08745652382661168,0.04599117240479073
1,case,method,group,Loss,Accurancy,AUC,Std Test Accurancy,Std Test AUC
2,Cifar100,FedALA,0,4.616148001441786,0.009287925696594427,0.5019225793459141,0.020087653556514685,0.1046251435653638
3,Cifar100,FedALA,1,4.552897773499866,0.026743956261115868,0.598701994185657,0.05334291845045212,0.1096718490148676
4,Cifar100,FedALA,2,4.497927853421003,0.046242013042619066,0.640449486599846,0.07261759270833132,0.10883271475483071
5,Cifar100,FedALA,3,4.438352960259975,0.06139253013635465,0.6712767722453127,0.08373152946225144,0.10334017576691483
6,Cifar100,FedALA,4,4.375794392165985,0.07542322640142284,0.6968905874629674,0.09482828504172312,0.09902565271200893
7,Cifar100,FedALA,5,4.31123824442334,0.08932217903958896,0.7213902621803805,0.1016275062209192,0.09238558264610265
8,Cifar100,FedALA,6,4.247733770075754,0.09841248929583031,0.7427055575384361,0.10439534888266752,0.08690071773402917
9,Cifar100,FedALA,7,4.186372614568834,0.10546077333508992,0.7594421334251539,0.10709435915666243,0.08107060895708815
10,Cifar100,FedALA,8,4.134659972903452,0.11547328897964561,0.7719275676859593,0.11036319339462017,0.07780642756158794
11,Cifar100,FedALA,9,4.084297333035384,0.12397075291482774,0.7828060683979435,0.11012481236654807,0.07442442131507122
12,Cifar100,FedALA,10,4.036622586024023,0.12884526711020355,0.7929543477053835,0.11012173662087012,0.07057648296125378
13,Cifar100,FedALA,11,3.993785795331726,0.13859429550095514,0.7999975780966921,0.11410459211881847,0.06835254304756644
14,Cifar100,FedALA,12,3.957198952678846,0.14570845135366578,0.8047972921792197,0.11568285459884235,0.0673900657638161
15,Cifar100,FedALA,13,3.923440963308388,0.1468941439957842,0.8093185285778494,0.11680505864070169,0.06649770594447785
16,Cifar100,FedALA,14,3.8924963009810667,0.1528226072063764,0.81284601963503,0.11851277895414959,0.06584603595947335
17,Cifar100,FedALA,15,3.8611569898269775,0.1620446610895198,0.8171383065581961,0.12036982663619743,0.06479176403255416
18,Cifar100,FedALA,16,3.8294147776666088,0.1683024833673671,0.8218199492680015,0.12429998409025209,0.06238792441735424
19,Cifar100,FedALA,17,3.799656249360352,0.1729135103089388,0.8265058811849705,0.12572962871187254,0.0605176836303723
20,Cifar100,FedALA,18,3.7761373381661847,0.17462617745866543,0.8290593258638825,0.12357648379897396,0.05972221378888149
21,Cifar100,FedALA,19,3.753422682746743,0.17409920295105724,0.831768970907441,0.12430987983919223,0.05867537660675937
22,Cifar100,FedALA,20,3.7336343221272434,0.17554838284697977,0.8336294260488883,0.12392779761694617,0.05797967659579548
23,Cifar100,FedALA,21,3.7136146969787007,0.18015940978855147,0.8358442461093564,0.12415624635318999,0.05768688502638074
24,Cifar100,FedALA,22,3.695482118680726,0.1823990514458863,0.8374328971681468,0.12593372157909594,0.05737577794280344
25,Cifar100,FedALA,23,3.6748399305404202,0.18608787299914367,0.8400777590795223,0.12524308239425494,0.05600765659682863
26,Cifar100,FedALA,24,3.659452012679655,0.18878861735063565,0.8412296304544817,0.12583142460988367,0.05559644734672418
27,Cifar100,FedALA,25,3.643033847284451,0.19148936170212766,0.8424299238725148,0.12953484015271524,0.05567450867853578
28,Cifar100,FedALA,26,3.6285437696393914,0.195112311441934,0.8436800284260824,0.13061869333107892,0.05545546786245766
29,Cifar100,FedALA,27,3.6128694760086595,0.19603451683024833,0.845601440278422,0.13039096642514966,0.05453875672272634
30,Cifar100,FedALA,28,3.600866998002378,0.1970225940320137,0.8461974275961806,0.13076673270586614,0.054995627800569775
31,Cifar100,FedALA,29,3.5840724733799343,0.20617877610170607,0.8478640930188807,0.13172834507679332,0.054440755079648635
32,Cifar100,FedALA,30,3.571870311776952,0.20716685330347145,0.848911023049624,0.13013152875767084,0.05413593785616901
33,Cifar100,FedALA,31,3.558628020188346,0.20762795599762862,0.849984703748843,0.13001137370607155,0.05412712345072131
34,Cifar100,FedALA,32,3.5478751966908066,0.20769382781107965,0.8509377770213011,0.13040599500661612,0.05390521879592018
35,Cifar100,FedALA,33,3.540104970288638,0.20881364863974705,0.8512735175643781,0.1318184473477851,0.05394854717272704
36,Cifar100,FedALA,34,3.5271099913456663,0.21144852117778803,0.852419210734974,0.1306588468974602,0.053790773533412696
37,Cifar100,FedALA,35,3.5155707859493255,0.21237072656610237,0.8534742543805541,0.1316478366100877,0.0538424650785237
38,Cifar100,FedALA,36,3.5082780842923413,0.21375403464857387,0.8534888407183501,0.13265165028974762,0.053580742806983606
39,Cifar100,FedALA,37,3.4974544068211793,0.2152032145444964,0.8542386919776429,0.13377168740283826,0.053383161422325534
40,Cifar100,FedALA,38,3.489077492889935,0.21553257361175154,0.8551886594785139,0.13277957959253428,0.05304728308247576
41,Cifar100,FedALA,39,3.4791830920467857,0.21810157433634147,0.8562875003714291,0.13180635539752192,0.052584925343654054
42,Cifar100,FedALA,40,3.4694582322214726,0.21968249785916608,0.8565955452667954,0.13143703145796273,0.053122213699275715
43,Cifar100,FedALA,41,3.463100931289873,0.21823331796324352,0.8570105037165127,0.13239029869292607,0.05325277747535533
44,Cifar100,FedALA,42,3.456176654362936,0.22152690863579474,0.8579152344981403,0.13256733357512795,0.05275668023741027
45,Cifar100,FedALA,43,3.4424873297665126,0.22422765298728675,0.8592972689306905,0.13405286163955166,0.05221330828015277
46,Cifar100,FedALA,44,3.438616088055167,0.22238324221065806,0.8593413119843895,0.13403458406819654,0.05237662188070301
47,Cifar100,FedALA,45,3.4323010271468015,0.222251498583756,0.8594056451626495,0.13357902294023738,0.05269673743958659
48,Cifar100,FedALA,46,3.423209220287253,0.2240959093603847,0.860117899261527,0.13483329309882444,0.05222212174403203
49,Cifar100,FedALA,47,3.4156296283058047,0.2225149858375601,0.8606154337944784,0.13386788668378974,0.05230043879172577
50,Cifar100,FedALA,48,3.4041693124934667,0.22580857651011133,0.8619929923970082,0.1326190819095971,0.05168648437435821
51,Cifar100,FedALA,49,3.4000005252174605,0.22501811474869904,0.8619192064428425,0.13239844015097682,0.051953149897546354
52,Cifar100,FedALA,50,3.3902629147790844,0.23048547526513405,0.8626487950609987,0.1350981956026063,0.051758897260604106
53,Cifar100,FedALA,51,3.3805123134269848,0.2308807061458402,0.8635079651770349,0.1340831268600595,0.05141496715673515
54,Cifar100,FedALA,52,3.3769630388354295,0.23055134707858507,0.8635965864080146,0.13417515175099426,0.0513548064818417
55,Cifar100,FedALA,53,3.366588000549875,0.2352282458336078,0.8644618394896211,0.133497950944862,0.05073782080867453
56,Cifar100,FedALA,54,3.360389646120074,0.23417429681839141,0.8647305790014161,0.13289931548306724,0.05088514361302177
57,Cifar100,FedALA,55,3.3510353527844856,0.235755220341216,0.8655960552633613,0.13460981863635899,0.050645577514559115
58,Cifar100,FedALA,56,3.348971371852533,0.23555760490086292,0.865246991991009,0.13593783626415737,0.05113467082360982
59,Cifar100,FedALA,57,3.347269159443484,0.2325933732955668,0.8651263149927033,0.13449313828600892,0.05130327418576263
60,Cifar100,FedALA,58,3.3392619198305984,0.2349647585798037,0.8659184586154847,0.13489822715488245,0.05122108451397834
61,Cifar100,FedALA,59,3.33532352273255,0.23588696396811804,0.8664048636392265,0.13574778247124086,0.05074509371004972
62,Cifar100,FedALA,60,3.3317090637745954,0.23503063039325472,0.866279825691925,0.13331324285501464,0.0506810481196964
63,Cifar100,FedALA,61,3.3185783883056628,0.23825834925235492,0.867595419966947,0.13405840746894618,0.049856239405542103
64,Cifar100,FedALA,62,3.311357719589303,0.23839009287925697,0.8679329591629743,0.1341930929064056,0.04991760702191751
65,Cifar100,FedALA,63,3.311463468715788,0.2354917330874119,0.8677523738247428,0.13375328118193008,0.05006803790033378
66,Cifar100,FedALA,64,3.305708757600749,0.23753375930439366,0.8680473264899182,0.13637670190010864,0.05001105441144437
67,Cifar100,FedALA,65,3.299921562581668,0.23997101640208154,0.8685259116070289,0.13531968504059427,0.049658184735430745
68,Cifar100,FedALA,66,3.297632323225617,0.23878532375996311,0.8686798891430685,0.1354008525347933,0.049611133361994735
69,Cifar100,FedALA,67,3.2911601145225733,0.24076147816349383,0.8690250201453444,0.13602787932600532,0.04945432934385485
70,Cifar100,FedALA,68,3.284656535966915,0.2416836835518082,0.8699272423490706,0.1342406014541446,0.0487962902850344
71,Cifar100,FedALA,69,3.2813292664545286,0.2428035043804756,0.8699264519138462,0.13387862941269044,0.04921339325042333
72,Cifar100,FedALA,70,3.2770135124693893,0.24379158158224096,0.8700102495095768,0.13596535198512066,0.04899490650431207
73,Cifar100,FedALA,71,3.273455920685399,0.24398919702259403,0.8700820247068903,0.1360201262827191,0.04900076415047041
74,Cifar100,FedALA,72,3.272465627489392,0.24115670904419997,0.8699831895164396,0.13762653593768542,0.049457150871707094
75,Cifar100,FedALA,73,3.2702192080863512,0.24319873526118174,0.8700357787881843,0.1364612127862488,0.0492023617857673
76,Cifar100,FedALA,74,3.2682261496887763,0.24260588894012253,0.8701956729012609,0.13585419004118673,0.04904630755409787
77,Cifar100,FedALA,75,3.2639346807538008,0.24234240168631843,0.8701421087385817,0.137999479874524,0.049119639484191874
78,Cifar100,FedALA,76,3.2604685032792795,0.24273763256702457,0.8703358325101975,0.1382425584598799,0.04898639976944927
79,Cifar100,FedALA,77,3.252297215242804,0.24484553059745734,0.8709494884852241,0.13824359418315327,0.04898660255178859
80,Cifar100,FedALA,78,3.2475038805908736,0.24543837691851655,0.8710983060369978,0.13881716448086814,0.048963141930380684
81,Cifar100,FedALA,79,3.243232944934124,0.24451617153020222,0.8715635553663531,0.13818919532215865,0.04891002199408621
82,Cifar100,FedALA,80,3.2425842576824744,0.24385745339569198,0.8715428150742474,0.13950864273789765,0.04905938597128398
83,Cifar100,FedALA,81,3.2394988481994766,0.2450431460378104,0.8717455691678222,0.13986530394393698,0.04859173290686103
84,Cifar100,FedALA,82,3.2383943473175405,0.24431855608984915,0.8714166944660583,0.1389784651210352,0.049201406076951525
85,Cifar100,FedALA,83,3.231937073799175,0.2441868124629471,0.8720725262429809,0.13737933508860387,0.04884254726469953
86,Cifar100,FedALA,84,3.2284441165488813,0.24642645412028194,0.8722747028575751,0.1367242098664984,0.048481588739665925
87,Cifar100,FedALA,85,3.2261478422493046,0.24609709505302682,0.872341180364429,0.13757618148152023,0.048489802828727
88,Cifar100,FedALA,86,3.219743456795951,0.24616296686647784,0.8727394122673373,0.13568523574063376,0.04834837878731902
89,Cifar100,FedALA,87,3.21919246252517,0.2455701205454186,0.872717907957459,0.13892437937613983,0.04864487494543345
90,Cifar100,FedALA,88,3.2159358745434248,0.2444502997167512,0.8728548906488373,0.1360451855951646,0.04862742544739638
91,Cifar100,FedALA,89,3.2117222739092375,0.24412094064949608,0.873119193641085,0.13793902259954383,0.04852874142377238
92,Cifar100,FedALA,90,3.209155496273745,0.24458204334365324,0.8732975769209754,0.13796614677933525,0.04794621827088001
93,Cifar100,FedALA,91,3.207247643751562,0.24642645412028194,0.8731888588327956,0.1385163755682825,0.04788803615583638
94,Cifar100,FedALA,92,3.202089681581884,0.2476780185758514,0.8733148651972423,0.1378705978435215,0.04814148548323185
95,Cifar100,FedALA,93,3.200171596990308,0.2485343521507147,0.873199024359386,0.13856221295937649,0.04815398716500192
96,Cifar100,FedALA,94,3.197569592788014,0.24642645412028194,0.8733707147026355,0.1364445235242344,0.04834126604765761
97,Cifar100,FedALA,95,3.193093316204134,0.24807324945655754,0.8737485890491117,0.13767698812249887,0.04791257350689972
98,Cifar100,FedALA,96,3.1905561495136623,0.249324813912127,0.8736959676859445,0.13671905341219526,0.04812032131454437
99,Cifar100,FedALA,97,3.1878631246489064,0.2503787629273434,0.8739487738601422,0.13941983430518626,0.04795901593547021
100,Cifar100,FedALA,98,3.1857125366267356,0.2485343521507147,0.8740349267447565,0.13770785744811184,0.04786988901033194
101,Cifar100,FedALA,99,3.1808389686119014,0.2480073776431065,0.8744270554299504,0.13775124171755643,0.047593866537679046
102,Cifar100,FedALA,100,3.1817145114931047,0.24695342862789013,0.8741523318628686,0.13560729732850116,0.047888229204162976
1,case,method,group,Loss,Accurancy,AUC,Std Test Accurancy,Std Test AUC
2,Cifar100,FedProx,0,4.616148001441786,0.009287925696594427,0.5019225793459141,0.020087653556514685,0.1046251435653638
3,Cifar100,FedProx,1,4.588576360921788,0.009749028390751598,0.554779143689954,0.020000224057824267,0.10248690876630503
4,Cifar100,FedProx,2,4.559023941767085,0.018839338646992953,0.5883386650924909,0.0342680210351599,0.10127788768703123
5,Cifar100,FedProx,3,4.51980213313773,0.027929648903234305,0.6157938864339275,0.051188869163265885,0.09824832445457644
6,Cifar100,FedProx,4,4.476689100546733,0.035702522890455175,0.6384175574368965,0.0571686424494915,0.0947609889335512
7,Cifar100,FedProx,5,4.429327533677966,0.04360714050457809,0.6601134762070412,0.06187324590109563,0.08983978188996662
8,Cifar100,FedProx,6,4.381438779523743,0.049206244647915155,0.6792543778425049,0.06646290352933344,0.08522953519332253
9,Cifar100,FedProx,7,4.3355582372623696,0.0528291943877215,0.6953403658762305,0.06848950853414716,0.08152844845308299
10,Cifar100,FedProx,8,4.297273575442963,0.05625452868717476,0.7075669558460757,0.06840404970494761,0.07903675693463283
11,Cifar100,FedProx,9,4.258426313099136,0.06093142744219748,0.7186070202030594,0.0694364724878117,0.0764330424618086
12,Cifar100,FedProx,10,4.222712247603797,0.06409327448784664,0.7282928463086016,0.07095017257960777,0.07258804162936054
13,Cifar100,FedProx,11,4.190720225232838,0.06758448060075094,0.7361051279891392,0.06971214702446596,0.07068748948205796
14,Cifar100,FedProx,12,4.163227827706254,0.07292009749028391,0.741899210218679,0.07386298890095341,0.06985029395487256
15,Cifar100,FedProx,13,4.138079379931216,0.0764113036031882,0.7471190597808661,0.07495212520871603,0.06936229412440417
16,Cifar100,FedProx,14,4.115008174091315,0.078585073447072,0.751444676117472,0.0762425922928117,0.06900263636303104
17,Cifar100,FedProx,15,4.091566089536326,0.08273499769448653,0.7564813225275403,0.07721055807099228,0.06725626697470856
18,Cifar100,FedProx,16,4.06758533948866,0.08668730650154799,0.7616694248472783,0.07943855744818343,0.06430617036842859
19,Cifar100,FedProx,17,4.044551545690359,0.08938805085303998,0.7672196298594888,0.08068898155135362,0.061697333237071855
20,Cifar100,FedProx,18,4.0271971151320605,0.09208879520453198,0.7705304678752921,0.07967829730733672,0.061482061537503116
21,Cifar100,FedProx,19,4.010805458406411,0.09116658981621764,0.7736638068749371,0.08005988661523358,0.06045510426076987
22,Cifar100,FedProx,20,3.9966695757788804,0.09110071800276662,0.776032400158348,0.07960230081978915,0.06009578931940454
23,Cifar100,FedProx,21,3.981505117370087,0.09525064225018115,0.7787635827377459,0.08189620645112916,0.05939401759028
24,Cifar100,FedProx,22,3.968541582443463,0.09814900204202621,0.7808638800937185,0.08280652249242791,0.059291606367778964
25,Cifar100,FedProx,23,3.9525693038902876,0.09893946380343852,0.7837148152354101,0.08093153250772897,0.05750013749383311
26,Cifar100,FedProx,24,3.941755060188654,0.09893946380343852,0.7851932186943711,0.07968819928395957,0.057159444570812394
27,Cifar100,FedProx,25,3.929518534866546,0.1019036954087346,0.7868390796078772,0.08398867613755723,0.0573525797741955
28,Cifar100,FedProx,26,3.9189695778261693,0.10440682431987353,0.7886322902830473,0.08634162333251272,0.056810292121587974
29,Cifar100,FedProx,27,3.9073495801591296,0.10585600421579607,0.7910526563298911,0.08628674623043085,0.055374582621818075
30,Cifar100,FedProx,28,3.899527907706834,0.10684408141756142,0.7918310742113215,0.08575558073132866,0.05616460708820374
31,Cifar100,FedProx,29,3.8863031386182545,0.1102694157170147,0.7938846187200688,0.08536781403589815,0.05534473619386621
32,Cifar100,FedProx,30,3.8769342896726537,0.11349713457611488,0.7951444655050894,0.08533971773452212,0.055342257216427916
33,Cifar100,FedProx,31,3.866596226531682,0.11270667281470259,0.7967266515997146,0.08523442500074933,0.05518322150904874
34,Cifar100,FedProx,32,3.858728247841455,0.11376062182991897,0.7979888292831618,0.08499955619739016,0.05509929634801957
35,Cifar100,FedProx,33,3.8537811025518782,0.11534154535274356,0.7985834413450406,0.08484844312653168,0.05517651587883973
36,Cifar100,FedProx,34,3.8429843804524975,0.11665898162176405,0.8002716980435761,0.08630969007349583,0.05471827765644851
37,Cifar100,FedProx,35,3.834016395528091,0.11672485343521508,0.8016065601306639,0.08722523419623979,0.05460679597802977
38,Cifar100,FedProx,36,3.8293158677688433,0.11725182794282327,0.8017457366356696,0.0878030351823562,0.05495243165902393
39,Cifar100,FedProx,37,3.820420242007053,0.11777880245043146,0.8027155720475659,0.0886238687230073,0.05521006042471711
40,Cifar100,FedProx,38,3.8148736509391137,0.11982082866741321,0.8038812254067544,0.08757684619539333,0.05455892703812194
41,Cifar100,FedProx,39,3.807107167920641,0.12080890586917858,0.805306366864396,0.08911713664720922,0.05385995164906276
42,Cifar100,FedProx,40,3.798967882559527,0.12298267571306239,0.8059168525411914,0.08968282561402784,0.0546491972734965
43,Cifar100,FedProx,41,3.79431476021687,0.1238390092879257,0.8065703196094887,0.08987785203156018,0.054796262804157704
44,Cifar100,FedProx,42,3.7894316239772783,0.12541993281075028,0.8077463686721147,0.0880771289498462,0.05400291355131868
45,Cifar100,FedProx,43,3.7776428031116636,0.12436598379553389,0.809598634655904,0.08886567794017328,0.05308719731088702
46,Cifar100,FedProx,44,3.775546602194284,0.12416836835518082,0.8097986944716699,0.09109926583108892,0.05366776130246321
47,Cifar100,FedProx,45,3.77051358664926,0.12594690731835848,0.8098936533613968,0.08971711276894415,0.054684657846560764
48,Cifar100,FedProx,46,3.7629119026586286,0.12647388182596667,0.8110578217189384,0.09061074372212771,0.054212117983730046
49,Cifar100,FedProx,47,3.756853014812118,0.12693498452012383,0.8119017256690161,0.08953271368215591,0.053897869138360956
50,Cifar100,FedProx,48,3.7467886409918743,0.12752783084118305,0.8136597329672562,0.08900777028050356,0.05267069733260083
51,Cifar100,FedProx,49,3.7445088002785787,0.12930636980436072,0.813569025550422,0.08987603384973088,0.05285658563633467
52,Cifar100,FedProx,50,3.7360762653977324,0.13194124234240168,0.8146732325010403,0.09153204131907465,0.05264783939048058
53,Cifar100,FedProx,51,3.7275717401772765,0.13154601146169553,0.8157438585337037,0.09130339263687576,0.05206976593518883
54,Cifar100,FedProx,52,3.725286721371986,0.12943811343126277,0.8160995367474357,0.09084895529144091,0.052195791716776005
55,Cifar100,FedProx,53,3.715803580701205,0.1341150121862855,0.8172671389697974,0.09130923014111231,0.051408852159204405
56,Cifar100,FedProx,54,3.7105896089916577,0.1322706014096568,0.8178845579515592,0.09018012648538994,0.051284416875866275
57,Cifar100,FedProx,55,3.7020900839308126,0.1335880376786773,0.8189541587678097,0.09076772994818325,0.050789921036848026
58,Cifar100,FedProx,56,3.700688184708392,0.13464198669389368,0.8187227702130737,0.09009909721472042,0.051544947633842216
59,Cifar100,FedProx,57,3.699991420883523,0.13352216586522628,0.8186499898432641,0.09266287245695176,0.05219235545882168
60,Cifar100,FedProx,58,3.6926174587178453,0.1352348330149529,0.8197097979675,0.09341477969963291,0.051832947287509624
61,Cifar100,FedProx,59,3.6897099882826683,0.13813319280679798,0.820375670086629,0.09443155766414885,0.05118360074405352
62,Cifar100,FedProx,60,3.686382029809598,0.13701337197813057,0.8204451496514755,0.09132134890419949,0.05154507339560094
63,Cifar100,FedProx,61,3.673646320000652,0.13800144917989593,0.8221221980459363,0.09202684292408181,0.05042186284473119
64,Cifar100,FedProx,62,3.66645082781897,0.13977998814307357,0.8227520249398591,0.09307768691524726,0.0505054767625578
65,Cifar100,FedProx,63,3.667099050607604,0.13912127000856334,0.8226533921695091,0.09571569608179531,0.0507223733272078
66,Cifar100,FedProx,64,3.6624216678765364,0.14017521902377972,0.8231278406757434,0.0936318464215074,0.05067678062278094
67,Cifar100,FedProx,65,3.657335552970442,0.1404387062775838,0.8239159110202516,0.09341117710078799,0.050495034050891244
68,Cifar100,FedProx,66,3.6554359401508703,0.13938475726236743,0.8242136241471335,0.09455258137115083,0.05044017776159775
69,Cifar100,FedProx,67,3.6493386974482687,0.14103155259864303,0.8246642419901322,0.09352257269352039,0.050721772358004034
70,Cifar100,FedProx,68,3.6434610379000736,0.14103155259864303,0.8258771705766653,0.09158931583734992,0.04933803047003074
71,Cifar100,FedProx,69,3.6406906371691647,0.14188788617350637,0.8260473007201514,0.09272364339071852,0.04956078158692303
72,Cifar100,FedProx,70,3.636889492791552,0.14340293788287992,0.8263055975611169,0.09149767205295173,0.04961476376521806
73,Cifar100,FedProx,71,3.6336177165014387,0.14340293788287992,0.8264818913351777,0.0927803049330745,0.049840886099519394
74,Cifar100,FedProx,72,3.632949895115018,0.14399578420393913,0.826460274319742,0.09441667857463787,0.05053967939894843
75,Cifar100,FedProx,73,3.6312750842878234,0.14412752783084118,0.8266066051184687,0.09411547137988269,0.05055936919700615
76,Cifar100,FedProx,74,3.630095748787361,0.14373229695013504,0.826863399891978,0.09453835343454561,0.05035910907324843
77,Cifar100,FedProx,75,3.6265533494220303,0.14511560503260654,0.8268258088306695,0.09359122366674474,0.05051341447555128
78,Cifar100,FedProx,76,3.623325855716172,0.14728937487649035,0.8272097239215117,0.0954879758740306,0.05060988159880288
79,Cifar100,FedProx,77,3.615380770243314,0.14696001580923523,0.8280627384358843,0.09611422488157062,0.05030886760393371
80,Cifar100,FedProx,78,3.61128430612701,0.1471576312495883,0.8284327789292991,0.09561743215815327,0.05016721889064199
81,Cifar100,FedProx,79,3.6073286035902195,0.14537909228641063,0.8290486200394669,0.09552740183933343,0.049782965236987116
82,Cifar100,FedProx,80,3.607307745744935,0.1450497332191555,0.8291469820577367,0.0948745106211704,0.05000566095909414
83,Cifar100,FedProx,81,3.604220107574989,0.14669652855543114,0.8295011277042977,0.09410864333683593,0.04955871464337183
84,Cifar100,FedProx,82,3.603449148336109,0.14801396482445162,0.8293243224910316,0.09731772978139878,0.050174823958391984
85,Cifar100,FedProx,83,3.5970953201525075,0.14748699031684342,0.8302841975968235,0.09619960244239291,0.04964166935955804
86,Cifar100,FedProx,84,3.5936906540115845,0.14873855477241288,0.8305168417225025,0.09637747239993223,0.04897223655734337
87,Cifar100,FedProx,85,3.5921771598699443,0.14735524668994138,0.8305977781618307,0.09536149671057748,0.049048960820712
88,Cifar100,FedProx,86,3.5853586550060044,0.14722350306303933,0.8311942935297654,0.09203146803466403,0.04924634977274359
89,Cifar100,FedProx,87,3.5848821375095503,0.14761873394374547,0.8314286882212224,0.09403489023344716,0.04923309001353051
90,Cifar100,FedProx,88,3.5819157517147784,0.1482115802648047,0.8316964669390526,0.0927285963756645,0.04913465648125665
91,Cifar100,FedProx,89,3.5781182570386503,0.14913378565311902,0.8320647886682406,0.0953683054043126,0.049015531350756016
92,Cifar100,FedProx,90,3.5756836735762008,0.15045122192213953,0.8324125414833418,0.09549037079423536,0.048529740391731996
93,Cifar100,FedProx,91,3.5740089262692445,0.1501218628548844,0.8323731938185029,0.09567391310671126,0.0486470047464458
94,Cifar100,FedProx,92,3.568825230095696,0.15005599104143338,0.8326209290806859,0.09407618432920913,0.04870289844785212
95,Cifar100,FedProx,93,3.5673148401981365,0.15130755549700284,0.8325927645543401,0.09534387921749825,0.04874082232810572
96,Cifar100,FedProx,94,3.5651884980215134,0.15143929912390489,0.8328431136524841,0.0940333169196262,0.04869217411345869
97,Cifar100,FedProx,95,3.561285264494631,0.15170278637770898,0.8333667494999231,0.09528952525926486,0.04824185763833386
98,Cifar100,FedProx,96,3.559186477273251,0.1528226072063764,0.8333059192722887,0.09477851931893347,0.04871862011477105
99,Cifar100,FedProx,97,3.5572247263113415,0.15374481259469072,0.8336556464193021,0.09698535280905646,0.048104568261791006
100,Cifar100,FedProx,98,3.5546804453595215,0.15222976088531717,0.8339248324856383,0.09728705505264858,0.048610639168895346
101,Cifar100,FedProx,99,3.549844887498697,0.15354719715433765,0.8344292119580584,0.09701624537124147,0.04845584843282095
102,Cifar100,FedProx,100,3.5512876468381456,0.1520321454449641,0.8340818171541772,0.09504695355347244,0.04909920941510707
1,case,method,group,Loss,Accurancy,AUC,Std Test Accurancy,Std Test AUC
2,Cifar100,FedALA_AAW,0,4.616148001441786,0.009287925696594427,0.5019225793459141,0.020087653556514685,0.1046251435653638
3,Cifar100,FedALA_AAW,1,3.9214445833766103,0.13075554970028325,0.6578671338475142,0.19787755655728254,0.1786726325749653
4,Cifar100,FedALA_AAW,2,3.4500293973229117,0.2146762400368882,0.7392065738830685,0.23342520772906933,0.17370350379714203
5,Cifar100,FedALA_AAW,3,3.2543550290854943,0.24326460707463277,0.781516047414451,0.23001525075731297,0.1542725887120887
6,Cifar100,FedALA_AAW,4,3.089591909883044,0.26170871484091957,0.8015165917392143,0.23107393883029959,0.14437762943266116
7,Cifar100,FedALA_AAW,5,2.9815905609260813,0.2777814373229695,0.825476529085196,0.22708277103664842,0.12809982301308084
8,Cifar100,FedALA_AAW,6,2.9308793883321647,0.2723799486199855,0.8340082405570692,0.21937729167346742,0.11935676405540846
9,Cifar100,FedALA_AAW,7,2.822948622060457,0.28153613068967787,0.8464950795360745,0.21985113051185232,0.1093624074493793
10,Cifar100,FedALA_AAW,8,2.740891324772509,0.2984651867465911,0.8547528478379426,0.22868333904019156,0.10635896129551536
11,Cifar100,FedALA_AAW,9,2.755957436033618,0.29121928726697843,0.8576648154386014,0.21661779052564645,0.09862099158383839
12,Cifar100,FedALA_AAW,10,2.702880071727925,0.2895066201172518,0.8643290536518473,0.20724307432248204,0.09368728689699256
13,Cifar100,FedALA_AAW,11,2.613246082038241,0.3093999077794612,0.871633993684954,0.2125738802376893,0.08903385011533899
14,Cifar100,FedALA_AAW,12,2.5895222318461393,0.31177129306369805,0.8737575438364629,0.21396447780266245,0.08854964387376506
15,Cifar100,FedALA_AAW,13,2.575617113742546,0.3099927541005204,0.8764561396367233,0.210335558234202,0.08545595404175245
16,Cifar100,FedALA_AAW,14,2.590255954924113,0.3039984190764772,0.8751705382952087,0.2022358390480472,0.083500371117651
17,Cifar100,FedALA_AAW,15,2.543869321445648,0.31262762663856136,0.8782512195583528,0.20411665941222004,0.0849211717401932
18,Cifar100,FedALA_AAW,16,2.4939361121050547,0.3214544496409986,0.8830990736416245,0.20410432689492206,0.08054294367310601
19,Cifar100,FedALA_AAW,17,2.4526547107806738,0.32020288518542916,0.8882712659089658,0.20490670358277502,0.07687650305058276
20,Cifar100,FedALA_AAW,18,2.4629045215239445,0.3192148079836638,0.8859255587947604,0.2034205833244892,0.07609140434368382
21,Cifar100,FedALA_AAW,19,2.433374321868487,0.3235623476714314,0.8876265239792783,0.20961700534599084,0.0775286445832243
22,Cifar100,FedALA_AAW,20,2.390846711716107,0.32296950135037217,0.891478908160604,0.20538609714465372,0.07448685368359939
23,Cifar100,FedALA_AAW,21,2.402741453893746,0.32455042487319674,0.8918081230918037,0.19766835667222196,0.07217906090698673
24,Cifar100,FedALA_AAW,22,2.375314860134722,0.32718529741123775,0.892732005173837,0.20024495650800966,0.07318948493813801
25,Cifar100,FedALA_AAW,23,2.365117677434861,0.3281733746130031,0.8931943741080499,0.1962760135915867,0.0699100402895407
26,Cifar100,FedALA_AAW,24,2.342883977869796,0.33377247875634014,0.895676062944233,0.19482182711274035,0.06957092713199638
27,Cifar100,FedALA_AAW,25,2.3324009273441644,0.33186219616626045,0.8959859141852202,0.20220790055404717,0.06939533365203404
28,Cifar100,FedALA_AAW,26,2.332353926417104,0.33581450497332194,0.8958649266288093,0.19944375639675516,0.07093834933910545
29,Cifar100,FedALA_AAW,27,2.339572493153771,0.3312034780317502,0.896889272461772,0.19456219506072112,0.06801685322950872
30,Cifar100,FedALA_AAW,28,2.297598040871432,0.3317963243528094,0.8963723260562072,0.19713840416949865,0.07013333121860472
31,Cifar100,FedALA_AAW,29,2.2748069786660756,0.3418088399973651,0.8985002140037377,0.19417428510900173,0.06776858654164054
32,Cifar100,FedALA_AAW,30,2.254498438255412,0.3438508662143469,0.8993095479890226,0.19451441391932917,0.06500457678373026
33,Cifar100,FedALA_AAW,31,2.264236740158299,0.3393057110862262,0.8994640279063538,0.19759790551863834,0.066846341501131
34,Cifar100,FedALA_AAW,32,2.2425296642484365,0.34648573875238786,0.901177133055008,0.19650752977203045,0.06728630519600227
35,Cifar100,FedALA_AAW,33,2.230993921332962,0.3422699426915223,0.9018263081883033,0.20082167447971086,0.0673261197604528
36,Cifar100,FedALA_AAW,34,2.238818889360623,0.34595876424477967,0.9025209566380944,0.1930105577268899,0.06567032763383274
37,Cifar100,FedALA_AAW,35,2.219651132814484,0.35030630393254725,0.9030500333778606,0.19790994546328203,0.06744520246197883
38,Cifar100,FedALA_AAW,36,2.2101089607571693,0.3454976615506225,0.9050180904019418,0.1956428303328273,0.06462298434248964
39,Cifar100,FedALA_AAW,37,2.201146753053788,0.35597127988933536,0.9049909800502207,0.18901291564074957,0.06352978710658944
40,Cifar100,FedALA_AAW,38,2.206707009247562,0.3493182267307819,0.9029321344373095,0.19580538482090531,0.065580545617958
41,Cifar100,FedALA_AAW,39,2.1662590358062244,0.3558395362624333,0.9051537247937578,0.19062144460142783,0.06530605771271332
42,Cifar100,FedALA_AAW,40,2.1499577323273313,0.36301956392859497,0.9053149445138646,0.19496430304189508,0.06400661428259179
43,Cifar100,FedALA_AAW,41,2.15509951417679,0.35656412621039457,0.905130449915556,0.19575769307979585,0.06489191416409056
44,Cifar100,FedALA_AAW,42,2.1762625633029504,0.35373163823200054,0.9065808855694097,0.1887007896666023,0.06443995792236384
45,Cifar100,FedALA_AAW,43,2.1487799034704778,0.3561030235162374,0.9071100589409101,0.19400614980996883,0.06377513375806733
46,Cifar100,FedALA_AAW,44,2.1367088899326285,0.3588037678677294,0.905906647509763,0.19578822545307684,0.0653952945524937
47,Cifar100,FedALA_AAW,45,2.1166671321968025,0.3609116658981622,0.9067618554418477,0.19591845745035427,0.06482603531804704
48,Cifar100,FedALA_AAW,46,2.155719647594378,0.35379751004545157,0.9072523872332326,0.19186860439934472,0.06256090494903627
49,Cifar100,FedALA_AAW,47,2.1355451143671575,0.3588696396811804,0.905919789101621,0.20221925655804762,0.06585095103552996
50,Cifar100,FedALA_AAW,48,2.1267118548731485,0.35682761346419867,0.9063368918554368,0.19768681375165298,0.06323169403587714
51,Cifar100,FedALA_AAW,49,2.1295250764130755,0.35728871615835583,0.9088346998797653,0.18721533643999397,0.06277526179043111
52,Cifar100,FedALA_AAW,50,2.091369111299276,0.3626243330478888,0.9088841286341481,0.19399615390722386,0.06185511021386442
53,Cifar100,FedALA_AAW,51,2.0982225437709925,0.3661155391607931,0.9093229346985441,0.19612418481429172,0.06219055091191171
54,Cifar100,FedALA_AAW,52,2.0790717094882623,0.36209735854028063,0.9090295578036478,0.19867336795007143,0.06571190075239208
55,Cifar100,FedALA_AAW,53,2.0547600139194895,0.3703313352216587,0.9114897242759541,0.18616177314403076,0.06117676008092633
56,Cifar100,FedALA_AAW,54,2.065847189365452,0.36295369211514394,0.9105506143667583,0.19203527365286202,0.06031598029589477
57,Cifar100,FedALA_AAW,55,2.0553526367061363,0.3680916935643238,0.9116516280738806,0.19440912688712503,0.06022395936389755
58,Cifar100,FedALA_AAW,56,2.030133205228716,0.368552796258481,0.9132237009013604,0.18967666469241892,0.060043148009265905
59,Cifar100,FedALA_AAW,57,2.068106419945145,0.3675647190567156,0.9109915516162105,0.18706520057153458,0.05915152978657877
60,Cifar100,FedALA_AAW,58,2.050550794195313,0.3678282063105197,0.9104743975695312,0.19901792612208746,0.0636006132023564
61,Cifar100,FedALA_AAW,59,2.0162139642682755,0.3733614386404058,0.9128622380188043,0.19755142753630575,0.06070375317747882
62,Cifar100,FedALA_AAW,60,2.0672787320733472,0.36064817864435805,0.9106027591775528,0.19083423333086694,0.061054883100814084
63,Cifar100,FedALA_AAW,61,2.0087375836767762,0.37158289967722813,0.9147390965596202,0.19299452722411078,0.05923907676685235
64,Cifar100,FedALA_AAW,62,2.035708335892775,0.3689480271391871,0.9127535847753641,0.19174098594503122,0.060535718539360774
65,Cifar100,FedALA_AAW,63,2.034441032688746,0.3680916935643238,0.9130857385328701,0.18763837124105479,0.05800143996511075
66,Cifar100,FedALA_AAW,64,2.0212581390256994,0.3661814109742441,0.9131755940636725,0.193356405383142,0.060039461308153894
67,Cifar100,FedALA_AAW,65,1.9900204532688817,0.3787629273433898,0.9137140240884747,0.18932159176117652,0.06133984663797128
68,Cifar100,FedALA_AAW,66,2.002225418383167,0.3701995915947566,0.9126271881802023,0.19261085899770397,0.06267984299442819
69,Cifar100,FedALA_AAW,67,1.9798205737160914,0.3718463869310322,0.9133632596295155,0.19667807306327598,0.06247706574630963
70,Cifar100,FedALA_AAW,68,1.9880933654753774,0.37085830972926687,0.9122763027697401,0.19247000073895149,0.06119904878802804
71,Cifar100,FedALA_AAW,69,1.9748829458799761,0.3761939266187998,0.9154127878479704,0.18899992936723553,0.06145615866487983
72,Cifar100,FedALA_AAW,70,1.9790034975995754,0.3756669521111916,0.9133002685460715,0.1860482646117635,0.060968292704565386
73,Cifar100,FedALA_AAW,71,1.9790524737251067,0.3733614386404058,0.9136873928442554,0.19110223660334874,0.05937903051061727
74,Cifar100,FedALA_AAW,72,1.9945789922923196,0.37158289967722813,0.9147017023866526,0.1857571130230013,0.05732257091804234
75,Cifar100,FedALA_AAW,73,2.0034313436754068,0.3700678479678546,0.9125458752636122,0.19513989615706692,0.05854674075151926
76,Cifar100,FedALA_AAW,74,1.969031684290974,0.37494236216323035,0.9136873801981249,0.18541935234728726,0.05858351065998163
77,Cifar100,FedALA_AAW,75,1.9546241575159038,0.38166128713523484,0.9161589880999773,0.19089851208739284,0.05751946084787097
78,Cifar100,FedALA_AAW,76,1.9589739762952436,0.37744549107436925,0.9149758956588205,0.18975792084133813,0.05985104381069493
79,Cifar100,FedALA_AAW,77,1.956139002651145,0.37382254133456294,0.9153761097928995,0.18879553798065243,0.05839738455052694
80,Cifar100,FedALA_AAW,78,1.9593908455620945,0.3709900533561689,0.9156002106536504,0.18618334295587521,0.05932513863783353
81,Cifar100,FedALA_AAW,79,1.9300519980555075,0.3761939266187998,0.916242207677631,0.1914965430035104,0.05820725872200054
82,Cifar100,FedALA_AAW,80,1.9383271006846423,0.37520584941703444,0.9151120629523205,0.19706783650748913,0.05965710496660358
83,Cifar100,FedALA_AAW,81,1.9429655040600111,0.3772478756340162,0.9153575564535893,0.189528781822558,0.05729626006420177
84,Cifar100,FedALA_AAW,82,1.9295686598465471,0.37052895066201175,0.9159337209319277,0.1934205707377769,0.05832619948554916
85,Cifar100,FedALA_AAW,83,1.947191201287074,0.37382254133456294,0.9143396522529968,0.19753366157944205,0.05647961012419694
86,Cifar100,FedALA_AAW,84,1.9299942299973083,0.3775772347012713,0.9157803915688469,0.18749316505086544,0.05723069241408694
87,Cifar100,FedALA_AAW,85,1.9237073571139014,0.3781042092088795,0.9156782969217268,0.19575739606755765,0.05934020000319607
88,Cifar100,FedALA_AAW,86,1.8890496090542905,0.3787629273433898,0.9167397935606935,0.19015597579668292,0.05756549849407118
89,Cifar100,FedALA_AAW,87,1.909815660485975,0.3748764903497793,0.916096901442609,0.19147171822044282,0.05887020759374926
90,Cifar100,FedALA_AAW,88,1.9344586877375585,0.36881628351228507,0.9146668523566069,0.19445591771328624,0.05831440972212195
91,Cifar100,FedALA_AAW,89,1.8996816434338148,0.3753375930439365,0.9164831716989565,0.20036521302833327,0.06137352586845436
92,Cifar100,FedALA_AAW,90,1.9069940480182412,0.38139779988143074,0.9162126793544876,0.19426177307358836,0.05761660493717945
93,Cifar100,FedALA_AAW,91,1.8750346446642188,0.38060733812001846,0.9178664698042849,0.19879461825452557,0.058682380100671006
94,Cifar100,FedALA_AAW,92,1.9014366951665145,0.3842961596732758,0.9170325651733509,0.19302279759550864,0.05888174166035769
95,Cifar100,FedALA_AAW,93,1.898161824048964,0.3788287991568408,0.9171430526043132,0.18768184079575326,0.05888971783087165
96,Cifar100,FedALA_AAW,94,1.8713566261282624,0.38502074962123706,0.9183519444062532,0.18919127208987463,0.057949564628766
97,Cifar100,FedALA_AAW,95,1.8903817284866358,0.38087082537382255,0.9160986738885393,0.19160882162632623,0.05710876669662408
98,Cifar100,FedALA_AAW,96,1.8926510680773112,0.38475726236743296,0.917054382830646,0.19062328497777165,0.059505201486576245
99,Cifar100,FedALA_AAW,97,1.8725719093600997,0.3843620314867268,0.9177491762526471,0.19436315567630946,0.059603348993672874
100,Cifar100,FedALA_AAW,98,1.8687077371706882,0.37744549107436925,0.9167076823964436,0.1924683092442541,0.0592303093815232
101,Cifar100,FedALA_AAW,99,1.8735154094190878,0.38284697977735327,0.9187529561884401,0.1917339603765759,0.05559670839441279
102,Cifar100,FedALA_AAW,100,1.8898388441532719,0.3704630788485607,0.9167038173801576,0.19323410341613886,0.058554903391007766
1,case,method,group,Loss,Accurancy,AUC,Std Test Accurancy,Std Test AUC
2,Cifar100,MOON,0,7.3532086519177815,0.008431592121731111,0.49944242693745694,0.04203497652200667,0.14035610972865972
3,Cifar100,MOON,1,5.392821527805922,0.02154008299848495,0.5094264491578961,0.04499523063957666,0.14277069110116197
4,Cifar100,MOON,2,4.9211776632112185,0.028193136157038404,0.5283639660895213,0.05565309152826512,0.1455753716753283
5,Cifar100,MOON,3,4.706429438542978,0.02997167512021606,0.5572732461438207,0.05577431024466418,0.14894140110632437
6,Cifar100,MOON,4,4.5954262636370045,0.03754693366708386,0.5859502722279737,0.05988678963693827,0.148678516066229
7,Cifar100,MOON,5,4.522575070924848,0.047295962057835456,0.6134941315156708,0.0647623610505691,0.14317020743299108
8,Cifar100,MOON,6,4.476021643526898,0.054212502470193005,0.6309387586798325,0.07011915254819223,0.13939107144359275
9,Cifar100,MOON,7,4.4318622953283215,0.057901324023450364,0.6514181223847083,0.0739373204796416,0.12961494379180186
10,Cifar100,MOON,8,4.401575697754442,0.0571767340754891,0.6650675700845031,0.07119365102809727,0.12368062603681848
11,Cifar100,MOON,9,4.370833599159629,0.06231473552466899,0.6768669130970436,0.07292475853227569,0.11933844353938816
12,Cifar100,MOON,10,4.341226502843306,0.06211712008431592,0.6877733113315887,0.07450271292993958,0.11292014151466416
13,Cifar100,MOON,11,4.312390077461317,0.06863842961596733,0.6967925583264245,0.07754659834196649,0.10727730748739399
14,Cifar100,MOON,12,4.2868449383363485,0.07259073842302878,0.7038697139084261,0.07868717192044682,0.10376944128481684
15,Cifar100,MOON,13,4.262741786729899,0.07423753375930439,0.7088735244649752,0.0813757651547715,0.10172654208712492
16,Cifar100,MOON,14,4.241210305293798,0.07496212370726565,0.7125431796516328,0.08006824072760066,0.10281787207769387
17,Cifar100,MOON,15,4.215706399105582,0.07700414992424741,0.7190661717107253,0.08378319272544223,0.09659476609275683
18,Cifar100,MOON,16,4.189128277252249,0.08056122785060273,0.7259085568877252,0.08282757131256013,0.09022119311394884
19,Cifar100,MOON,17,4.161493041361539,0.08550161385942955,0.734325497135219,0.08226019328389275,0.08370102533883222
20,Cifar100,MOON,18,4.144161406764858,0.08207627955997629,0.7370495469347341,0.08287392793512359,0.08303729788937671
21,Cifar100,MOON,19,4.12518897648029,0.0848428957249193,0.7399116007315545,0.08724437284098496,0.08274229302773707
22,Cifar100,MOON,20,4.108524933483064,0.08721428100915618,0.7422487344049639,0.0852095291728218,0.08281604109971248
23,Cifar100,MOON,21,4.091239574708152,0.08813648639747053,0.7460621479810932,0.08496010142694431,0.0806343589061575
24,Cifar100,MOON,22,4.075094166441044,0.0878071273302154,0.7484853018073615,0.08398624784997583,0.07988088598365481
25,Cifar100,MOON,23,4.054610764025214,0.08879520453198077,0.7525087227295124,0.08353939666032056,0.07530719510836079
26,Cifar100,MOON,24,4.039133843336355,0.09459192411567091,0.7550631576003648,0.08784268409146877,0.0728349893146615
27,Cifar100,MOON,25,4.02379816979854,0.09446018048876885,0.7559575835099965,0.08863077795021744,0.07464258889600192
28,Cifar100,MOON,26,4.010014445095289,0.0997299255648508,0.7582051157903932,0.09281584331303985,0.07344462193248213
29,Cifar100,MOON,27,3.992288108476006,0.09926882287069363,0.7620586249290304,0.08789587794618076,0.06911930941693877
30,Cifar100,MOON,28,3.98422569595159,0.09709505302680983,0.7616181286248949,0.08625961243116191,0.07138008065470039
31,Cifar100,MOON,29,3.9668701991835023,0.10328700349120612,0.7650092100122114,0.08870359437396404,0.06908586594082199
32,Cifar100,MOON,30,3.9571164808129673,0.10493379882748172,0.7656203630443904,0.08784375822351607,0.06963251553328882
33,Cifar100,MOON,31,3.943323504231433,0.10664646597720835,0.7670133799907044,0.08847091179245202,0.0679954441484639
34,Cifar100,MOON,32,3.9334977078747158,0.10499967064093274,0.76894933761323,0.08893922562462164,0.06691839555158531
35,Cifar100,MOON,33,3.925204694568543,0.1078321586193268,0.769669849221258,0.08887975469478218,0.0671090424136606
36,Cifar100,MOON,34,3.9108297490844297,0.10888610763454318,0.7721790705119704,0.08752186562270982,0.06510847530298097
37,Cifar100,MOON,35,3.900382290052184,0.11053290297081879,0.7736512618433096,0.09253729280766605,0.06400776880462222
38,Cifar100,MOON,36,3.8939652535089206,0.11020354390356367,0.7737767448321956,0.08972732231420019,0.06472394372846575
39,Cifar100,MOON,37,3.882317589367921,0.1132995191357618,0.7747319229531727,0.09252740757164703,0.06390594865473852
40,Cifar100,MOON,38,3.8738011845702127,0.11250905737434952,0.7768500256383349,0.08947094334924431,0.062247209398641784
41,Cifar100,MOON,39,3.865017891319572,0.11402410908372307,0.7790419156917245,0.09095607963208015,0.0601080022448508
42,Cifar100,MOON,40,3.8583376127798927,0.1157367762334497,0.7787649847694885,0.09185589611951205,0.062053387487578146
43,Cifar100,MOON,41,3.8519988476218723,0.11514392991239049,0.7790459110674802,0.09394439650606091,0.062049349599655156
44,Cifar100,MOON,42,3.8457958213799057,0.11488044265858639,0.780618124273465,0.09012430363738207,0.06148722689606863
45,Cifar100,MOON,43,3.830792242629852,0.11777880245043146,0.7828974235002387,0.0914836371559399,0.05843625703502134
46,Cifar100,MOON,44,3.8281809198002925,0.11619787892760687,0.7823877030930576,0.0916498357220252,0.06010360812756088
47,Cifar100,MOON,45,3.8232928352773046,0.11850339239839273,0.7820146246224776,0.08875637243379403,0.062124407208369044
48,Cifar100,MOON,46,3.8143525001801746,0.11837164877149067,0.7837403658152955,0.09007166755325793,0.06065770622228011
49,Cifar100,MOON,47,3.808123931598343,0.11876687965219683,0.7847494212140232,0.090813878588188,0.059462339505472354
50,Cifar100,MOON,48,3.7950221168271274,0.12219221395165009,0.7872120191660201,0.08766756716130214,0.05662130197287685
51,Cifar100,MOON,49,3.7924464230593227,0.12271918845925828,0.7869031318200405,0.0893919353553702,0.05729923248592211
52,Cifar100,MOON,50,3.787835119932514,0.12482708648969106,0.7877107750494897,0.09042436349246556,0.057195361926623715
53,Cifar100,MOON,51,3.77700894821708,0.12719847177392793,0.7890233529848399,0.09077444558681136,0.0555585989393947
54,Cifar100,MOON,52,3.7728245948427723,0.12482708648969106,0.789699934210599,0.0919664839018639,0.05453975998506195
55,Cifar100,MOON,53,3.7619599675474555,0.12581516369145643,0.7915530817356146,0.09141564318912367,0.05246025183295282
56,Cifar100,MOON,54,3.7566866758633153,0.1251564455569462,0.7921797993839662,0.08836052181218133,0.051689165844508285
57,Cifar100,MOON,55,3.7488457335608913,0.12680324089322179,0.793113137840898,0.09169536484549727,0.050976155962717
58,Cifar100,MOON,56,3.752742811357377,0.1265397536394177,0.7922684923790648,0.09435959249806743,0.05243595913447783
59,Cifar100,MOON,57,3.7495543218201988,0.12647388182596667,0.792370520891919,0.09397566141838748,0.05388245498057729
60,Cifar100,MOON,58,3.7425092725461306,0.130096831565773,0.7935537668965326,0.09235257901897256,0.05295553191178477
61,Cifar100,MOON,59,3.737546620384317,0.13029444700612608,0.7942591576392638,0.09167547800586938,0.05253118097568827
62,Cifar100,MOON,60,3.736549327847486,0.13042619063302813,0.7940717164416001,0.09022159615271959,0.0529336514662305
63,Cifar100,MOON,61,3.7220886369580506,0.13134839602134246,0.7958738984301615,0.0894891960637242,0.050291665908283045
64,Cifar100,MOON,62,3.718946030163503,0.132731704103814,0.7962708702268535,0.09093281255870271,0.0504501935379484
65,Cifar100,MOON,63,3.7195011880629054,0.1320071141558527,0.7960773776895558,0.09055364627060654,0.05120348787488157
66,Cifar100,MOON,64,3.71260651736497,0.13246821685000987,0.796887153046664,0.08901428637395725,0.050615506102254695
67,Cifar100,MOON,65,3.7051144792200508,0.13569593570911007,0.7979494645764318,0.0888789003579064,0.04949057928922279
68,Cifar100,MOON,66,3.704052729389648,0.13451024306699164,0.7983376389244377,0.08889479277317354,0.04953741710242115
69,Cifar100,MOON,67,3.700874130794654,0.13628878203016928,0.7982382401269394,0.08924160838025737,0.05002649197513177
70,Cifar100,MOON,68,3.6928335802707166,0.13595942296291416,0.7997111269990265,0.08738618081122154,0.04816108597260486
71,Cifar100,MOON,69,3.690477896127172,0.13740860285883671,0.8000416117198366,0.09032136641287626,0.04847565312280746
72,Cifar100,MOON,70,3.6853957085511655,0.138199064620249,0.8003460171679136,0.08823373601992361,0.04850904762345772
73,Cifar100,MOON,71,3.683381914059487,0.13912127000856334,0.8006956047836721,0.08892877124714886,0.04861671371825853
74,Cifar100,MOON,72,3.685465696475411,0.1389895263816613,0.8002273592558817,0.09191555594903296,0.04974273838329501
75,Cifar100,MOON,73,3.685469226237488,0.13951650088926948,0.8000578759995508,0.09398001594701993,0.050110410279097434
76,Cifar100,MOON,74,3.683360988837861,0.13918714182201436,0.8006504033594699,0.09071638380966258,0.050238539693049866
77,Cifar100,MOON,75,3.6800345450615386,0.13945062907581846,0.8006024953400593,0.08790092131536112,0.05059775989591215
78,Cifar100,MOON,76,3.6770416603916063,0.13892365456821026,0.8011710118363983,0.08955733859873631,0.04977230795587778
79,Cifar100,MOON,77,3.6710924138803036,0.1407021935313879,0.8017383108576553,0.09107776130884913,0.048927803215969755
80,Cifar100,MOON,78,3.667035893642819,0.14136091166589818,0.8022015493954064,0.08908423325779297,0.04870758085842747
81,Cifar100,MOON,79,3.6630575611299077,0.14017521902377972,0.8027146323025369,0.0900732124847822,0.04740044049298913
82,Cifar100,MOON,80,3.6634189719438184,0.14162439891970227,0.8030329542002042,0.09186283633745118,0.04789118003366052
83,Cifar100,MOON,81,3.6618377062015552,0.14313945062907582,0.8030614804828822,0.08879003124421057,0.04779344073713148
84,Cifar100,MOON,82,3.6626115521635274,0.1419537579869574,0.8029778162319475,0.09121859639360642,0.0485609091651499
85,Cifar100,MOON,83,3.65443237409673,0.14136091166589818,0.8040987519939191,0.09275817954535223,0.047185436410652315
86,Cifar100,MOON,84,3.652044258368836,0.14386404057703708,0.804172278513087,0.0899532394312723,0.04671055820529467
87,Cifar100,MOON,85,3.652205170374494,0.143666425136684,0.8043825213632725,0.08929805584632604,0.04692855481974267
88,Cifar100,MOON,86,3.64513338272503,0.14465450233844937,0.8049820979929748,0.08483190780657468,0.04699651562006296
89,Cifar100,MOON,87,3.644887820766405,0.1450497332191555,0.8054602462696847,0.08966984229942306,0.04692716027534985
90,Cifar100,MOON,88,3.6434076930626196,0.1433370660694289,0.8055917765964208,0.08786426036414408,0.047112253587655493
91,Cifar100,MOON,89,3.640313246864317,0.14676240036888216,0.8059599170487125,0.0896436158454955,0.046680985082685714
92,Cifar100,MOON,90,3.6374994605987867,0.1457743231671168,0.8060448400617136,0.09172215306107669,0.04599372759814686
93,Cifar100,MOON,91,3.63628020876387,0.14597193860746988,0.8063366005942582,0.0898001655150896,0.04622835731987751
94,Cifar100,MOON,92,3.6316798585705765,0.14761873394374547,0.8064475016126094,0.09016354929499032,0.04606175559711592
95,Cifar100,MOON,93,3.631366294797109,0.14728937487649035,0.8064832808265473,0.08972770367729647,0.04640201509202817
96,Cifar100,MOON,94,3.6322685839173454,0.14728937487649035,0.806650324784873,0.09086214722702615,0.046080579631554805
97,Cifar100,MOON,95,3.6271819737264526,0.14755286213029445,0.8074077844900712,0.09059998625154747,0.04559064626864435
98,Cifar100,MOON,96,3.62580909186878,0.1485409393320598,0.8073322942941571,0.08975729442477409,0.045845045103864834
99,Cifar100,MOON,97,3.6216337911642005,0.15005599104143338,0.8076831145578469,0.091220905024225,0.04522297607884706
100,Cifar100,MOON,98,3.6210827838378337,0.14979250378762926,0.8078692469770323,0.08994247722565533,0.04559121752551006
101,Cifar100,MOON,99,3.6160709921812453,0.15176865819116,0.8082218483027249,0.08820866674731773,0.04531208983205062
102,Cifar100,MOON,100,3.6200244295576525,0.14919965746657005,0.8078893171021944,0.08776794732796038,0.0459872812295205
1,case,method,group,Loss,Accurancy,AUC,Std Test Accurancy,Std Test AUC,join_ratio
2,Cifar100,PerAvg,0,4.4669921681436815,0.009287925696594427,0.5019225793459141,0.020087653556514685,0.1046251435653638,0.5
3,Cifar100,PerAvg,1,4.32199870930213,0.010012515644555695,0.5546720972090156,0.02000724007200014,0.1018566021240539,0.5
4,Cifar100,PerAvg,2,4.169388871700042,0.02002503128911139,0.5877363427948498,0.036437274305291895,0.10102165212691286,0.5
5,Cifar100,PerAvg,3,4.014061244192557,0.028522495224293523,0.615018571067002,0.05460315453255424,0.09740028149682983,0.5
6,Cifar100,PerAvg,4,3.866161776436933,0.03491206112904288,0.6377775601974398,0.058007584816418656,0.09368245535400262,0.5
7,Cifar100,PerAvg,5,3.729256479827423,0.04248731967591068,0.659777133094949,0.0615160271636812,0.08908262901499446,0.5
8,Cifar100,PerAvg,6,3.6087210165559416,0.04834991107305184,0.678544040445882,0.06578818663178043,0.08502188309909373,0.5
9,Cifar100,PerAvg,7,3.5066499355493375,0.05138001449179896,0.6938788025181353,0.06836782931144691,0.081403660661004,0.5
10,Cifar100,PerAvg,8,3.4225953739920185,0.05552993873921349,0.7061424939626757,0.06779708146007388,0.07896172228631392,0.5
11,Cifar100,PerAvg,9,3.3471429082974997,0.0639615308609446,0.7165603008795853,0.0706027155691485,0.07661250186044272,0.5
12,Cifar100,PerAvg,10,3.280704267937569,0.06560832619722021,0.7257649930379475,0.07246840203250493,0.07269314156082696,0.5
13,Cifar100,PerAvg,11,3.2239127156025176,0.06738686516039787,0.733117567764502,0.07157318428613954,0.07121867937539873,0.5
14,Cifar100,PerAvg,12,3.1755468454940434,0.07212963572887161,0.7388355432923437,0.0733130544996917,0.07015800667874099,0.5
15,Cifar100,PerAvg,13,3.133504215853705,0.07403991831895132,0.7438389120699067,0.07470761511648703,0.069487588545301,0.5
16,Cifar100,PerAvg,14,3.095556267881913,0.07733350899150254,0.7481591375352512,0.07336384610739258,0.0688670070172156,0.5
17,Cifar100,PerAvg,15,3.0596883773002723,0.08161517686581912,0.7528643532167317,0.07735281213940175,0.06748949028377944,0.5
18,Cifar100,PerAvg,16,3.0272441141714754,0.08405243396350702,0.7580136210996136,0.0780881394538947,0.06428531590777636,0.5
19,Cifar100,PerAvg,17,2.997286354810469,0.08602858836703775,0.7631758700465422,0.07932624041352389,0.06192595625342692,0.5
20,Cifar100,PerAvg,18,2.970747483130182,0.08662143468809697,0.7666231314240589,0.07836834014890921,0.06158951116294115,0.5
21,Cifar100,PerAvg,19,2.9457211229021456,0.08576510111323364,0.7694939670710903,0.0761263194993883,0.060774573520986,0.5
22,Cifar100,PerAvg,20,2.923506584914058,0.08886107634543179,0.7720229521986107,0.0780375054826745,0.059908060150145874,0.5
23,Cifar100,PerAvg,21,2.9026538758558513,0.09222053883143402,0.7746908105441753,0.08092748740705596,0.059162496931188135,0.5
24,Cifar100,PerAvg,22,2.884026384232799,0.09195705157762993,0.776621306794124,0.07822954863242637,0.05916417692530201,0.5
25,Cifar100,PerAvg,23,2.8661501640310654,0.09373559054080759,0.7792002032904859,0.08119495006275909,0.057359256307812814,0.5
26,Cifar100,PerAvg,24,2.8489848876332275,0.09386733416770963,0.7806881818889255,0.0800098901784265,0.057075878495894364,0.5
27,Cifar100,PerAvg,25,2.833195322429532,0.09702918121335881,0.7823108511519102,0.0819090201473536,0.057334610950402064,0.5
28,Cifar100,PerAvg,26,2.817787563940985,0.10071800276661616,0.7841030336444231,0.08305626801327107,0.056614899416561816,0.5
29,Cifar100,PerAvg,27,2.8036842617616267,0.10032277188591002,0.786171154106783,0.08206417770260695,0.05543401224900496,0.5
30,Cifar100,PerAvg,28,2.7905932619042204,0.10203543903563665,0.7869333553389484,0.08356605066006909,0.05618826689676863,0.5
31,Cifar100,PerAvg,29,2.776802677146752,0.10710756867136552,0.7889009840142118,0.08193470543383846,0.055312761500063694,0.5
32,Cifar100,PerAvg,30,2.7634888599104523,0.10888610763454318,0.7903788150127243,0.08295759301726692,0.054718046304929956,0.5
33,Cifar100,PerAvg,31,2.752707637104174,0.10829326131348396,0.7918501718546912,0.08346950818769425,0.05480119123297299,0.5
34,Cifar100,PerAvg,32,2.7411147044286257,0.10835913312693499,0.7927346797919081,0.08064829818510402,0.05487791329650462,0.5
35,Cifar100,PerAvg,33,2.729752653082824,0.10822738950003294,0.7934697452696998,0.08145783611836319,0.05478285008149924,0.5
36,Cifar100,PerAvg,34,2.718581041777584,0.11059877478426981,0.7950020989924746,0.08254701062322786,0.0544742666064296,0.5
37,Cifar100,PerAvg,35,2.707935278664539,0.11033528753046572,0.796090953697097,0.08484723738847626,0.05452029850850202,0.5
38,Cifar100,PerAvg,36,2.6982420711314603,0.1121796983070944,0.796518263998965,0.08387402312954255,0.054640700561249735,0.5
39,Cifar100,PerAvg,37,2.688562484205363,0.11211382649364338,0.7974581864049985,0.08721465833242688,0.05475558144113762,0.5
40,Cifar100,PerAvg,38,2.679915827612174,0.11369475001646795,0.7982652407982315,0.08572091369150477,0.05431068684937812,0.5
41,Cifar100,PerAvg,39,2.6700349625296704,0.11422172452407615,0.7995436558907558,0.08414625796974469,0.053597120505523135,0.5
42,Cifar100,PerAvg,40,2.660985936045619,0.11698834068901917,0.8000312716090894,0.08249442767193468,0.05437362344174196,0.5
43,Cifar100,PerAvg,41,2.6526677729881283,0.11876687965219683,0.8007197420101945,0.0847928163564948,0.05442343964773208,0.5
44,Cifar100,PerAvg,42,2.644253882624561,0.11856926421184376,0.801945629915432,0.08440696432687071,0.05356516801232144,0.5
45,Cifar100,PerAvg,43,2.6352449322328235,0.11889862327909888,0.8035979612902784,0.0859136784021987,0.05274806745281255,0.5
46,Cifar100,PerAvg,44,2.627907144202332,0.11731769975627429,0.8039280150321385,0.08538494718596787,0.05300489933919043,0.5
47,Cifar100,PerAvg,45,2.6207479617050033,0.11982082866741321,0.8041326449706383,0.08641751448883124,0.05409861608625972,0.5
48,Cifar100,PerAvg,46,2.6138137132392036,0.12080890586917858,0.8051222007918942,0.08769079877624396,0.05377208301968678,0.5
49,Cifar100,PerAvg,47,2.6060650730659223,0.12021605954811936,0.8059947597254121,0.08644447905751605,0.05346723669247742,0.5
50,Cifar100,PerAvg,48,2.5972611670410806,0.12054541861537448,0.8076383770756888,0.08542942182284097,0.05239402804385669,0.5
51,Cifar100,PerAvg,49,2.5907353747642983,0.12159936763059087,0.8075587440767549,0.08621473018551062,0.052632690928126405,0.5
52,Cifar100,PerAvg,50,2.5832398540197947,0.12416836835518082,0.8084780127363103,0.08408012622382426,0.05240054464323893,0.5
53,Cifar100,PerAvg,51,2.57584648039589,0.1262762663856136,0.8094638611960195,0.08621868726919395,0.051765251181921414,0.5
54,Cifar100,PerAvg,52,2.569496281270328,0.1249588301165931,0.8099857322483083,0.08666074470911915,0.05177250110245902,0.5
55,Cifar100,PerAvg,53,2.562476432902792,0.12561754825110336,0.8107078388098081,0.08531924361137973,0.05134179877419986,0.5
56,Cifar100,PerAvg,54,2.5568556151641975,0.12568342006455438,0.8111858551650828,0.08636583550773244,0.05123742261275974,0.5
57,Cifar100,PerAvg,55,2.5502188671742796,0.12706672814702588,0.8121006548763221,0.08429727238597604,0.05070559112198808,0.5
58,Cifar100,PerAvg,56,2.5448131959698923,0.12851590804294843,0.8121538169935508,0.08559160689566224,0.05146960709073789,0.5
59,Cifar100,PerAvg,57,2.5395766931491885,0.1289770107371056,0.8120726845173162,0.08879340121757473,0.05207216084016419,0.5
60,Cifar100,PerAvg,58,2.5329531442460302,0.13141426783479349,0.8129791889186297,0.08805211929696707,0.05188327880351216,0.5
61,Cifar100,PerAvg,59,2.5268134886956495,0.13095316514063632,0.8137025865115686,0.08977454576001186,0.05123504445516931,0.5
62,Cifar100,PerAvg,60,2.5210887650091744,0.130096831565773,0.8138603130706613,0.08574040337013183,0.051504652238828504,0.5
63,Cifar100,PerAvg,61,2.5146682529060294,0.1338515249324814,0.8151187534765744,0.08664018462364635,0.05051264375430553,0.5
64,Cifar100,PerAvg,62,2.509134747749462,0.13398326855938344,0.8155952483141221,0.08536160185171485,0.0508737240317372,0.5
65,Cifar100,PerAvg,63,2.5042622782486776,0.1330610631710691,0.815595168568824,0.08927332257534581,0.05077731558263152,0.5
66,Cifar100,PerAvg,64,2.4994015309206996,0.13530070482840392,0.8158741969617905,0.08679661414998213,0.050730534432933086,0.5
67,Cifar100,PerAvg,65,2.494998771466826,0.13536657664185495,0.8165670285929841,0.08844449715614533,0.05073313412945387,0.5
68,Cifar100,PerAvg,66,2.4896601157647877,0.13516896120150187,0.8167217029598602,0.0897780579574294,0.050641510757414784,0.5
69,Cifar100,PerAvg,67,2.4854207432631186,0.1352348330149529,0.8171882256810007,0.08678088330502852,0.050939524171541586,0.5
70,Cifar100,PerAvg,68,2.479627886492383,0.13701337197813057,0.8182406666365082,0.08746848371178806,0.04990758144290718,0.5
71,Cifar100,PerAvg,69,2.474351737631849,0.135498320268757,0.8184696440472824,0.08704986565516923,0.05012343273567704,0.5
72,Cifar100,PerAvg,70,2.469568253506365,0.1363546538436203,0.8187085384119441,0.08651919316169102,0.05004328213191924,0.5
73,Cifar100,PerAvg,71,2.465016884801079,0.13681575653777747,0.8189130879556461,0.08823976304747669,0.05023998069130894,0.5
74,Cifar100,PerAvg,72,2.4617286480122536,0.13648639747052235,0.8189156632320992,0.08984845349907963,0.05092527917866061,0.5
75,Cifar100,PerAvg,73,2.4581354710574677,0.13879191094130822,0.8190587528106569,0.08856725623474339,0.05094225099526913,0.5
76,Cifar100,PerAvg,74,2.452959366862259,0.13786970555299388,0.8193665169038513,0.08943168511068786,0.050743555255500644,0.5
77,Cifar100,PerAvg,75,2.449430320826225,0.13786970555299388,0.8192930638643676,0.08771147122526245,0.050913537187667425,0.5
78,Cifar100,PerAvg,76,2.4457111617353458,0.138199064620249,0.8197389644276771,0.08904256565334487,0.05092545856931596,0.5
79,Cifar100,PerAvg,77,2.4418188405227506,0.14050457809103484,0.820380159283727,0.08831293881306407,0.050746065496604924,0.5
80,Cifar100,PerAvg,78,2.4374423604027005,0.1387260391278572,0.8205874827147402,0.08758198100475312,0.05063553625577152,0.5
81,Cifar100,PerAvg,79,2.4325887608391072,0.13997760358342665,0.8215341460768969,0.08783318987425145,0.05006301842010649,0.5
82,Cifar100,PerAvg,80,2.4287411679181448,0.13852842368750412,0.8215859768299705,0.08891601429685402,0.050307799747549904,0.5
83,Cifar100,PerAvg,81,2.424653373666598,0.14030696265068177,0.8217866131812684,0.08853208365266203,0.0500027479072427,0.5
84,Cifar100,PerAvg,82,2.421823976484953,0.1414267834793492,0.8215203146124322,0.08957311163022975,0.05093890067228422,0.5
85,Cifar100,PerAvg,83,2.418841120231624,0.14234898886766353,0.8223110529020504,0.09111235772276706,0.050433087632774265,0.5
86,Cifar100,PerAvg,84,2.414505094319644,0.14149265529280022,0.8225959456662516,0.08998143018997412,0.04971403962051361,0.5
87,Cifar100,PerAvg,85,2.4108989763575104,0.1425466043080166,0.8226586676429224,0.08848233963971189,0.04960707496674167,0.5
88,Cifar100,PerAvg,86,2.4070410699097646,0.1416902707331533,0.8231140466427707,0.08525007040111306,0.04989898734358493,0.5
89,Cifar100,PerAvg,87,2.403485974694315,0.14030696265068177,0.8234227932603961,0.0875522366299956,0.04985444584635016,0.5
90,Cifar100,PerAvg,88,2.4006270541710237,0.14050457809103484,0.8235572657087546,0.08904167240342242,0.04975387675905088,0.5
91,Cifar100,PerAvg,89,2.3972478485018,0.14248073249456558,0.8238868105554459,0.09104229187703039,0.049762086812695,0.5
92,Cifar100,PerAvg,90,2.394450244832822,0.1433370660694289,0.8241099088701808,0.0910504988782226,0.04915324290935777,0.5
93,Cifar100,PerAvg,91,2.391137803105622,0.14261247612146763,0.8242365007116516,0.09401754146465977,0.04925352910785272,0.5
94,Cifar100,PerAvg,92,2.387370063338612,0.14327119425597787,0.8244812203327949,0.09008046817890304,0.04919060274070428,0.5
95,Cifar100,PerAvg,93,2.3849734740934236,0.14406165601739016,0.8244075929350089,0.0906125127270801,0.049384141426083626,0.5
96,Cifar100,PerAvg,94,2.3817668108438745,0.14300770700217377,0.8247362974245649,0.09077176175276913,0.04933326130781114,0.5
97,Cifar100,PerAvg,95,2.37892005714442,0.143600553323233,0.8251890393232397,0.09089139961819406,0.048929974684329976,0.5
98,Cifar100,PerAvg,96,2.3765237294106405,0.14452275871154732,0.8251561564677624,0.09074059334909569,0.049334872772312154,0.5
99,Cifar100,PerAvg,97,2.3728024930904676,0.14386404057703708,0.8254177738818744,0.09231425556591331,0.048869511877461136,0.5
100,Cifar100,PerAvg,98,2.370696798330855,0.14465450233844937,0.8256457077288305,0.09071749536833816,0.049306693257071536,0.5
101,Cifar100,PerAvg,99,2.3672282907379874,0.14537909228641063,0.8260772171001751,0.0917284370620688,0.04918527291433753,0.5
102,Cifar100,PerAvg,100,2.365287648787009,0.14439101508464527,0.8256547205788716,0.09105953368323454,0.049689870678057455,0.5
