1,case,method,group,Loss,Accurancy,AUC,Std Test Accurancy,Std Test AUC,Kl,JS,EMD,round_time,highResourceClientNum,select_mode
2,mnist,FedGCS,1,2.00997224698893,0.418753208235898,0.6934778501429677,0.32485918478568565,0.2871033174677568,0.24419461621051256,0.24529698546854184,0.05847896669090296,30.990000000000002,0,oort
3,mnist,FedGCS,2,1.784168161733483,0.4250270917698055,0.7703872720148758,0.36508714312635077,0.22779853613813297,0.1260713406310981,0.17998264911685802,0.040780009851702034,31.1,0,oort
4,mnist,FedGCS,3,1.4820393221268748,0.4827468202817544,0.8408885858596867,0.36164069292668766,0.19241706469298278,0.11948559612245864,0.17498421029459207,0.03940742699832859,26.14,0,oort
5,mnist,FedGCS,4,1.2659793764673068,0.5673872126846518,0.8914842106265212,0.2985035148820369,0.13595166545322376,0.08040373580189256,0.14643860948873386,0.028633685972339534,29.98,0,oort
6,mnist,FedGCS,5,1.124193104610599,0.6183767752238636,0.9159108083126255,0.2745742470608336,0.10788846782051163,0.0607756651983517,0.12453768682756758,0.028267742835125318,26.57,0,oort
7,mnist,FedGCS,6,1.0394074723140232,0.6187189870529858,0.931542506369816,0.26041972925007234,0.07213150411533018,0.04092515768969108,0.1047209945759357,0.018170519443318066,33.94,0,oort
1,case,method,group,Loss,Accurancy,AUC,Std Test Accurancy,Std Test AUC,Kl,JS,EMD,round_time,highResourceClientNum,select_mode
2,mnist,FedGCS,1,3.0541962179989968,0.12798722409171276,0.5591994794584808,0.24615731289315412,0.28780916701548803,0.7225362842576463,0.435046669875693,0.08904210258674501,29.98,0,oort
3,mnist,FedGCS,2,2.4387322551136714,0.29966349170136314,0.6390209004071659,0.3483024291348807,0.29000105076138083,0.2785035026377999,0.2675883603002697,0.055280225928343925,26.57,0,oort
4,mnist,FedGCS,3,1.9207036428323658,0.4581075685849541,0.7385558014138753,0.35484565905299514,0.29304225478333984,0.17381665232260976,0.21622268370296002,0.04351955886515558,33.94,0,oort
5,mnist,FedGCS,4,1.6525465267001038,0.49980037643301206,0.8003861498615471,0.35254542760146057,0.2771106026086624,0.1415891624197335,0.1977279716342393,0.03825958698545272,31.1,0,oort
6,mnist,FedGCS,5,1.3802261368867144,0.6036046312667541,0.8530184876683201,0.3112080463513301,0.26172577116177187,0.08717128108381463,0.15397504976588092,0.03094241292024671,26.14,0,oort
7,mnist,FedGCS,6,1.1736468997927116,0.6712485028232476,0.883326353743769,0.2834794201270548,0.2277499328919949,0.026117232865852998,0.08097739498347893,0.018464938968018933,24.89,0,oort
1,case,method,group,Loss,Accurancy,AUC,Std Test Accurancy,Std Test AUC,Kl,JS,EMD,round_time,highResourceClientNum,select_mode
2,mnist,FedGCS,1,2.8709074465950764,0.1013517367250328,0.5519897575850101,0.30366346233015795,0.2861240461325486,0.40615785120207537,0.3015528229965908,0.06411062690396024,30.97,0,oort
3,mnist,FedGCS,2,2.2854339899611413,0.24331261050590317,0.6111592857995186,0.32474378415582544,0.2580523223341342,0.303306327912474,0.2862354662353941,0.06790757839166249,31.1,0,oort
4,mnist,FedGCS,3,2.0434029669090004,0.30970170535561514,0.7042986847762988,0.3278803615936599,0.24495856223798643,0.16506433233666454,0.2070529298704902,0.05146460788469691,30.990000000000002,0,oort
5,mnist,FedGCS,4,1.8051511117385322,0.3589231734443621,0.784726539492625,0.3224106528428017,0.20960292223644306,0.1254889190142765,0.1811950945901199,0.04286590281350978,24.729999999999997,0,oort
6,mnist,FedGCS,5,1.6285097167893852,0.451947755660754,0.8226858342406419,0.3309309758158434,0.1952162456160217,0.12328307943616287,0.18008436295992902,0.04276525360338739,30.47,0,oort
7,mnist,FedGCS,6,1.3985038491402402,0.538983630867507,0.8723797270317095,0.3210508820375575,0.1627329051869441,0.045039865361039835,0.1083182532809442,0.0228403044891082,19.950000000000003,0,oort
1,case,method,group,Loss,Accurancy,AUC,Std Test Accurancy,Std Test AUC,Kl,JS,EMD,round_time,highResourceClientNum,select_mode
2,mnist,FedGCS,1,2.9033315653931133,0.20715222722865453,0.5488019969736192,0.39532062780413824,0.284819199677838,0.464675899688974,0.3579075190184652,0.07652673101673102,26.14,0,oort
3,mnist,FedGCS,2,2.3283653103488575,0.2693777448240461,0.6293267823453564,0.3349181491356982,0.2901179895596584,0.27139336354010846,0.26603555723912775,0.06184248789823259,29.98,0,oort
4,mnist,FedGCS,3,1.844028442263077,0.34717390064449893,0.7412232922289705,0.35038651872353865,0.2175572790148183,0.13129534481063954,0.191042587992768,0.03889455756422455,26.96,0,oort
5,mnist,FedGCS,4,1.4397668874245462,0.5282609935550105,0.8889122358512752,0.2575660707733597,0.09148540627583429,0.07995898540070571,0.141188689396893,0.0311195083185525,30.990000000000002,0,oort
6,mnist,FedGCS,5,1.2052962982598525,0.6581874180117493,0.9315543291950216,0.21885400574837896,0.06252546113684034,0.05250010078246556,0.11573151934518643,0.0277762005076352,24.89,0,oort
7,mnist,FedGCS,6,1.0571619127681355,0.7093480864655222,0.9473951943120178,0.18044095747369163,0.04834821883198858,0.06316156062333311,0.12666657224399547,0.026824589315610572,26.57,0,oort
1,case,method,group,Loss,Accurancy,AUC,Std Test Accurancy,Std Test AUC,Kl,JS,EMD,round_time,highResourceClientNum,select_mode
2,mnist,FedGCS,1,2.2899714067329535,0.1244510351907831,0.5703912878798748,0.28981760703184417,0.30359540435613935,0.25944302084064164,0.2694318214611557,0.053305449994994494,26.96,0,oort
3,mnist,FedGCS,2,2.2240786038738047,0.2221525124051788,0.6363950071234256,0.3661220518809549,0.29039442027642204,0.3719290519834961,0.31603940412135567,0.07396925878080289,29.98,0,oort
4,mnist,FedGCS,3,1.8897600537228552,0.4372326470084983,0.741975824633231,0.3532677940232916,0.2982795687980018,0.19869409435561075,0.22459876640445176,0.05403038634321654,22.96,0,oort
5,mnist,FedGCS,4,1.6838730778684545,0.5262077225802771,0.8024724976514481,0.3450036759247353,0.2854010069291767,0.13430825444259026,0.18880245094649478,0.04403974223307557,26.57,0,oort
6,mnist,FedGCS,5,1.5360426810693202,0.5699538014030685,0.8319151203850302,0.3251418118014876,0.2775980372262918,0.12290609594656389,0.1796602913106135,0.04243248923874528,31.1,0,oort
7,mnist,FedGCS,6,1.4740571326945593,0.5713796840244111,0.8358629446719292,0.33328459526314813,0.2716076086722021,0.14908597001355978,0.19826099827959043,0.04967198766114397,24.89,0,oort
1,case,method,group,Loss,Accurancy,AUC,Std Test Accurancy,Std Test AUC,Kl,JS,EMD,round_time,highResourceClientNum,select_mode
2,mnist,FedGCS,1,2.290876742517438,0.1668282666970855,0.5809998100960414,0.2700439980449194,0.2890386707810115,0.27956077450320366,0.2782410244267856,0.05170024291497976,24.89,0,oort
3,mnist,FedGCS,2,2.2234330869634924,0.15564934694575944,0.6264953981660731,0.29286670963889166,0.29211863170154867,0.250996029480292,0.2517769502381893,0.058344138479904495,26.96,0,oort
1,case,method,group,Loss,Accurancy,AUC,Std Test Accurancy,Std Test AUC,Kl,JS,EMD,round_time,highResourceClientNum,select_mode
2,mnist,FedGCS,1,3.6832500952084173,0.19055495351622653,0.5360393282886732,0.3434965928413365,0.24067301174776717,0.6571939257023173,0.4137490821188915,0.09078945875205997,24.85,0,oort
3,mnist,FedGCS,2,2.6454020309810833,0.24570809330975873,0.5740497325189248,0.3450913330048988,0.27998582466109806,0.350524689136143,0.31623748880941593,0.065583297914207,33.94,0,oort
4,mnist,FedGCS,3,2.2416615335217505,0.29498659670335936,0.6324376060334265,0.3451288406945707,0.30181758091830513,0.23273573236949235,0.2543419959216428,0.053707413497773214,31.1,0,oort
5,mnist,FedGCS,4,2.0038724440349953,0.3813380482518679,0.708777232552817,0.33324071742533884,0.30342119180002636,0.18583480435029473,0.22813058889982302,0.03914306950707511,26.14,0,oort
6,mnist,FedGCS,5,1.8418117225873587,0.44892488450350765,0.765996330257596,0.3374785717906801,0.29230026678202153,0.14624344104139725,0.20269603449643087,0.03588162718196512,29.98,0,oort
7,mnist,FedGCS,6,1.7160524391974719,0.4853134090001711,0.7954434349933397,0.36879572190677445,0.2821431247420053,0.11400705304263425,0.17892401404880226,0.028937122418890567,24.580000000000002,0,oort
8,mnist,FedGCS,7,1.6047253453658332,0.5146865909998289,0.8242313674293087,0.36722567653509675,0.27283528364228066,0.09037540204104982,0.15827701183488882,0.02736055946681686,30.97,0,oort
9,mnist,FedGCS,8,1.4450834121928977,0.566759824331261,0.8560985001608022,0.329189970681326,0.25366230816302293,0.06201555079577778,0.13009149132973402,0.022541352360996147,18.91,0,oort
10,mnist,FedGCS,9,1.3168938912521326,0.6222551759539154,0.8797173947445441,0.3009618906021744,0.22708959009566027,0.04942913986499978,0.1151529945340157,0.020747152992904968,26.57,0,oort
11,mnist,FedGCS,10,1.166869466220365,0.6528831346603547,0.9142496916063961,0.2945387983657865,0.1536319789577486,0.014108627919052354,0.06006970161560451,0.010620669043049084,26.7,0,oort
12,mnist,FedGCS,11,0.9586410912190214,0.724063195117778,0.9596341475408652,0.2261907365377669,0.042685191322527606,0.00012099691768452934,0.005482322464949578,0.000681993684390203,30.990000000000002,0,oort
13,mnist,FedGCS,12,0.8530267030686981,0.7766497461928934,0.9696185613081517,0.14038372597727553,0.024757108369628127,0.00214537650024424,0.022975647481915242,0.003112524104649693,30.47,0,oort
14,mnist,FedGCS,13,0.7772920373344668,0.8008327154508641,0.9737301876431299,0.11726848359380032,0.022532449293393923,0.007499224275072887,0.04263968132921725,0.006704968788267976,30.47,0,oort
15,mnist,FedGCS,14,0.7208133183943004,0.8121257058118976,0.9760113568121285,0.11076371267828224,0.022204710217449602,0.015172155456597888,0.06030212987573722,0.01020856023548531,30.47,0,oort
16,mnist,FedGCS,15,0.6790373174370342,0.8198254719671476,0.9773017340465692,0.109559114261668,0.022498681100200993,0.024471281376748776,0.07623411206806383,0.01378871788674868,30.47,0,oort
17,mnist,FedGCS,16,0.6478454638083078,0.8238749786117607,0.9780136504623189,0.10918011341234629,0.022980361814453763,0.03490633072001876,0.09071284266207803,0.01716212391588986,30.47,0,oort
18,mnist,FedGCS,17,0.624695553024507,0.8277533793418126,0.9783724275855914,0.11299858693020474,0.023540442679093318,0.0461225942385624,0.10396033854484936,0.02029949009408214,30.47,0,oort
19,mnist,FedGCS,18,0.6076684534514684,0.8285518736097645,0.9784922854000019,0.11601445793450983,0.024061196074109083,0.05785925204625303,0.11615244224745948,0.023224752835255047,30.47,0,oort
20,mnist,FedGCS,19,0.5951390418765029,0.8290081560485941,0.9784431695642236,0.11509173627143815,0.024659260500142006,0.06992224726368884,0.12743004450155906,0.025958717907934973,30.47,0,oort
21,mnist,FedGCS,20,0.5862421530072447,0.8286659442194718,0.978259392411542,0.12063713857903338,0.02527802015368128,0.08216598901913405,0.13790766808931432,0.028519556051511623,30.47,0,oort
22,mnist,FedGCS,21,0.5802180445796825,0.8288940854388867,0.9779970013629468,0.12329921515240334,0.025910811729909087,0.09448065863233557,0.14767968281774313,0.03092320732820299,30.47,0,oort
23,mnist,FedGCS,22,0.5764469094281347,0.8274111675126904,0.9776641175579577,0.12922618660139817,0.026580272788826357,0.1067831998405193,0.15682481051257144,0.03318371323353579,30.47,0,oort
24,mnist,FedGCS,23,0.5743332056509521,0.8253008612331033,0.9773070315376992,0.1315722877032898,0.027238858771553163,0.11901080209793807,0.1654094355833674,0.035313491187702856,30.47,0,oort
25,mnist,FedGCS,24,0.5736833580195363,0.8232475902583699,0.9769018988563865,0.13477281303946273,0.02783931825872051,0.13111611182128735,0.17349007788335352,0.037323562742698255,30.47,0,oort
26,mnist,FedGCS,25,0.574129085131994,0.8217646723321737,0.9764825284319543,0.13535786021633914,0.028362347294144028,0.14306366565186196,0.18111526978954648,0.03922374436143043,30.47,0,oort
27,mnist,FedGCS,26,0.5754735974233574,0.8193121542234644,0.976055008729623,0.13761612996165773,0.028907225736650388,0.15482720294595892,0.18832700256738982,0.04102280773988099,30.47,0,oort
28,mnist,FedGCS,27,0.5775993876899101,0.817258883248731,0.9756122687050773,0.14063765395507635,0.029538658844489467,0.16638762034560012,0.19516185622791102,0.04272861519797328,30.47,0,oort
29,mnist,FedGCS,28,0.5805110604575269,0.8150915416642902,0.975142422396385,0.1440329765967326,0.03013304140037733,0.1777314013771905,0.2016518931855373,0.04434823454804935,30.47,0,oort
30,mnist,FedGCS,29,0.5838115741925914,0.8125249529458735,0.9746729505084123,0.14654661671519703,0.030642729425235053,0.18884940153043245,0.20782537311173743,0.04588803698074974,30.47,0,oort
31,mnist,FedGCS,30,0.5875200325605014,0.8113842468487994,0.9742096724395555,0.1479075786000158,0.03118478514380122,0.1997359020661349,0.21370733064576075,0.04737604022764619,30.47,0,oort
32,mnist,FedGCS,31,0.5916472112485519,0.8085324816061142,0.9737283596969383,0.15271009801221874,0.031720325653089874,0.21038786881674443,0.21932004664555038,0.04884160334678975,30.47,0,oort
33,mnist,FedGCS,32,0.596145532512376,0.8063081047168197,0.9732350059999868,0.15542067061945405,0.032329295096881865,0.22080436863122424,0.22468343588303272,0.05023991313274895,30.47,0,oort
34,mnist,FedGCS,33,0.6008677508951124,0.8035704100838419,0.9727426149407822,0.15866396193164536,0.03292834445554559,0.23098610793769409,0.22981536849531836,0.051575495040740445,30.47,0,oort
35,mnist,FedGCS,34,0.6056195205784197,0.8013460331945474,0.9722635333215468,0.16004232853778047,0.03355032792152505,0.2409350665259305,0.23473193842741238,0.052852477411313915,30.47,0,oort
36,mnist,FedGCS,35,0.6105230085717638,0.7991786916101067,0.9717947352920752,0.16229171404849232,0.03415843859706139,0.2506542060171946,0.23944768909364608,0.0540746340944421,30.47,0,oort
37,mnist,FedGCS,36,0.6157180217456052,0.7972965265499344,0.9713201884990587,0.16393697409355595,0.03471202879798477,0.26014723723025024,0.24397580423832854,0.05524542169894753,30.47,0,oort
38,mnist,FedGCS,37,0.6207816508431118,0.7950721496606399,0.9708628382516101,0.16522352933918458,0.03520222860944575,0.2694184342156134,0.24832827027979343,0.05636801224165942,30.47,0,oort
39,mnist,FedGCS,38,0.6258194570541571,0.7930188786859066,0.9704213784933845,0.16703586605785128,0.035726394752315066,0.27847248542961534,0.2525160151281656,0.057445321845750595,30.47,0,oort
40,mnist,FedGCS,39,0.6308583989243016,0.7911367136257343,0.9699900761028841,0.1699428904026319,0.03627874586960477,0.28731437458051656,0.25654902747092384,0.058480036034989864,30.47,0,oort
41,mnist,FedGCS,40,0.635898850509457,0.7895967603946843,0.9695743588027024,0.1714042956968019,0.0367480672438653,0.2959492852627408,0.2604364597464308,0.05947463208585361,30.47,0,oort
42,mnist,FedGCS,41,0.6409942358502119,0.7879427365539269,0.969177082140375,0.17207972209652453,0.037147092470505676,0.30438252472049054,0.2641867174194513,0.06043139882915999,30.47,0,oort
43,mnist,FedGCS,42,0.6461741188561831,0.7862316774083158,0.9687559393954543,0.17329568335368728,0.03767647426140777,0.3126194630354241,0.2678075366942315,0.061352454234414,30.47,0,oort
44,mnist,FedGCS,43,0.6513598723535726,0.7846346888724121,0.9683489233192317,0.17392401376192765,0.03808716218703971,0.32066548477909795,0.2713060524203371,0.06223976106121776,30.47,0,oort
45,mnist,FedGCS,44,0.6566235719133957,0.782125135458849,0.9679351047152541,0.17667944894614843,0.038595601514963246,0.3285259507576524,0.27468885764196643,0.06309514082117407,30.47,0,oort
46,mnist,FedGCS,45,0.6619743478689123,0.7806992528375064,0.9675302991822958,0.17712436107592763,0.0390372266632416,0.3362061679399617,0.27796205599617785,0.06392028625929433,30.47,0,oort
47,mnist,FedGCS,46,0.6672405961621272,0.7797296526549934,0.9671389646044508,0.17839046298835484,0.039486786309633204,0.3437113660286187,0.28113130796667896,0.06471677253488406,30.47,0,oort
48,mnist,FedGCS,47,0.6723885768228562,0.7785319112530656,0.9667654502039801,0.1791052506059177,0.03986817679347558,0.3510466794266135,0.2842018718378048,0.06548606725730266,30.47,0,oort
49,mnist,FedGCS,48,0.677578435404786,0.7767638168026008,0.9663993861639044,0.18031972953375633,0.04025183440405326,0.3582171335874645,0.28717864006054117,0.06622953951112961,30.47,0,oort
50,mnist,FedGCS,49,0.6826556246383765,0.7753949694861119,0.9660352158635108,0.1810487118586376,0.040650255694601095,0.3652276349252486,0.2900661716330949,0.06694846798750465,30.47,0,oort
51,mnist,FedGCS,50,0.687641348485001,0.7737979809502081,0.9656867713893998,0.18233333803994542,0.04100654839825092,0.37208296361304777,0.2928687210080158,0.0676440483232399,30.47,0,oort
52,mnist,FedGCS,51,0.6926851198250396,0.7720298864997434,0.9653300475537467,0.1832981301724984,0.04143136048555228,0.3787877687213298,0.2955902639626296,0.06831739973631606,30.47,0,oort
53,mnist,FedGCS,52,0.6976823680465307,0.770946215707523,0.9649806818854786,0.18455561219357852,0.04181861277185434,0.3853465652474961,0.29823452080671764,0.06896957103522441,30.47,0,oort
54,mnist,FedGCS,53,0.7026290279386511,0.7700336508298636,0.9646428460502808,0.18543970033719404,0.04220309543018269,0.3917637326689592,0.30080497724869626,0.06960154607002164,30.47,0,oort
55,mnist,FedGCS,54,0.707567340266311,0.7686077682085211,0.9642969732387204,0.18595222723870009,0.04258397785173462,0.3980435147182241,0.3033049031972046,0.07021424868468652,30.47,0,oort
56,mnist,FedGCS,55,0.712534038765055,0.7671248502823248,0.9639595222010796,0.18697216485432916,0.042978271499832243,0.4041900201325286,0.3057373697375409,0.07080854722320626,30.47,0,oort
57,mnist,FedGCS,56,0.7174281188007235,0.7655848970512747,0.9636243935471,0.18749446304377174,0.043367886699113394,0.41020722417483185,0.3081052644906111,0.0713852586356164,30.47,0,oort
58,mnist,FedGCS,57,0.7223184449569586,0.7642160497347859,0.963295611477429,0.1882449181721174,0.04376729999003644,0.4160989707593082,0.310411305535017,0.07194515222482434,30.47,0,oort
59,mnist,FedGCS,58,0.72712957616382,0.7631894142474192,0.9629778189388398,0.1894432462884271,0.04412248017946542,0.42186897504433946,0.31265805404983,0.07248895307035391,30.47,0,oort
60,mnist,FedGCS,59,0.731900814490331,0.7619346375406376,0.9626597320227946,0.19203254945282347,0.044505462671542234,0.4275208263806321,0.3148479258158234,0.07301734516105123,30.47,0,oort
61,mnist,FedGCS,60,0.7366195946666497,0.7606798608338562,0.9623411747873863,0.19272448830161348,0.04490823424240205,0.4330579915223343,0.3169832016959649,0.0735309742652126,30.47,0,oort
62,mnist,FedGCS,61,0.7413391437446639,0.7594821194319283,0.9620335746203019,0.1942875902179973,0.045239753469583276,0.43848381802581543,0.3190660372013318,0.07403045056345721,30.47,0,oort
63,mnist,FedGCS,62,0.7460871231577109,0.7584554839445616,0.9617247916753363,0.19512173124907495,0.04558586244491181,0.44380153777457615,0.3210984712359806,0.07451635106691487,30.47,0,oort
64,mnist,FedGCS,63,0.7507318309299355,0.7573147778474876,0.9614297955616596,0.19525843099410747,0.045870288934323024,0.44901427058023946,0.3230824341033537,0.07498922184087824,30.47,0,oort
65,mnist,FedGCS,64,0.7552477690812947,0.7566873894940969,0.9611423663257936,0.19705394599943676,0.04618943972825271,0.4541250278190364,0.3250197548472985,0.07544958005193568,30.47,0,oort
66,mnist,FedGCS,65,0.7597299927289985,0.755318542177608,0.9608630781512524,0.19865728426821327,0.04651222704585801,0.4591367160710402,0.32691216799249906,0.0758979158547196,30.47,0,oort
67,mnist,FedGCS,66,0.7642930989425889,0.7548052244339246,0.9605711439237924,0.1990131435979894,0.04684008879936397,0.4640521407359257,0.3287613197418972,0.07633469413274073,30.47,0,oort
68,mnist,FedGCS,67,0.7688321007955037,0.7536645183368506,0.9602812421097177,0.1999967916449968,0.04717120867362331,0.4688740096043832,0.33056877368236076,0.07676035610630633,30.47,0,oort
69,mnist,FedGCS,68,0.7732244860564441,0.752980094678606,0.9600013259127937,0.2007688922992452,0.04753995269744909,0.4736049363687931,0.3323360160443216,0.077175320819213,30.47,0,oort
70,mnist,FedGCS,69,0.7776817561785134,0.7517253179718245,0.9597232166243694,0.20194856771837563,0.04785631622593779,0.47824744406042485,0.33406446055623806,0.07757998651474494,30.47,0,oort
71,mnist,FedGCS,70,0.7820621330341863,0.7506986824844579,0.959451873939118,0.20233241219478618,0.04816894862857162,0.48280396840349654,0.3357554529304518,0.077974731910475,30.47,0,oort
72,mnist,FedGCS,71,0.7863786475736229,0.7497861176067986,0.9591817672486564,0.20395583483841656,0.04849849434238048,0.4872768610788997,0.33741027501323634,0.0783599173804467,30.47,0,oort
73,mnist,FedGCS,72,0.7906728367383282,0.7486454115097245,0.9589173768115176,0.20501490660848334,0.04881426698237607,0.4916683928924967,0.3390301486284868,0.07873588605249358,30.47,0,oort
74,mnist,FedGCS,73,0.7948909765536888,0.7480750584611875,0.9586575800285189,0.20523125738988404,0.049125852298334806,0.49598075684455606,0.3406162391415516,0.07910296482771939,30.47,0,oort
75,mnist,FedGCS,74,0.7991236422671232,0.7475617407175041,0.9584003430718114,0.20579513766147708,0.0494162539407311,0.5002160710983086,0.3421696587670771,0.07946146532850532,30.47,0,oort
76,mnist,FedGCS,75,0.8032972571346647,0.7468773170592596,0.9581457566280549,0.20646184253167907,0.04969844810036159,0.5043763818467002,0.343691469642409,0.07981168478082276,30.47,0,oort
77,mnist,FedGCS,76,0.8073596397174483,0.7460788227913078,0.9579043058193106,0.2071747995133884,0.049981726444917475,0.5084636660773599,0.3451826866860175,0.08015390683610256,30.47,0,oort
78,mnist,FedGCS,77,0.8114621604908491,0.7454514344379171,0.9576577005568435,0.20726521905813067,0.05029392042817851,0.5124798342365153,0.34664428025856314,0.08048840233743626,30.47,0,oort
79,mnist,FedGCS,78,0.8155809525976071,0.7445388695602578,0.9574131003813479,0.20834452659692668,0.050587786961532884,0.5164267327931887,0.3480771786425677,0.08081543003446012,30.47,0,oort
80,mnist,FedGCS,79,0.8195781187995608,0.7436833399874523,0.9571729453641145,0.20897467355446248,0.05088850750585651,0.5203061467054471,0.349482270355176,0.08113523725088682,30.47,0,oort
81,mnist,FedGCS,80,0.8236247786240114,0.7431700222437689,0.9569365173301124,0.2093441404338393,0.05111367873583372,0.524119801790867,0.35086040630717125,0.08144806050830462,30.47,0,oort
82,mnist,FedGCS,81,0.8275669000567785,0.7420293161466948,0.9567057616584742,0.21093953762620476,0.051313049872907954,0.5278693670036149,0.35221240182021707,0.08175412610955031,30.47,0,oort
83,mnist,FedGCS,82,0.831606569256636,0.7412878571835967,0.9564684912903237,0.211402611374595,0.051606964759430184,0.5315564566207782,0.3535390385132325,0.0820536506846796,30.47,0,oort
84,mnist,FedGCS,83,0.8354989415988371,0.7406604688302059,0.9562424069515143,0.21201632085464678,0.05184747574143217,0.5351826323406984,0.35484106606784666,0.08234684170230355,30.47,0,oort
85,mnist,FedGCS,84,0.8394122938644685,0.7399760451719615,0.9560163663840997,0.21225485553539133,0.05207559100130988,0.5387494052961751,0.3561192038820121,0.082633897948827,30.47,0,oort
86,mnist,FedGCS,85,0.8432391209874901,0.7390064449894485,0.9557973074739892,0.2121834133828731,0.05231760067379621,0.5422582379854475,0.3573741426200787,0.08291500997791555,30.47,0,oort
87,mnist,FedGCS,86,0.8470409563619965,0.7380938801117892,0.9555776690419627,0.2130622423631632,0.052580326477183865,0.545710546123899,0.35860654566692085,0.08319036053232658,30.47,0,oort
88,mnist,FedGCS,87,0.8508141136015126,0.7374664917583984,0.9553619695744031,0.21450634071258579,0.05284290877275892,0.5491077004194165,0.3598170504930774,0.08346012494006694,30.47,0,oort
89,mnist,FedGCS,88,0.8545373513259364,0.7366679974904465,0.9551472802578415,0.21630767755843106,0.053107471578535896,0.5524510282743258,0.3610062699372814,0.08372447148668145,30.47,0,oort
90,mnist,FedGCS,89,0.8582896935122015,0.7360406091370558,0.9549346950498219,0.21676377626834908,0.05333811525067532,0.555741815416762,0.3621747934122377,0.08398356176533389,30.47,0,oort
91,mnist,FedGCS,90,0.8620171866405831,0.7352991501739576,0.9547246698772632,0.21784842698682524,0.05359506195990576,0.5589813074643067,0.36332318803902786,0.08423755100621023,30.47,0,oort
92,mnist,FedGCS,91,0.8656999446698339,0.7346147265157132,0.9545162846835912,0.21950593680666972,0.05384964144608051,0.5621707114226445,0.3644519997150928,0.08448658838665576,30.47,0,oort
93,mnist,FedGCS,92,0.8693952319555861,0.7338162322477614,0.954301721471274,0.21880698465238277,0.05411417031457882,0.5653111971219135,0.3655617541203458,0.08473081732334743,30.47,0,oort
94,mnist,FedGCS,93,0.8729689888770463,0.7333599498089317,0.9541042844868831,0.21921220525038024,0.05432907912866294,0.5684038985933665,0.3666529576656202,0.08497037574770422,30.47,0,oort
95,mnist,FedGCS,94,0.8765505384876225,0.732333314321565,0.9539012290813973,0.21978825641932997,0.054573426507585066,0.5714499153888593,0.36772609838731724,0.08520539636564675,30.47,0,oort
96,mnist,FedGCS,95,0.8800604260722641,0.7321051731021503,0.953703586841471,0.2201943280885776,0.05477523222341639,0.5744503138456056,0.36878164679183295,0.08543600690273395,30.47,0,oort
97,mnist,FedGCS,96,0.8835511342974675,0.7314777847487595,0.9535094589311351,0.22003199488964229,0.05500341455378028,0.5774061282985531,0.36982005665306567,0.08566233033562834,30.47,0,oort
98,mnist,FedGCS,97,0.8869918711147815,0.7310785376147836,0.9533263100283988,0.2201561016124203,0.05519795432714181,0.5803183622426445,0.37084176576605654,0.08588448511077111,30.47,0,oort
99,mnist,FedGCS,98,0.8904963376991226,0.7303941139565391,0.9531312410196571,0.22053968947392133,0.05542229969945568,0.5831879894471428,0.3718471966595922,0.08610258535108424,30.47,0,oort
100,mnist,FedGCS,99,0.8939794729002126,0.7297096902982947,0.9529412988492564,0.2216156886418054,0.05562844629170698,0.5860159550241147,0.37283675727038484,0.08631674105145737,30.47,0,oort
101,mnist,FedGCS,100,0.8973000975071427,0.729253407859465,0.952759670964277,0.22197868691675204,0.055819310548895315,0.5888031764530762,0.37381084158125727,0.08652705826372303,30.47,0,oort
102,mnist,FedGCS,101,0.9006492323734585,0.728683054810928,0.9525737430725368,0.22291189195127065,0.05604053210133239,0.5915505445637336,0.37476983022558574,0.0867336392717739,30.47,0,oort
