1,clientid,distance,error
2,0,168.2594959959101,"[0.013743019799075726, 0.011826659514342492]"
3,1,174.37781668656552,"[0.005267338182610006, 0.0027932598795264193]"
4,2,181.07903904559686,"[0.03560168344294652, 0.006400142983766273, 0.00542257011635229, 0.005202223631204106]"
5,3,175.4636486445999,[0.009220922424063726]
6,4,166.78258478912414,"[0.007283104513646343, 0.00657070357554774]"
7,5,176.74105245269047,"[0.0012534031303710507, 0.0009819085323840074, 0.0008886288879567664]"
8,6,168.78738686567038,[0.000396186710637011]
9,7,173.92749948867672,"[0.01489912598341141, 0.013228575769319849, 0.012855223438017212]"
10,8,181.35124408069495,"[0.01812271303324788, 0.014938111717088354, 0.011806154533944749]"
11,9,177.27036557616654,"[0.001816834463728684, 0.001183272054195696, 0.0008716961524186874, 0.0006088592399308602]"
12,10,178.19314489644913,"[0.0049794903027647166, 0.0034789139310714232, 0.0027172581815249758]"
13,11,174.77462053637896,[0.0025149273905702373]
14,12,171.31149375252784,"[0.005211024757855657, 0.004930676348060886]"
15,13,180.2943843630986,[0.00700987922513837]
16,14,169.56222181664234,"[0.0095202848092274, 0.007388680455249229]"
17,15,184.55005558709823,[0.02118515819311142]
18,16,174.8678682873961,[0.002095986569015792]
19,17,176.52644364632104,"[0.0015448280836718297, 0.0014264344136523809]"
20,18,173.30644498313856,[0.0033028264611995586]
21,19,170.56696909020948,[0.003731067845825093]
1,clientid,distance,error
2,0,168.2594959959101,"[0.01602144706652284, 0.013627081228904216, 0.011605445211121845]"
3,1,174.37781668656552,[]
4,2,181.07903904559686,"[0.005208908395143225, 0.004697203345131129]"
5,3,175.4636486445999,[]
6,4,166.78258478912414,[0.0073292396490538]
7,5,176.74105245269047,"[0.001776145176971961, 0.0012057953472729786, 0.0008863284963090305]"
8,6,168.78738686567038,"[0.000396186710637011, 0.00037020940851341513]"
9,7,173.92749948867672,"[0.01489912598341141, 0.01257085665392707]"
10,8,181.35124408069495,[0.015656027432393145]
11,9,177.27036557616654,"[0.001816834463728684, 0.0013043731929662887, 0.0009505460432499321]"
12,10,178.19314489644913,"[0.004095800617563256, 0.002955603754877772]"
13,11,174.77462053637896,"[0.0028156344791437434, 0.0024275442925706377]"
14,12,171.31149375252784,"[0.005211024757855657, 0.005010972673992906, 0.004681136397060311]"
15,13,180.2943843630986,"[0.005383517096013568, 0.0032607235590118794, 0.002998285143569644]"
16,14,169.56222181664234,"[0.0095202848092274, 0.007326516998987014]"
17,15,184.55005558709823,"[0.018068061619997026, 0.010007401369512081]"
18,16,174.8678682873961,"[0.002235416551117856, 0.0018537965832949076]"
19,17,176.52644364632104,[0.0016184690235908396]
20,18,173.30644498313856,"[0.004852547839059141, 0.0033516903131786766, 0.0024990166153293102, 0.0023374138407535644]"
21,19,170.56696909020948,"[0.004294479959380343, 0.003761224136239756]"
1,clientid,distance,error
2,0,168.2594959959101,"[0.01602144706652284, 0.01380815697376127, 0.012561360175989694, 0.011324527932299397]"
3,1,174.37781668656552,"[0.005267338182610006, 0.0027716141879612294]"
4,2,181.07903904559686,[0.0051171590737067165]
5,3,175.4636486445999,"[0.01492205200248335, 0.010901564675628956, 0.008831696808223892]"
6,4,166.78258478912414,"[0.007417873127732903, 0.006803006937154764, 0.006298253871111959]"
7,5,176.74105245269047,"[0.0013649482579547183, 0.0008301345460948342]"
8,6,168.78738686567038,"[0.00037301827480198496, 0.0003353900585827195]"
9,7,173.92749948867672,[0.011570614827621095]
10,8,181.35124408069495,"[0.0313977795480578, 0.02318552702113434]"
11,9,177.27036557616654,"[0.001816834463728684, 0.0007214377734313716]"
12,10,178.19314489644913,[]
13,11,174.77462053637896,"[0.002583772130633078, 0.0024146134996850923]"
14,12,171.31149375252784,[0.005211024757855657]
15,13,180.2943843630986,"[0.006138227820130331, 0.004019428653051504]"
16,14,169.56222181664234,[0.007525280711706728]
17,15,184.55005558709823,"[0.02118515819311142, 0.01640963673591614, 0.0068902655690908435]"
18,16,174.8678682873961,"[0.0022395659927565126, 0.0018591514456753225]"
19,17,176.52644364632104,"[0.0016184690235908396, 0.0014531432864374183]"
20,18,173.30644498313856,"[0.004852547839059141, 0.0024459851119348155]"
21,19,170.56696909020948,"[0.005100641120425217, 0.0046035766492348125, 0.004238904837984591]"
1,clientid,distance,error
2,0,168.2594959959101,"[0.01602144706652284, 0.01377298617682888, 0.012350190472973269]"
3,1,174.37781668656552,[]
4,2,181.07903904559686,"[0.03560168344294652, 0.005683168752584606, 0.0050447780056856574]"
5,3,175.4636486445999,[0.01492205200248335]
6,4,166.78258478912414,"[0.0073970842404589504, 0.006680552440058462]"
7,5,176.74105245269047,"[0.001776145176971961, 0.0011874744123398092]"
8,6,168.78738686567038,[0.000396186710637011]
9,7,173.92749948867672,"[0.01489912598341141, 0.012109931834252938]"
10,8,181.35124408069495,[0.015839970546464126]
11,9,177.27036557616654,[0.001048876880043764]
12,10,178.19314489644913,"[0.0049794903027647166, 0.004121909748365202]"
13,11,174.77462053637896,[0.0028156344791437434]
14,12,171.31149375252784,[]
15,13,180.2943843630986,"[0.00700987922513837, 0.005407567351933692]"
16,14,169.56222181664234,[]
17,15,184.55005558709823,[]
18,16,174.8678682873961,"[0.00261649092621457, 0.002155666737795439]"
19,17,176.52644364632104,"[0.0016184690235908396, 0.0015283568025765057, 0.0014570555644558524]"
20,18,173.30644498313856,"[0.003658747126976558, 0.0028020049525115734]"
21,19,170.56696909020948,"[0.004835711877922691, 0.004452943994945293]"
1,clientid,distance,error
2,0,168.2594959959101,[]
3,1,174.37781668656552,[0.0028675944427064117]
4,2,181.07903904559686,"[0.03560168344294652, 0.0066510778712108734]"
5,3,175.4636486445999,"[0.01125900765618115, 0.009208316787323154]"
6,4,166.78258478912414,"[0.008152581013817878, 0.0071960617306450715, 0.006560392597729127]"
7,5,176.74105245269047,[0.001776145176971961]
8,6,168.78738686567038,"[0.000396186710637011, 0.000364105829749407, 0.0003357113483747355]"
9,7,173.92749948867672,"[0.01489912598341141, 0.013632543771615569]"
10,8,181.35124408069495,"[0.019686816087751476, 0.015820674363661694]"
11,9,177.27036557616654,[0.001816834463728684]
12,10,178.19314489644913,[0.0049794903027647166]
13,11,174.77462053637896,[0.0026767802449857176]
14,12,171.31149375252784,[0.005268250816218576]
15,13,180.2943843630986,"[0.00700987922513837, 0.0035924226768406947]"
16,14,169.56222181664234,[0.007849487736998758]
17,15,184.55005558709823,[0.012683761306107044]
18,16,174.8678682873961,"[0.00283229059063413, 0.002340897748598992]"
19,17,176.52644364632104,"[0.0016184690235908396, 0.0015473272778351223, 0.001482491359077108]"
20,18,173.30644498313856,[0.0033338343022905033]
21,19,170.56696909020948,[]
1,clientid,distance,error
2,0,168.2594959959101,"[0.01602144706652284, 0.013939236871119441, 0.012987119701064828]"
3,1,174.37781668656552,[]
4,2,181.07903904559686,"[0.03560168344294652, 0.006245626051677391]"
5,3,175.4636486445999,"[0.01492205200248335, 0.0097819967863887]"
6,4,166.78258478912414,[0.007254506608086698]
7,5,176.74105245269047,"[0.001776145176971961, 0.0012966441727173762]"
8,6,168.78738686567038,[]
9,7,173.92749948867672,[0.01275015325232778]
10,8,181.35124408069495,[0.017168865028630804]
11,9,177.27036557616654,"[0.001444120470606553, 0.001151329426040332]"
12,10,178.19314489644913,"[0.0049794903027647166, 0.00424374711145176, 0.003262375378745786]"
13,11,174.77462053637896,[]
14,12,171.31149375252784,"[0.005211024757855657, 0.004927825943539156, 0.004661953678130662]"
15,13,180.2943843630986,"[0.00700987922513837, 0.006030914786778349]"
16,14,169.56222181664234,[0.008426858249151984]
17,15,184.55005558709823,[0.01703016698360443]
18,16,174.8678682873961,[]
19,17,176.52644364632104,"[0.0016184690235908396, 0.0015495303711691253]"
20,18,173.30644498313856,"[0.004852547839059141, 0.0030802190920151368]"
21,19,170.56696909020948,"[0.005100641120425217, 0.0043256530231761]"
1,clientid,distance,error
2,0,168.2594959959101,"[0.01602144706652284, 0.01342091576543526, 0.012299704115237977, 0.011010525265634901]"
3,1,174.37781668656552,"[0.0032877288866364276, 0.002565979936416858]"
4,2,181.07903904559686,"[0.03560168344294652, 0.005802419957472011, 0.00485076765413396, 0.00436616288672667]"
5,3,175.4636486445999,"[0.01492205200248335, 0.012007413621694763]"
6,4,166.78258478912414,"[0.0069044733448683825, 0.006332380070730331]"
7,5,176.74105245269047,"[0.001776145176971961, 0.0010922911817421706]"
8,6,168.78738686567038,[0.000396186710637011]
9,7,173.92749948867672,"[0.011697329155538443, 0.010979972915934786]"
10,8,181.35124408069495,"[0.0313977795480578, 0.014312147549181073]"
11,9,177.27036557616654,[0.0006906752967738266]
12,10,178.19314489644913,"[0.0031797516654151377, 0.0027080889084910072]"
13,11,174.77462053637896,"[0.002687164303800451, 0.0024424781791203337]"
14,12,171.31149375252784,[]
15,13,180.2943843630986,"[0.00700987922513837, 0.003047561800685599]"
16,14,169.56222181664234,"[0.0095202848092274, 0.007891426999141636]"
17,15,184.55005558709823,"[0.02118515819311142, 0.019554178938269617, 0.01652061551809311]"
18,16,174.8678682873961,[0.0025576924565584363]
19,17,176.52644364632104,"[0.0016184690235908396, 0.001503289267134758, 0.0014018123547122911, 0.0013083664480294682]"
20,18,173.30644498313856,[]
21,19,170.56696909020948,"[0.004696669183468248, 0.004253421314428737]"
1,clientid,distance,error
2,0,168.2594959959101,"[0.01602144706652284, 0.013884491456598886, 0.012379968691996094, 0.011320670061918387]"
3,1,174.37781668656552,"[0.005267338182610006, 0.0027100075531798678]"
4,2,181.07903904559686,"[0.03560168344294652, 0.004835225070710294]"
5,3,175.4636486445999,"[0.01492205200248335, 0.010513776639030754]"
6,4,166.78258478912414,"[0.008152581013817878, 0.00633910774368976]"
7,5,176.74105245269047,[0.0011089275218007814]
8,6,168.78738686567038,"[0.0003784056427181125, 0.0003517000966705966, 0.00031809418678524503]"
9,7,173.92749948867672,[0.013277336524553457]
10,8,181.35124408069495,"[0.0313977795480578, 0.018148826366221463, 0.01427287729801955, 0.01237141957713498]"
11,9,177.27036557616654,[0.001048884761149737]
12,10,178.19314489644913,[]
13,11,174.77462053637896,[]
14,12,171.31149375252784,[]
15,13,180.2943843630986,"[0.00700987922513837, 0.003380634135292884, 0.002710060604686777]"
16,14,169.56222181664234,"[0.008219957204488247, 0.007441052307090643]"
17,15,184.55005558709823,"[0.02118515819311142, 0.008602538742125035]"
18,16,174.8678682873961,[0.0024979608583688626]
19,17,176.52644364632104,"[0.0016184690235908396, 0.0015316688084274159, 0.0014484984915517627, 0.001363974693700521]"
20,18,173.30644498313856,"[0.004852547839059141, 0.0030580733414360016, 0.0026338357231047824, 0.00242595373173164]"
21,19,170.56696909020948,"[0.004847884962944909, 0.004114002267761265]"
1,clientid,distance,error
2,0,168.2594959959101,[]
3,1,174.37781668656552,[]
4,2,181.07903904559686,[]
5,3,175.4636486445999,[]
6,4,166.78258478912414,[]
7,5,176.74105245269047,[]
8,6,168.78738686567038,[]
9,7,173.92749948867672,[]
10,8,181.35124408069495,[]
11,9,177.27036557616654,[]
12,10,178.19314489644913,[]
13,11,174.77462053637896,[]
14,12,171.31149375252784,[]
15,13,180.2943843630986,[]
16,14,169.56222181664234,[]
17,15,184.55005558709823,[]
18,16,174.8678682873961,[]
19,17,176.52644364632104,[]
20,18,173.30644498313856,[]
21,19,170.56696909020948,[]
1,clientid,distance,error
2,0,168.2594959959101,"[0.016021446309625934, 0.012966479731481628, 0.012034336450683364, 0.011007438670570231]"
3,1,174.37781668656552,[]
4,2,181.07903904559686,"[0.035622911919490435, 0.005540915123419836, 0.0049002756981644776, 0.004266510578454472]"
5,3,175.4636486445999,[0.009901123456199841]
6,4,166.78258478912414,"[0.008152581168015087, 0.006869613931595022, 0.006166077521098716]"
7,5,176.74105245269047,"[0.0010965695125556276, 0.0008806201757873936, 0.0007627341403032229]"
8,6,168.78738686567038,"[0.0003961872712142604, 0.0003592121337262453, 0.0003239817410232176, 0.000284964605192465]"
9,7,173.92749948867672,[0.014899132722320983]
10,8,181.35124408069495,"[0.01822188878086982, 0.015707485760665604, 0.013830535306974694]"
11,9,177.27036557616654,[0.0009050727918563124]
12,10,178.19314489644913,"[0.004979489860124886, 0.003975539462081042, 0.0034702924142978836]"
13,11,174.77462053637896,"[0.002815633903803021, 0.0024889293490634803, 0.0023417441827161345]"
14,12,171.31149375252784,[]
15,13,180.2943843630986,[0.0026766392662046622]
16,14,169.56222181664234,"[0.009506333153201582, 0.007060021077582644]"
17,15,184.55005558709823,[0.01702674329280853]
18,16,174.8678682873961,[0.002220261606746067]
19,17,176.52644364632104,[0.0015244842026089524]
20,18,173.30644498313856,[0.004852547148846748]
21,19,170.56696909020948,"[0.005100640718652339, 0.004398961149554546, 0.003986327014215405]"
1,clientid,distance,error
2,0,168.2594959959101,"[0.016021446309625934, 0.013558690289645799, 0.012235062191325983]"
3,1,174.37781668656552,[0.0026948952562480164]
4,2,181.07903904559686,"[0.035622911919490435, 0.005925300451926887, 0.004824214585823938, 0.0040580063499510285]"
5,3,175.4636486445999,"[0.014922056267140833, 0.01051496782174414, 0.008807986423921731]"
6,4,166.78258478912414,[0.007206472039636735]
7,5,176.74105245269047,[0.0012496763398685223]
8,6,168.78738686567038,"[0.0003961872712142604, 0.00032555876792824935]"
9,7,173.92749948867672,[]
10,8,181.35124408069495,"[0.0313977745672067, 0.011728362418297264]"
11,9,177.27036557616654,[]
12,10,178.19314489644913,"[0.0042246396811626685, 0.002917858731823063]"
13,11,174.77462053637896,"[0.002815633903803021, 0.0024507767901595047, 0.002288264936229548, 0.002152425728292149]"
14,12,171.31149375252784,[0.005215527723837652]
15,13,180.2943843630986,"[0.0055496839982979405, 0.0029431944611932634]"
16,14,169.56222181664234,[0.0072140599034679264]
17,15,184.55005558709823,"[0.021185153126716615, 0.02813453664071858, 0.008357851058244705, 0.0066971641778945925]"
18,16,174.8678682873961,"[0.002832290047719293, 0.0019768494073051602, 0.0016634715926294329]"
19,17,176.52644364632104,[]
20,18,173.30644498313856,"[0.0033820900284576806, 0.0025754331336467094, 0.0023742123110197756]"
21,19,170.56696909020948,"[0.005100640718652339, 0.0042879822675964425, 0.003812098438544295]"
1,clientid,distance,error
2,0,168.2594959959101,"[0.016021446309625934, 0.013831320779113952, 0.012629326003587852, 0.01109133424463624, 0.010450177789155373, 0.009717894287248495, 0.009118020845679723, 0.00850307347613392, 0.00789978318192633, 0.007543942464106469, 0.007225402652372812, 0.006978020678789981, 0.00684776860042633, 0.006643255815728131, 0.006499585049032197, 0.006275140549438364, 0.006158733745102276, 0.005942299120860848, 0.005777190853417377, 0.005666351422261694, 0.005488242200374509, 0.00537732409155141, 0.005273352608746997, 0.00512109571957032, 0.005027689513968077, 0.004963257408679179, 0.004825838868850566, 0.004701287949939211, 0.004594313134478752, 0.004499810456788617, 0.004406880788057174, 0.004340384180940711, 0.004276911575157435, 0.004202785376360045, 0.004147840109782025, 0.0040721476430321335, 0.004008913898695356, 0.003942873367453869, 0.0039013792203175623, 0.0038527353062201685, 0.003755258309790874, 0.003700441804396003, 0.003667444059043849, 0.0036036234910905396, 0.0035561516408791757, 0.003513741430212016, 0.003483005478894463, 0.0034173770479566552, 0.0033400086326656818, 0.0033063929799304866, 0.0032518088291631025, 0.003220078625492975, 0.0031703799986880664, 0.0031120758968637926, 0.0030758323443370824, 0.0030285407810756084, 0.0029887400851129503, 0.002958445110829221, 0.0029219256080114833, 0.002880564997577612, 0.0028416063684944984, 0.0027844830887682544, 0.002756342362137452, 0.0027164152565934776, 0.0026637869676688357, 0.0026203008186075237, 0.002582756679539722, 0.0025463991893705648, 0.0025128902439963624, 0.0024252060080306556, 0.0023799117777780544, 0.002372420604603324, 0.002333676940364412, 0.0023035478004629953, 0.002260234876011142, 0.0022392922140761326, 0.0022020559161463273, 0.0021761363676687014, 0.002153610958035221, 0.002118606445738461, 0.002091964081021507, 0.0020655978732790218, 0.0020398565850702887, 0.0020148236567113747, 0.001977007240966075, 0.0019573396526240973, 0.001954050231260056, 0.0019341126058142473, 0.0019140265262551706, 0.0018826551051255602, 0.0018636913283469993, 0.0018358483835139348, 0.0018180198634807846, 0.0017954332684842942, 0.0017728951478032178, 0.0017426988204389826, 0.0017090196533242157, 0.0016853379825032928]"
3,1,174.37781668656552,"[0.005267337525072388, 0.0028158672243052234, 0.001588376067520585, 0.001495995010191109, 0.0014222986078433072, 0.00132272431831389, 0.001229924406197358, 0.001180263575151912, 0.001124593171748879, 0.0010429183794192982, 0.0010119151665910462, 0.0009484701779057594, 0.0009160941569503988, 0.0008430929920373623, 0.0007889261601541456, 0.0007638391239356096, 0.0007691930986477065, 0.0007179887967935755, 0.0006868582379091747, 0.0006386230309129669, 0.0006076972749561276, 0.0005889721318864105, 0.0005863623769405772, 0.0005845654062196468, 0.0005657087792498061, 0.0005523799226175004, 0.0005275696351503565, 0.0005031899572557636, 0.0004788595301154904, 0.00046880263386052927, 0.00045603713889238117, 0.0004381802414509832, 0.00042516501492487945, 0.0004208247639294663, 0.00040437836215815904, 0.00039612524587453616, 0.00038665933657343066, 0.0003797823727605786, 0.00037143177834662145, 0.0003657228277417674, 0.0003530057094506225, 0.000338776941149869, 0.0003267431450944094, 0.00032293259223843636, 0.0003167960213177022, 0.000309619966594389, 0.00029824431599906396, 0.0002938583028411265, 0.0002910312830480367, 0.0002816556915644096, 0.0002765025393994865, 0.0002687851545505136, 0.000270430054332783, 0.00026569742440359827, 0.0002668130409819888, 0.0002651322369846353, 0.0002572478576923505, 0.00025908812927527016, 0.00025066087141417426, 0.0002462423454108212, 0.0002425078248621468, 0.00023955571089166264, 0.00023647416159028523, 0.0002317040716300694, 0.000229941752134871, 0.0002239289147884631, 0.0002202878339872573, 0.00021986018482986463, 0.00021606603881410208, 0.00021426198185758803, 0.0002074126408923313, 0.00020808560434969008, 0.00020333152961635157, 0.00020053127574200493, 0.0001966043776673132, 0.0001949943418281044, 0.0001905716109552148, 0.00018897390097559233, 0.00018562364707164737, 0.00018353020220292847, 0.00018067717882221592, 0.00017744373695244612, 0.00017589943474964306, 0.00017264097302813387, 0.0001755141791467889, 0.0001744938660130821, 0.000170111262667143, 0.0001676031927484062, 0.0001660520146738921, 0.00016081553803799737, 0.00016162476488623212, 0.0001601501743061453, 0.0001591850292765848, 0.0001545463853314762, 0.00015273196436132764, 0.00015032208057504066, 0.00015196473204469294, 0.00015089043834782737, 0.00014762848787378712, 0.00014633511848339108, 0.00014271928801725208, 0.00014206962206553698, 0.00014431948733968915, 0.00014159485836996074, 0.0001410686715517565, 0.0001396140505138878, 0.00014186081479307288, 0.00014015252077355419, 0.0001384545472987971, 0.00013495860565960528]"
4,2,181.07903904559686,"[0.035622911919490435, 0.005621771630831063, 0.003948820932419039, 0.003432469752151519, 0.0033014030344202185, 0.003063505221507512, 0.0024116707150824367, 0.0016515729333332274, 0.0016008449462242425, 0.0012832379568862961, 0.0012280180033849319, 0.0011749998453888112, 0.0011153569143789355, 0.0010276679613161832, 0.0009806102969014319, 0.0009331869512971025, 0.0008923580608097836, 0.0008155795859056525, 0.0008080003432769444, 0.0007915022395900451, 0.0007723381331379642, 0.0007522288996187854, 0.0007399370474195166, 0.0007042663863467169, 0.0006939538642109256, 0.000676979888939968, 0.0006699954663417884, 0.0006714186358658481, 0.0006613957244917401, 0.000637058777429047, 0.000611046511976383, 0.0006037076193024405, 0.0005973182506568265, 0.0005885385561487055, 0.0005921516251510184, 0.0005699509451551421, 0.0005708968634007761, 0.0005790457419516315, 0.0005649825446198519, 0.0005606957644067734, 0.0005542737927225972, 0.0005506936322035472, 0.0005316733781501171, 0.0005362386814340425, 0.00052566715987723, 0.0005140126696323933, 0.0005134941341248122, 0.0005010596049442029, 0.0005033685416583467, 0.000496384158541332, 0.0005153727507604344, 0.0005056128650176106, 0.0005054851401655469, 0.000499405497312182, 0.000500296784762213, 0.0004906119599581871, 0.0004940306114531267, 0.0004914918722579387, 0.0004916110047633993, 0.0004811229551069118, 0.00048104540618851385, 0.0004785842702585796, 0.0004849716264197923, 0.0004976292655146608, 0.0004953546597357673, 0.0004819117067472689, 0.00047421774948588793, 0.0004792712245216535, 0.00046565345648104996, 0.00046473100056346086, 0.0004644176970919034, 0.00046254812930328625, 0.000461861358060105, 0.00048400211990156093, 0.0004623372276023474, 0.00046593818914516307, 0.00045264705311637955, 0.00044895439487618204, 0.000462199002761281, 0.0004441194408377669, 0.000450334317438319, 0.00044847922183180347, 0.00043391523687660085, 0.0004428073023404977, 0.00043146208031430433, 0.00043191914784983964, 0.00042921159297975463, 0.0004325160310781939, 0.0004278836273942943, 0.0004235155130777457, 0.0004199428090748825, 0.0004170542829422175, 0.00041770624245828, 0.0004180916609061569, 0.0004194521072918178, 0.00040827623806080735, 0.00040008200461556955, 0.0003963469419750254, 0.0003935284097974545]"
5,3,175.4636486445999,"[0.008204757973288923, 0.007194955573857196, 0.006521246329726982, 0.005712469635628438, 0.005290584341034385, 0.004659716439993332, 0.0042689939293056225, 0.00408961484844345, 0.003864754354609805, 0.003712148804458978, 0.003637341461772888, 0.0035177030589537226, 0.003428393658007741, 0.0032493522804961797, 0.003124143410187666, 0.003037169625328431, 0.002938636730655748, 0.002845417934364891, 0.0027734222018768427, 0.0027060948722414453, 0.002617802111749063, 0.0025484630382731216, 0.002472655639281651, 0.002416020729475472, 0.0023309664501332925, 0.0022460166123596395, 0.0021993902295847864, 0.0021434572634149336, 0.0021044446132752895, 0.0020602685693114713, 0.002014034110171602, 0.0019844441811419865, 0.00194876939207394, 0.0018974223751098023, 0.0018742047767399488, 0.0018502276554745493, 0.0018291834204302718, 0.001797565608816557, 0.001786656465434592, 0.0017609029939930966, 0.001738278084274587, 0.0016970267089002015, 0.0016729775313268332, 0.0016578375637542708, 0.0016135078316929028, 0.0015986723700885381, 0.001559070162668837, 0.0015437671404330672, 0.0015176094048704731, 0.0015028138043633177, 0.001475202626746185, 0.0014433867687754407, 0.0014238971546697615, 0.00140166905314638, 0.001386108363189726, 0.0013572109398081044, 0.0013182586764965345, 0.0013067805792685873, 0.0012745955333698783, 0.0012529062183625264, 0.001242033575487036, 0.0012279326383622066, 0.0012282389072927023, 0.0012091632782865675, 0.0011850441404479232, 0.0011723668872332521, 0.0011426749463117056, 0.0011270678061350038, 0.0011106869421053521, 0.0010923027054408846, 0.0010705699757005958, 0.0010721353714976945, 0.001060229098256299, 0.0010578557716690944, 0.0010291698380709361, 0.0010155229802178954, 0.001009221529444191, 0.0009953276056614102, 0.000980955197806304, 0.0009701162333466488, 0.0009809223884567361, 0.0009607515123597703, 0.0009550951955764732, 0.0009637109475626155, 0.000937775484789495, 0.0009392747832722877, 0.0009275827095851886, 0.0009232317891925898, 0.0009048330555218229, 0.0008936174783196466, 0.0008826655544696106, 0.0008842026207326139, 0.0008879170096016016, 0.0008668897072395362, 0.0008462348866772011, 0.0008476595144241351, 0.0008321160329252258, 0.0008302261507916602, 0.0008007751173540029, 0.0007735346878299016]"
6,4,166.78258478912414,"[0.008152581168015087, 0.007139997600972966, 0.006263170455739349, 0.005982619834270386, 0.005533374336746616, 0.0051587009154224735, 0.004736708734496007, 0.004528857944387709, 0.004326479494069959, 0.004044988945315105, 0.0038763447345259937, 0.0035571329768715756, 0.003311612699969191, 0.003045527343963548, 0.0028192791733578347, 0.0026607612163955054, 0.002351106233814114, 0.0021877729305466815, 0.0020591090878667633, 0.0019136978782098957, 0.00180419504463252, 0.0017061366063129207, 0.0015827147133602839, 0.0014480450625741896, 0.0013440152295176508, 0.0013016938291199986, 0.0011729368071788993, 0.0011047903733884268, 0.0010539651092702027, 0.00097811255269924, 0.0009074368381137898, 0.0008759009978868688, 0.0008400105498784944, 0.0007792333540723495, 0.0007456714555432802, 0.0007167821788130385, 0.0006699138862700804, 0.0006521251687961161, 0.0006118831740889578, 0.0005852646718712484, 0.0005533655862708559, 0.0005328711616817139, 0.0005176861543933533, 0.0004980264538748032, 0.00048498896097652643, 0.0004660379901675564, 0.000449226043419015, 0.000436827632765004, 0.000429541935989409, 0.0004228022065985222, 0.00040760601554613797, 0.00039654516533846204, 0.0003825713309236198, 0.0003808909321485586, 0.00037707942665642384, 0.00036931407358825114, 0.00035677761790352, 0.00035573507849399525, 0.000342535899283461, 0.00034097755943213285, 0.00033067651996432823, 0.00032451077501515586, 0.00031363834031837443, 0.0003107903971648911, 0.00030132677912165975, 0.00029582545813113816, 0.0002888241941363319, 0.00028275331008082116, 0.0002800670348901037, 0.00027795121193451716, 0.0002733570798759989, 0.00026968991788875186, 0.0002658642056674968, 0.000263796297084976, 0.0002575230147639107, 0.0002522146221153109, 0.0002488468697107591, 0.00025643894153154007, 0.0002517229499451189, 0.0002484126655613528, 0.0002479337169405082, 0.00023972722662914093, 0.00023602333239785167, 0.0002321049015079221, 0.00022390334075826418, 0.00022013697025242567, 0.00021713541104989424, 0.00021646459439195176, 0.00021094352515997272, 0.000212286533795651, 0.00020658103681153993, 0.00020277762088983058, 0.00019726315611602577, 0.00019538883762717954, 0.00019131674960354742, 0.00018836258589795588, 0.0001832718370620413, 0.00018582306207146122, 0.0001808128239496438, 0.00017813287455759112, 0.0001772998493916261, 0.00017404543631779483, 0.00017371993484802098, 0.00017054415178921294, 0.00016968479091740058, 0.00017866357981345318, 0.00017378162372745203]"
7,5,176.74105245269047,"[0.0017761451840977386, 0.0009381271284562453, 0.0007666556799002953, 0.0006731371913928443, 0.0006347802836504194, 0.0005899346365325742, 0.000554221889483237, 0.0005363952014235098, 0.0005178602360265553, 0.0005124201436176325, 0.0004888139837098979, 0.0004691166656079031, 0.00045198773183459243, 0.0004374929392891567, 0.0004303155260434605, 0.00042133719102093245, 0.0003982776367746773, 0.00038528683491654273, 0.0003744024356959039, 0.0003635766219632578, 0.00035073251933066645, 0.0003304028299043177, 0.00031643867024307046, 0.00030866942531426967, 0.0003044582897509859, 0.00029337192683007965, 0.00028434909009803985, 0.00027904370298362414, 0.00027047404291216057, 0.00026900708260491486, 0.00025228009034260895, 0.0002456172832782186, 0.00023531251787087585, 0.00023204401514385122, 0.0002272979459716957, 0.00022322886945930868, 0.0002132580273994829, 0.00020300570112879516, 0.00018841637537739966, 0.00018112074361009803, 0.00017310189786655681, 0.0001686916514290553, 0.00016491755540064325, 0.00015931963868146812, 0.00015783165445419785, 0.00015032338151623053, 0.00014372833190247152, 0.00014458628283435513, 0.00014368879607842396, 0.0001367990923850683, 0.0001334276779727776, 0.00012993363828945378, 0.00012470105568253946, 0.00012130208139283937, 0.00011736049267508682, 0.00011404753264705675, 0.00011087624678744312, 0.00010719031138083111, 0.00010555084709856923, 0.00010346253790858682, 0.0001007504697074716, 9.921219778624674e-05, 9.567936313562987e-05, 9.357294780533245e-05, 9.185266483564516e-05, 8.630739510612814e-05, 8.513945215488439e-05, 8.268653350346847e-05, 8.173164263827596e-05, 7.973984506851988e-05, 7.86085941436626e-05, 7.589791357600067e-05, 7.448336873128915e-05, 7.117608105800095e-05, 7.171568481108905e-05, 6.760199768125569e-05, 6.633731514746216e-05, 6.546192778126746e-05, 6.38541198891791e-05, 6.244506858344298e-05, 6.0123967726036776e-05, 5.8291249543247545e-05, 6.011880249990432e-05, 5.752753090293407e-05, 5.7884632540083595e-05, 5.715204698110285e-05, 5.5982798404588245e-05, 5.428192879473483e-05, 5.394296435793331e-05, 5.2850931082650816e-05, 5.171612894948675e-05]"
8,6,168.78738686567038,"[0.0003961872712142604, 0.0003630372563769389, 0.000335663611653929, 0.00027017987173824084, 0.0002297165440354836, 0.0002007667083245547, 0.00016377012248631142, 0.0001501198089379041, 0.00013835000660995025, 0.00012031668527182512, 0.00011306921874852667, 0.00010187502598756319, 9.52066549023424e-05, 8.722600498306959e-05, 8.052665834182094e-05, 7.317127769633338e-05, 7.3927245028798e-05, 6.949766687195042e-05, 6.490574163061056e-05, 6.08975476933042e-05, 5.8608903818095295e-05, 5.388646898040896e-05, 5.056687068768447e-05, 4.8023577357243405e-05, 4.531764514084934e-05, 4.284608997540716e-05, 4.038953214708818e-05, 3.8224073108646346e-05, 3.522507700663177e-05, 3.534258456652176e-05, 3.4980116130698245e-05, 3.299122434855413e-05, 3.010327173955165e-05, 2.866107243429604e-05, 2.8898444972106115e-05, 2.705253854546302e-05, 2.7056330697345162e-05, 2.5911161766265134e-05, 2.470777192908846e-05, 2.426169950958452e-05, 2.3445233783136377e-05, 2.2888820389112335e-05, 2.1390884497991742e-05, 2.0572074753658866e-05, 1.968760041105373e-05, 1.9558143862781562e-05, 1.8367043439636537e-05, 1.7673531254992497e-05, 1.777626519944231e-05, 1.7363718439682667e-05, 1.724283227157406e-05, 1.669587808111746e-05, 1.6361172001372344e-05, 1.689820474040576e-05, 1.551224261722533e-05, 1.5299076776935738e-05, 1.500654682354655e-05, 1.432320483955323e-05, 1.455781507252225e-05, 1.4040800638533512e-05, 1.3369604429548603e-05, 1.3337734457521742e-05, 1.2860134795795938e-05, 1.275429733116043e-05, 1.2813190718031073e-05, 1.2248955941074856e-05, 1.1905518755800203e-05, 1.1621949710752487e-05, 1.1668089318141939e-05, 1.1577432371550973e-05, 1.1599434212003369e-05, 1.1539936213625971e-05, 1.1412071075456722e-05, 1.121262517881342e-05, 1.1331913376795384e-05, 1.0746184713263724e-05, 1.1393288093997127e-05, 1.0611796304497428e-05, 1.102388513083196e-05, 1.073461198377122e-05, 1.0855469451655465e-05, 1.0390727210833315e-05, 9.963135178652825e-06, 1.0106837446987815e-05, 9.77596052420181e-06, 9.534217576949737e-06, 9.901898738351084e-06, 9.83831360098642e-06, 9.293541818835765e-06, 9.143714268053187e-06, 9.71442117222766e-06, 8.844700229031997e-06, 9.006609461417856e-06]"
9,7,173.92749948867672,"[0.012964903579075943, 0.01232580855172479, 0.010878878234411186, 0.010736691936815404, 0.00999102082832734, 0.009111954592923932, 0.009027364331666591, 0.008590890443883836, 0.008003963018934471, 0.0072064207043094596, 0.006954587007134731, 0.006448509197304342, 0.0062480484954749215, 0.005870501279835325, 0.005604482753057349, 0.005197567087905657, 0.004988702255046382, 0.004850361020774317, 0.004703987640754829, 0.004589230018582213, 0.004447332605003502, 0.004257259100021021, 0.004250855930506489, 0.004167325413628824, 0.004055353253969993, 0.003948385741853788, 0.0037934586908481577, 0.0037327960694213133, 0.0037182462298726436, 0.0036426008982915555, 0.003571378647400295, 0.0035154714226834738, 0.0034348749494144937, 0.0033691235197453213, 0.0033195086853289846, 0.0032907459452442985, 0.0032557616983090072, 0.0031820533131875256, 0.003128974556136011, 0.0030549636404996494, 0.003010588279982396, 0.0029263030898533235, 0.002904538503276373, 0.002892846639945176, 0.002827244739922396, 0.0027847908041467406, 0.0027381161101659945, 0.0026874686252240107, 0.0026828201692897327, 0.002650442321505837, 0.0026086801645194427, 0.0025475329796773743, 0.0025175730697536087, 0.002500953641651475, 0.0024541865894035547, 0.0024407328090469576, 0.002388439176797445, 0.002351401915898951, 0.00233521487308229, 0.002277581625670757, 0.0022542429357308032, 0.0021872679620705553, 0.002179554330867623, 0.0021257608822675394, 0.002097046676362021, 0.002083940179247018, 0.0020641654386088465, 0.0020419572550311404, 0.002023079674836481, 0.0019897512798878487, 0.0019769403257600543, 0.001950226959120043, 0.0019236442799359244, 0.0019135739538573685, 0.0018781632353976712, 0.0019078646350502617, 0.0018483729975656078, 0.001808350761574781, 0.0018042190487217598, 0.0017835093703601984, 0.001758958478047752, 0.0017479710702077082, 0.0017144953897102067, 0.0016889711013511328, 0.0016668021879493883, 0.001626949336039032, 0.0016157983797865938, 0.0016193496672060991, 0.001604034393635372, 0.0015782956929780204, 0.0015660579210748009, 0.0015621430731973202, 0.0015460281296361914, 0.0015234928614929987, 0.0014896717836958453, 0.0014654063515338765, 0.0014350858047623232]"
10,8,181.35124408069495,"[0.018211703885484626, 0.010447496646601292, 0.008174210926517845, 0.007879776673184501, 0.007097644633096125, 0.006805670642104276, 0.0066064880859037795, 0.006185278039494598, 0.00591162160013078, 0.005204135200323502, 0.005021213480008386, 0.004917894548594227, 0.004797047571790043, 0.004641365175808055, 0.004599153629829676, 0.004448207487682035, 0.004308115756996105, 0.004289693938604884, 0.0042286624810205665, 0.004149015626306343, 0.00411606333465089, 0.003985761108884212, 0.004059516098142787, 0.003947055835548478, 0.0039047884475385893, 0.003893914050139655, 0.0038469185799234157, 0.003845325636157887, 0.0037413485756015116, 0.003742198542264911, 0.0037066394962595142, 0.0036613493245197417, 0.003636790539362496, 0.0036675569652962385, 0.0036711605993467082, 0.0036189303938213182, 0.0036277379191233194, 0.003568880302197983, 0.0035882310321607358, 0.003569181097635818, 0.0035811176854015987, 0.003562671991683062, 0.0035952985848915113, 0.0035757199200917157, 0.0035701330221517883, 0.0035816729146837907, 0.0036286914261196485, 0.0036603202407369047, 0.003659659341550044, 0.0035355552591917567, 0.003545734008733874, 0.003568596894911025, 0.003548999688441486, 0.0035470520222184456, 0.0035242687986451696, 0.003562698300171447, 0.0035702883247149993, 0.0035280229105107233, 0.003553504742302283, 0.0034724400843549152, 0.003481825312031072, 0.003488785421403143, 0.003404996372093457, 0.0034253893613216254, 0.003440607263211051, 0.0033828483711389437, 0.0033773946298222453, 0.003400986784338413, 0.0033058031576021878, 0.0032478389441486662, 0.003237617143380097, 0.003223358252253766, 0.003212758243972968, 0.0031957540984438784, 0.0032071682124701004, 0.0031385745076140327, 0.0030655018408870765, 0.0030763790461412134, 0.0031358247579023387, 0.00308893212831107, 0.0030079947380491595, 0.0030186671050058877, 0.003000758041812164, 0.003007071804943364, 0.0029483977221928027, 0.002918935560629271, 0.0029607092938712647, 0.0029212345459351734, 0.002873664755831366, 0.002928097790630057, 0.0028623562726908048, 0.002783748333976527, 0.0028244606869739747, 0.0028157428256185488, 0.002767221052066883, 0.0028566260170178053, 0.002845305959352926, 0.0027696823360168275, 0.0027878968185969253, 0.0027390957403120547, 0.002789564619770654]"
11,9,177.27036557616654,"[0.0018168345561693654, 0.0014236253169872383, 0.0008505991618900111, 0.00039926907898171993, 0.00036302001316660537, 0.00030733007573145477, 0.0002839055496386407, 0.00027355334416137545, 0.0002605895569851584, 0.00026947134226649945, 0.000256258490019631, 0.00026011439337870085, 0.0002568574480635404, 0.00024612790602469153, 0.0002485153469483851, 0.00024095431877048222, 0.00023063525718731195, 0.00021878002119955764, 0.0001867263720982345, 0.0001781354771973535, 0.00016765721749897143, 0.00015511136402941367, 0.0001390158167849681, 0.00013544042454862276, 0.0001299297750710382, 0.0001277277510101079, 0.00011878461711711603, 0.00011553425379959291, 0.00010985819437130791, 0.00010484946901152588, 9.875485079677705e-05, 9.52388338161323e-05, 9.145899624454121e-05, 8.808866122999536e-05, 8.585858035502363e-05, 8.498385609467491e-05, 7.948741315240456e-05, 7.553597116957862e-05, 7.623638249949201e-05, 7.263179344687637e-05, 7.160141637600084e-05, 6.81322758843946e-05, 6.723269087900632e-05, 6.517912457953729e-05, 6.611320656616196e-05, 6.515795745901244e-05, 6.385516447047308e-05, 6.14855789411339e-05, 5.7534752457740534e-05, 5.647959991546967e-05, 5.53510162952208e-05, 5.412255776868021e-05, 5.337021335486359e-05, 5.3071263602909344e-05, 5.177631899761143e-05, 5.259115107711719e-05, 5.087571579571605e-05, 5.1126779708459715e-05, 4.797086916485736e-05, 4.834433510383894e-05, 4.7049732801109855e-05, 4.7144672327047233e-05, 4.40723854526756e-05, 4.4508668498854195e-05, 4.409445818844676e-05, 4.4048011539871275e-05, 4.439465347289955e-05, 4.6268372323639786e-05, 4.492921904476598e-05, 4.42500535701279e-05, 4.653183710571317e-05, 4.492771071050555e-05, 4.27438107548504e-05, 4.3615297351302254e-05, 4.250728530366451e-05, 3.980500075778384e-05, 3.799394110654243e-05, 3.7940990192212864e-05, 3.677443555200286e-05, 3.61967519508527e-05, 3.509888951305401e-05, 3.5237148157159726e-05, 3.452600940378431e-05, 3.465148438550848e-05, 3.549192093834451e-05, 3.326158299036758e-05, 3.3460534461737144e-05, 3.43783215242672e-05, 3.2010215196559316e-05, 3.104662423365035e-05, 3.180683811749925e-05, 3.1079675992943295e-05, 3.180161078752414e-05, 3.310941373164758e-05]"
12,10,178.19314489644913,"[0.004979489860124886, 0.003931492069354176, 0.0032302632956671415, 0.002484678371948075, 0.0022961055450180672, 0.0021373393668092035, 0.001983293748769407, 0.0018115475919657502, 0.001717790493020903, 0.001605780155586309, 0.0014950499800393579, 0.0012708845285211855, 0.0012340158742987892, 0.001196910992819519, 0.0011624248300260783, 0.0011224841031128492, 0.0010414280719303636, 0.0009953934965462108, 0.0009496148233522669, 0.0009164743756301004, 0.0008815223283327827, 0.0008511621069670439, 0.0008352816924599118, 0.0008135547548897264, 0.0007774271977733621, 0.0007527786083117238, 0.0007211240374355961, 0.0006878333932536918, 0.0006699432725153191, 0.0006457561473489273, 0.0006270020378916557, 0.0005952548669136356, 0.0005895322328276021, 0.0005601929661168654, 0.0005439319913298431, 0.0005056733044460835, 0.0004998455991625725, 0.0004947754232417854, 0.000482072880762889, 0.0004759296743568382, 0.0004514719430195389, 0.00044845061600252837, 0.00042333256872276827, 0.0004179024777595566, 0.00040113958474740795, 0.0003912194865090109, 0.00037956310000921025, 0.0003645227986550473, 0.00036093958131694695, 0.00035573143796539347, 0.0003381390409859715, 0.0003310517555879476, 0.00032323284348999395, 0.00031681905948062196, 0.00031078814570341157, 0.0002992369128774402, 0.00029935976278716483, 0.0002922339236540231, 0.00028227313612180213, 0.00027673301445278145, 0.000272431379206854, 0.0002688339316895753, 0.0002660046376885465, 0.00026293233715447324, 0.0002590007812759825, 0.0002556029555772726, 0.0002498816860117606, 0.0002497522540022729, 0.0002462573469891937, 0.00024163524948680074, 0.00023549398816290765, 0.0002383306986290295, 0.00023783871079359324, 0.00023735741460819716, 0.0002356530066310697, 0.00023395058912550605, 0.00022819491025759643, 0.00022442356681479528, 0.0002263431508910717, 0.0002207984327042958, 0.0002203242077063366, 0.00021983607264220982, 0.0002127720593907827, 0.00021056240512591737, 0.0002098548592347255, 0.00020655359976304232, 0.00020599283046200133, 0.00020359900743468633, 0.0002008627673836252, 0.00019882144584504674, 0.00020018695636524038, 0.00019743333474352357, 0.00019947182937764073, 0.00019585666583759193, 0.00019033997328437324, 0.00019083122584265, 0.00018903680000673548, 0.00018837802622354583, 0.00018871361881803056]"
13,11,174.77462053637896,"[0.0024891793245411255, 0.002361051053997743, 0.00222641098585957, 0.0020664859445262375, 0.0019606900662485303, 0.001845383829165548, 0.00176550798201863, 0.0016578226939065982, 0.0015633424408504877, 0.001465791765352704, 0.0013868831986501298, 0.001311071921151507, 0.001220561432474477, 0.0011379891264284394, 0.0010791294526436253, 0.0009895256652742357, 0.0009486875325655626, 0.0008794542280264574, 0.0008301470292473223, 0.0008089428604720168, 0.0007697446893698068, 0.0007144304540691702, 0.0006683524214789022, 0.0006274394147396247, 0.000594969901580906, 0.0005684865741114692, 0.000544519066243927, 0.0004959196371776942, 0.00048254012952269216, 0.00047025153973075334, 0.00043261828876209096, 0.0004130476796901639, 0.00038258892995023396, 0.0003610872313951751, 0.0003394428378466784, 0.0003199747189380583, 0.00030770701091434424, 0.0002945845288940825, 0.00027743038417142574, 0.00025765527842763406, 0.00024246696925893423, 0.0002404005976790565, 0.00022385809743477974, 0.00021705970684589496, 0.00021388363688903652, 0.00020247999039667644, 0.0001955461895657621, 0.0001878780748512261, 0.00017745106577008395, 0.00017888861240338856, 0.00016928127479440446, 0.00016231116313170183, 0.00015614677839446053, 0.0001515703669555872, 0.00014440351943034745, 0.0001370251604086987, 0.00013241753481411158, 0.00012911220504220275, 0.00012455817105950064, 0.0001220349899075742, 0.00011857074823784462, 0.00011656478265489072, 0.000115143261108819, 0.00011169717920350513, 0.00010850494289270595, 0.00010509442510498474, 0.00010327696329375041, 0.00010124472447755252, 9.975209392879741e-05, 9.845269608719071e-05, 9.896263388128838e-05, 9.685941260683061e-05, 9.427812016280696e-05, 9.420543607141438e-05, 9.354934848446876e-05, 8.969066592865334e-05, 8.685121368944179e-05, 8.467580597647208e-05, 8.358978786534771e-05, 8.114543422113887e-05, 7.962704287051823e-05, 7.974585677740632e-05, 7.820632219349916e-05, 7.636851087728157e-05, 7.59536566395672e-05, 7.627300032155975e-05, 7.595898753514005e-05, 7.432280023070436e-05, 7.34218601519446e-05, 7.093358863350317e-05, 6.862294742485205e-05, 6.667136466201838e-05, 6.597720919794179e-05, 6.501961461545355e-05]"
14,12,171.31149375252784,"[0.005215527723837652, 0.005024498344877147, 0.004819326955098429, 0.004464323710022839, 0.004025759882059255, 0.003529847530459949, 0.0032412461227048525, 0.002876228177790028, 0.002618900686459657, 0.0024578516252370323, 0.002283445154081714, 0.002146860737197772, 0.0020500150135021275, 0.0019401426217211368, 0.0018179107234694756, 0.0016971331193271519, 0.0016076695160885974, 0.0014971593597464254, 0.001390166810617234, 0.001305441626435516, 0.0012584662323347475, 0.0011859332924057935, 0.0010853561442072143, 0.0009917978967024055, 0.0009385014344248936, 0.0008781992066046842, 0.0008287636571305319, 0.0007896290329352677, 0.0007173728638595143, 0.0006965564013685107, 0.0006359466422418701, 0.0005868114607726219, 0.0005601825283345979, 0.0005270636404019871, 0.0005113125095209898, 0.000484127464953276, 0.000457132610060391, 0.0004400019286115269, 0.0004234317457428035, 0.00040607690263348386, 0.0004017987645044101, 0.0003856693346586844, 0.0003738730411953992, 0.000358708201433163, 0.00034757290917258963, 0.0003311434883809693, 0.00032020144921552724, 0.0003128785504025456, 0.0003037722275455064, 0.0002949454994444811, 0.0002885429384760107, 0.00027502480159019696, 0.00026531497053803893, 0.0002591060671732595, 0.0002519042772409887, 0.0002454009635137425, 0.00024168601605195966, 0.0002325395856501851, 0.00022753915086283198, 0.00022075931579936125, 0.00021430390737466198, 0.00021097490683433883, 0.00020608762170191711, 0.00020184579115294733, 0.00019783304429578412, 0.00019506497967675292, 0.0001919483058369442, 0.00018661005418593542, 0.00018205113737007527, 0.00017759475510066802, 0.00017478981323917686, 0.00017269370566050827, 0.00017135591720599062, 0.00016638137593179454, 0.00016469063341723977, 0.00016297879130817896, 0.00015774105810050738, 0.0001573964064568598, 0.00015206984744750002, 0.00015110931327001672, 0.00014832807625288083, 0.00014679474559874708, 0.00014540212189715173, 0.0001423581335525671, 0.00014084874608185787, 0.0001387936557741095, 0.00013722315333732606, 0.00013586695302467974, 0.00013457237820535444, 0.00013233477812989844, 0.00013039139606219765, 0.00012634700170801452, 0.00012419683519741825, 0.00012184843731327137, 0.00011989839118178848, 0.00011969188814110958, 0.00011636533915881325]"
15,13,180.2943843630986,"[0.002458249673101498, 0.001817176413177359, 0.0018154063504150874, 0.0017368733734186678, 0.0015121575079219938, 0.0013035477179753118, 0.0012212391722062092, 0.0011010463958222977, 0.001063416855266461, 0.0010495392807550181, 0.0009369493972102006, 0.000908804902380555, 0.0008493276833458087, 0.0008228380879969976, 0.0007932033453851166, 0.0007172196437510378, 0.000699154899192873, 0.0006819242092415852, 0.0006651054813678806, 0.0006456021618790116, 0.0006383024709765987, 0.0006378715860661871, 0.0006209585006297777, 0.0005996351500581003, 0.0005884569192538358, 0.0005850670156268189, 0.0005781314481882274, 0.0005648499162227061, 0.0005570241398815127, 0.000541669098019266, 0.0005236393444067868, 0.0005171500897871498, 0.0005149371393429816, 0.0004965454899610159, 0.0004904807313233595, 0.0004896302766940277, 0.0004534817636970099, 0.0004381697310396543, 0.0004478853843465913, 0.0004235490181679699, 0.00042027261374591993, 0.00040543018739109545, 0.0004038911256589767, 0.00039592279057874943, 0.00039041990391354544, 0.0003829693118220078, 0.0003772110708628683, 0.0003637387620304023, 0.0003497951437706293, 0.0003417465480117324, 0.0003247149729759258, 0.00031844860852568393, 0.00031760151841009137, 0.00031002614510465976, 0.0003008190092249616, 0.00029352114697058613, 0.00029292252096198794, 0.0002880868642453177, 0.0002771143989945643, 0.00026777513005102235, 0.0002690517119540196, 0.0002568625618395954, 0.00025197374853722885, 0.0002472939513639146, 0.00024586647351687856, 0.00023681337685337603, 0.00023126949394541691, 0.00022864000975060154, 0.00022275892608357046, 0.00021252125868588816, 0.0002067604359646274, 0.00019623055250671674, 0.0001933466415586416, 0.00019063764326587022, 0.0001874805653587428, 0.00018169786199795563, 0.00018226130615518171, 0.00017508133430535483, 0.00017379080302686945, 0.00017089257517149996, 0.0001678566791195028, 0.00016662639639155084, 0.0001656105040158334, 0.0001625662007742134, 0.00015992887349137083, 0.00015920985642404068, 0.00015634400985648398, 0.00015323146766114894, 0.0001533564914492732, 0.00014908600066699184, 0.00014507120843313464, 0.00014448595447827376, 0.00014672312790160825, 0.00013926058025985044, 0.00013796781055199452, 0.000135566578075798, 0.0001319017933917996, 0.00013030675665734405, 0.0001310391338847694, 0.00012923517636703925, 0.00012600604720648914, 0.00012474206850388977, 0.0001248618836368453, 0.00012477547134214827, 0.00012239175230731165, 0.00011850275116003204]"
16,14,169.56222181664234,"[0.007758221089330865, 0.006943301930115953, 0.00539430600592977, 0.005172003676865242, 0.004951453910498304, 0.004760676655860152, 0.004600518847267159, 0.004489104183399616, 0.004330436853194704, 0.004143720425313173, 0.003997651559608531, 0.003893755724561357, 0.0038171760266438575, 0.0037260387164478434, 0.0036452629594443072, 0.003552601044497875, 0.003480358969756122, 0.0034132527184136947, 0.0033439411665436266, 0.0032838185713614113, 0.003245498059328322, 0.0032044338432431194, 0.003117378751846707, 0.0030242656121241083, 0.0029480931028833227, 0.0028807312330296183, 0.002845843045163793, 0.0027982736968593692, 0.002741522479932351, 0.0027273550113238606, 0.0026920066051080555, 0.0026452001938920703, 0.0026006858148629347, 0.002557381833025444, 0.0024878669735159545, 0.0024770241209360823, 0.002442438458126424, 0.002403290404969485, 0.0023596309539582654, 0.002308115054256632, 0.002259139482959068, 0.0022438338286257806, 0.0022187158238058005, 0.0022156385251175872, 0.0021843547111206198, 0.002188685546682683, 0.0021527268631046557, 0.002089334940751927, 0.0020481183516933973, 0.0019903764537541405, 0.0019345936046524371, 0.001859340396400142, 0.0018086536618816121, 0.0017396136969598617, 0.001709522013669488, 0.0016675644514149192, 0.0016265550520587167, 0.0015799510202784512, 0.0015312141206330556, 0.001493012801472367, 0.0014416959786828201, 0.0014116007506164213, 0.001424513329091928, 0.0013674777127666317, 0.0013568062698950444, 0.0013326835556781436, 0.001282787851142391, 0.001256868813956224, 0.0012054335806655125, 0.001228307052087214, 0.0011931000980242878, 0.0011816646835071016, 0.0011540808099470023, 0.0011381353095790642, 0.0010998547468288654, 0.0010611754254191278, 0.0010615019128472263, 0.0010183848954353626, 0.0009827649048525094, 0.0009497108222455485, 0.0009226414261343437, 0.0009099896040569455, 0.0008872196232658299, 0.0008859826122481104, 0.0008789595857604319, 0.0008548246248956197, 0.0008350645592461167, 0.0008088621187877672, 0.0008063422168960241, 0.0008185347582102584, 0.0007899917551783655, 0.0007833591156718362, 0.000766332251427137, 0.0007423870658825863, 0.0007262786800603893, 0.0007201769067745256, 0.0007101181630039688, 0.0007023216902105028, 0.0006957418036092341, 0.0006724468357393269, 0.0006776440209132218, 0.0006606009112627909, 0.0006522708402378535, 0.0006407989703327762, 0.0006226675704859621, 0.000598656323349117, 0.0006062440908922943, 0.000600176390190847]"
17,15,184.55005558709823,"[0.016315643042325974, 0.007630303725600243, 0.005826404839754104, 0.002150346739217639, 0.001229978986084461, 0.0009694285504519939, 0.0007806885987520218, 0.0003979782946407795, 0.0005208586785010994, 0.00025500673509668557, 0.00017908671929035337, 0.00015801179892150686, 0.00017890671675559135, 0.00015594461059663443, 0.0001844669773709029, 0.00028942799777723847, 0.00013707655802136287, 0.00017388795153237878, 0.0003122310678008944, 0.00011154137220728444, 0.00012280909082619475, 0.00025986886059399696, 0.00011888986606209073, 9.866560088994447e-05, 0.00024763275927398355, 0.0002945580438245088, 0.00025133891496807335, 7.861186772061046e-05, 9.8365697904228e-05, 0.0002077912975801155, 0.00013386814131081338, 0.00024268639739602805, 0.0002564161691407207, 0.00020905226294416933, 0.00024153404963726645, 0.0002047722542192787, 0.00017851689452072606, 0.00016423630760982631, 7.313672225336631e-05, 0.0001238244791602483, 0.00020406760944752022, 0.00022135053397505543, 0.0001651762446272187, 5.5417018626258144e-05, 8.547127218662354e-05, 3.960922765998021e-05, 4.7859985936611335e-05, 0.00022555970237590374, 9.78371504243114e-05, 0.00018807565502356737, 0.00011168501556767296, 0.00020557745330734178, 0.00018086890573613346, 0.00010293311019268004, 0.00015110903041204438, 0.00015490999532630668, 0.00015980789728928357, 0.00013971281063277275, 0.00010566761979134753, 0.00010456200485350564, 0.00015278615697752684, 0.00017396422786987388, 0.0001375583322806051, 0.00014059674635063857, 0.0001710776782419998, 0.00014903758332366124, 0.00019875438694725745, 0.00021135061659151687, 0.00014430421366341763, 0.00015219130546029191, 0.00011804339519585482, 0.0001335387525614351, 7.79890264846017e-05, 0.00019340950748301112, 8.372726015295484e-05, 0.00016944998933468013, 7.85168003170611e-05, 0.00019048297661356629, 0.00018389906581433023, 3.5395376389715235e-05, 0.00019289986914373003, 0.00019033330288948492, 0.0001333481078472687, 0.00014163929503411055, 9.501788936631783e-05, 0.0001987370607093908, 0.000215056013839785, 0.00016722141910577193, 0.00017823170623159967, 0.00014199273675330915, 0.00013657848059665413, 6.942959397420622e-05, 0.0001350877500954084, 0.0001373765458993148, 0.00013280075116199442, 9.218713164955262e-05, 0.00012046985790220788, 5.125388348780291e-05, 0.00016977875711745582, 0.00016719371575163678, 3.599233216846187e-05, 0.00012578124980791472, 0.00012607515811396296, 0.0001238047270453535, 7.026452750778844e-05, 0.00012711661505818484]"
18,16,174.8678682873961,"[0.002406971880146377, 0.0020330530894253486, 0.001701524737979725, 0.0015458976366529323, 0.0013927651346688542, 0.0012689353678001802, 0.0010604810644353052, 0.0008968704875725845, 0.0008155960249992362, 0.000768188137601373, 0.000663457489149137, 0.0006320446395474231, 0.0005898407861041245, 0.0005522351339326643, 0.0005063464907591533, 0.0004761384444991758, 0.0004569298052462927, 0.0004353086435292591, 0.0004141520366017132, 0.0003946625943505123, 0.0003837138083712304, 0.00036428683356352557, 0.00034909870614166554, 0.00033526616761693663, 0.00031658542279169546, 0.00031320797212508277, 0.00030128624876883285, 0.0002897629802209746, 0.000283103274302161, 0.0002759536046033052, 0.0002685793765563285, 0.00025906911409158683, 0.0002534419602394783, 0.00024836113348535895, 0.0002388733223895276, 0.00023287547337826433, 0.00022793636762412947, 0.00022400334548169448, 0.00021973256968178088, 0.00021178344790110626, 0.00020970062835260858, 0.0002044874892964737, 0.0001997781880194991, 0.00019699431455221577, 0.00019602724489360034, 0.0001901524244105724, 0.00018042053746869562, 0.00018278683588617806, 0.0001790345856457961, 0.0001741284787761266, 0.00016861762618393573, 0.00016270603044380374, 0.00016049215798844558, 0.0001556641395099181, 0.0001514082541074467, 0.00015499578598826148, 0.00014998689500392984, 0.00014390283284791076, 0.00013832504950154836, 0.00013251569833588225, 0.00012820197423055033, 0.00012505320440341398, 0.0001240382863433118, 0.00012154698029056055, 0.00011935895605909216, 0.00011600732293598784, 0.00011330818785297122, 0.00010965559922055185, 0.00010894076010226785, 0.00011186109418906364, 0.00010325047906431158, 0.00010555839082391359, 0.00010299055711051323, 0.00010046652569712553, 9.626554892582851e-05, 9.521771585917143e-05, 9.391602972465976e-05, 9.072163774584837e-05, 8.843176445953351e-05, 8.941426338420864e-05, 8.502127853437545e-05, 8.272414949459707e-05, 8.371047349217376e-05, 8.096204127771873e-05, 8.108833671572753e-05, 8.033854338616673e-05, 7.86498164009625e-05, 7.680466829296442e-05, 7.333581806792823e-05, 7.438472900418637e-05, 7.301253986648822e-05, 7.2049475768118e-05, 7.08874561092294e-05, 7.062348641094184e-05, 6.661575291187426e-05, 6.687702070117744e-05, 6.681367684581525e-05, 6.325981257716723e-05, 6.703987940562668e-05, 6.210588139904483e-05, 6.181818260936767e-05, 6.25732479968911e-05]"
19,17,176.52644364632104,"[0.0016184688219979349, 0.001541685578663567, 0.001451837973675428, 0.001381805277900545, 0.001278288189219865, 0.0012050953566994083, 0.0011259376051283357, 0.0010138227181681638, 0.0009334902444205492, 0.0008422316361715635, 0.0007598468823798158, 0.0007113788354502376, 0.0006632105704258873, 0.000626145760469977, 0.000598866386518272, 0.0005728552278601377, 0.0005356054642180073, 0.0005123730152486751, 0.00048218587537833725, 0.0004641281593300048, 0.0004372177308831085, 0.0004200605408197149, 0.00038909468074300595, 0.00037827035263321505, 0.0003621421356849916, 0.0003430704740064345, 0.0003329920555422357, 0.0003190559048008758, 0.0003116123603035485, 0.00029781226485405893, 0.00028510154583423237, 0.00027293397611043515, 0.00026580057176850706, 0.00025336736841858503, 0.00024442940022408825, 0.00023481738088166942, 0.00023344365350033212, 0.00022866960111035157, 0.0002207960959352645, 0.00021544616879343864, 0.000206986586504076, 0.00020462039869777846, 0.00019592913798352441, 0.00018981928371462846, 0.00019210318590216565, 0.0001815315653037804, 0.00017567249545587862, 0.000174470182857141, 0.00016564969091231016, 0.0001589160617655866, 0.00016064171692180057, 0.0001501398895715896, 0.00014810564771882312, 0.00014438393608265704, 0.00014241592175712797, 0.00014058340623752724, 0.000136425184058202, 0.00013368205396046556, 0.00013447145397784985, 0.00013225907804293466, 0.00012783446528878543, 0.0001336939630034945, 0.0001274482804955493, 0.00012515780984231138, 0.00011718112261131551, 0.00012168906620224514, 0.00011428895481136235, 0.00011006532391013633, 0.00010637181899962662, 0.00010168143750108388, 9.908723278811822e-05, 9.642158144067433e-05, 0.00010047300192853494, 9.311464083188596e-05, 8.985544399288799e-05, 8.743650753937788e-05, 8.538760269057057e-05, 8.217865337412809e-05, 8.190667264214063e-05, 8.207578430205499e-05, 8.345992068454625e-05, 7.824695069294106e-05, 7.66181605187771e-05, 7.52503127758127e-05, 7.826608321883844e-05, 7.408007954391503e-05, 7.179573931592964e-05, 7.299718410977989e-05, 6.933827692852854e-05, 6.750915785107976e-05, 6.937512521813747e-05, 6.649705033090093e-05, 6.468483468204834e-05, 6.438311632796538e-05, 6.230841490326727e-05, 6.385161413686853e-05, 6.399086760741751e-05, 6.294625481995914e-05, 5.9500698084526894e-05, 6.206379101153841e-05, 6.004090964273362e-05, 5.5373772452429616e-05, 5.5399936522725394e-05]"
20,18,173.30644498313856,"[0.0031148803797711073, 0.002357164425203368, 0.0021562623543211193, 0.0019626511951957647, 0.0018945352539638657, 0.0018207907424108145, 0.0015845021192662585, 0.0015034647157323167, 0.001440038325760944, 0.001390454851029031, 0.0013246994254191592, 0.0012295654002105823, 0.0011825875328757571, 0.0011006244106073577, 0.0010637188052026526, 0.001006574222800078, 0.0009535908640696263, 0.0009067183789483321, 0.0008632494612667305, 0.0008182237702073413, 0.0007766141822583386, 0.0007506716810885023, 0.000724056938491207, 0.0006963580953150336, 0.00065698693366577, 0.0006274160959208467, 0.0006043243657003045, 0.0005853163663664417, 0.0005902732041614666, 0.000578293499371149, 0.0005543487902299023, 0.0005284595107567101, 0.0005067248592206005, 0.0004990921168945502, 0.00048794510110141196, 0.0004702496732614467, 0.0004459961169083544, 0.0004392732104843638, 0.00042362661659603185, 0.00041841577815094266, 0.0003936887538271521, 0.00038128698617654775, 0.00036658317030716455, 0.00035831287292578575, 0.0003482986124332583, 0.000336942705876132, 0.00032943133113249944, 0.00031941528019449855, 0.00030789947129658535, 0.0003051933761724649, 0.00029859444332180327, 0.00029093132670425715, 0.00028916901608573846, 0.0002869665505325283, 0.0002783963511376184, 0.000274548486960829, 0.00026662014436626755, 0.00026461610924551543, 0.0002595522975616429, 0.00025320074530929597, 0.0002452571731651309, 0.00023952458379810328, 0.00023689852971944946, 0.00023022155409666446, 0.00022307612863487286, 0.00021709339712182944, 0.0002164511073603921, 0.00021244223184667057, 0.00020792743706528167, 0.0002033825923546205, 0.00020609184009257747, 0.00020277847570044657, 0.00020050570613543858, 0.00019302362980393037, 0.00019172177243643676, 0.00018740325151231352, 0.0001854285788584236, 0.0001889476999108626, 0.00018505959732523095, 0.00018078431369100508, 0.0001785078364336567, 0.0001753817396188189, 0.00017392914493577673, 0.00017331705915575986, 0.0001683576904433731, 0.00016245907666963432, 0.00016388144532038053, 0.00016004201196510387, 0.00015907097140607435, 0.00015744184288755232, 0.00015239729548365577, 0.0001503961350088386, 0.0001501553459316232, 0.000148633481898231, 0.0001479657709386289, 0.00014399766798604098, 0.0001438420372320288, 0.00013891792175313675, 0.0001412824012125679, 0.00013856660160201675, 0.00013936101130203386, 0.00013876607705970534, 0.00013808941366919998, 0.00013870618921269404, 0.00013705557781110473]"
21,19,170.56696909020948,"[0.003945933819566037, 0.0036303067490653716, 0.0032462663942935182, 0.003025924094954243, 0.0028572747036790685, 0.002767275822892164, 0.0026472059524973337, 0.0025792770610187725, 0.0025394533904464565, 0.002547980926345227, 0.0025365297986223293, 0.0025413422880208605, 0.0024840601722516207, 0.0024231852924161594, 0.0023853748134470185, 0.002343796384264795, 0.002296487750845387, 0.002236794004968089, 0.0021814752462131206, 0.0021233494072785295, 0.0020341664134083505, 0.001964472071507696, 0.001901789257878756, 0.0018949038797601036, 0.0018677812938918872, 0.0018122112458588593, 0.001773488710440785, 0.0017320049264476455, 0.0017062698018055448, 0.0016779668975515048, 0.0016245219780715652, 0.0015350748518605066, 0.001491109292204708, 0.0014436831700321946, 0.0014180106861819673, 0.0013474993555620753, 0.001321806871467046, 0.0012356727311571283, 0.0012025662150979683, 0.001167865042022931, 0.0011225445339951466, 0.0010971443666904506, 0.0010791291171618153, 0.0010821090680910607, 0.0010618597842996266, 0.001000244482338374, 0.0009972702459062335, 0.0009698642536241595, 0.0009249813070641175, 0.0008887029477850977, 0.000864017147073183, 0.0008328739727775368, 0.000803530105468715, 0.0007764078991229488, 0.0007640225292661821, 0.0007469207210562478, 0.000737503932544836, 0.0007155215587466255, 0.0006929393961718702, 0.0006736276826885876, 0.0006598870414835773, 0.0006491822074029913, 0.0006169213375435299, 0.0006042609703396523, 0.0006131887343725953, 0.0005824197528232629, 0.0005719863068828925, 0.0005388795073926791, 0.0005390072300702066, 0.0005061626526369536, 0.0005066934862324414, 0.00047874951905811354, 0.00046328110482298776, 0.0004559837817461962, 0.00044014684688440915, 0.00042120778444359374, 0.00041059530205711156, 0.0003938999203233847, 0.000392421498047755, 0.0003869538109638691, 0.0003803953788354074, 0.00036977404953955254, 0.0003581356770739705, 0.00034746085237083587, 0.0003397521485570393, 0.0003277562553769078, 0.0003175298275682289, 0.00031049601014202345, 0.00030454261251457724, 0.0003046130056689535, 0.0003012693935885569, 0.0002947404834612138, 0.00028116553229621687, 0.00027536366354779666, 0.0002666561145476542, 0.00026123969695715033, 0.0002542884305773388, 0.0002578052597998232, 0.0002520032844011164, 0.00024517594506271297]"
