1,*********************,*********************
2,global_rounds,id_list
3,0,"[7, 9, 11, 6, 19, 2, 15, 13, 12, 17]"
4,1,"[17, 8, 18, 5, 12, 15, 11, 9, 6, 1]"
5,2,"[14, 3, 2, 15, 8, 11, 17, 12, 18, 5]"
6,3,"[18, 8, 17, 2, 0, 10, 4, 5, 13, 16]"
7,4,"[8, 16, 19, 0, 9, 17, 3, 12, 11, 18]"
8,5,"[4, 13, 11, 7, 1, 16, 2, 10, 0, 12]"
9,6,"[4, 14, 12, 11, 6, 0, 16, 9, 13, 2]"
10,7,"[15, 0, 13, 17, 7, 2, 5, 16, 1, 8]"
11,8,"[15, 0, 11, 8, 12, 19, 2, 4, 5, 6]"
12,9,"[4, 0, 7, 11, 5, 14, 10, 19, 2, 15]"
13,10,"[5, 13, 12, 0, 15, 3, 17, 9, 11, 2]"
14,11,"[2, 13, 1, 4, 5, 0, 8, 6, 9, 7]"
15,12,"[8, 0, 9, 12, 13, 18, 3, 11, 1, 4]"
16,13,"[9, 7, 6, 16, 14, 13, 11, 0, 19, 8]"
17,14,"[8, 5, 4, 6, 7, 14, 9, 2, 1, 16]"
18,15,"[17, 11, 1, 5, 19, 4, 16, 12, 2, 18]"
19,16,"[16, 0, 15, 4, 9, 10, 12, 13, 11, 19]"
20,17,"[4, 9, 0, 16, 8, 13, 10, 17, 1, 5]"
21,18,"[0, 5, 14, 7, 1, 19, 9, 17, 6, 4]"
22,19,"[14, 16, 18, 12, 6, 13, 4, 1, 15, 11]"
23,20,"[13, 10, 9, 12, 5, 2, 6, 8, 1, 14]"
24,21,"[7, 0, 3, 6, 5, 17, 11, 14, 13, 10]"
25,22,"[17, 2, 16, 10, 19, 3, 1, 8, 5, 6]"
26,23,"[8, 14, 7, 18, 1, 10, 13, 15, 9, 2]"
27,24,"[18, 10, 3, 7, 12, 17, 4, 16, 8, 14]"
28,25,"[11, 12, 13, 18, 15, 17, 10, 1, 0, 5]"
29,26,"[12, 17, 1, 11, 14, 18, 9, 4, 3, 19]"
30,27,"[5, 6, 17, 4, 0, 19, 15, 9, 13, 11]"
31,28,"[1, 17, 2, 18, 16, 4, 8, 3, 6, 9]"
32,29,"[4, 17, 19, 15, 9, 8, 11, 14, 0, 10]"
33,30,"[13, 1, 7, 2, 18, 19, 0, 9, 4, 10]"
34,31,"[6, 5, 16, 3, 14, 9, 13, 1, 0, 19]"
35,32,"[1, 13, 11, 18, 8, 2, 15, 6, 12, 9]"
36,33,"[11, 2, 18, 17, 12, 5, 16, 8, 15, 7]"
37,34,"[10, 13, 17, 4, 6, 9, 12, 7, 5, 14]"
38,35,"[14, 16, 5, 8, 1, 17, 6, 18, 4, 9]"
39,36,"[8, 5, 2, 15, 18, 17, 12, 9, 4, 16]"
40,37,"[18, 13, 15, 6, 0, 14, 3, 10, 4, 8]"
41,38,"[19, 8, 10, 4, 16, 17, 15, 3, 18, 5]"
42,39,"[9, 15, 7, 2, 17, 6, 1, 5, 3, 14]"
43,40,"[7, 10, 4, 1, 0, 8, 17, 16, 3, 19]"
44,41,"[18, 14, 15, 17, 13, 10, 16, 3, 12, 7]"
45,42,"[14, 19, 3, 1, 11, 13, 6, 9, 18, 4]"
46,43,"[18, 9, 14, 11, 5, 7, 16, 6, 0, 1]"
47,44,"[16, 10, 11, 9, 1, 2, 18, 15, 6, 8]"
48,45,"[16, 12, 1, 7, 10, 9, 15, 13, 11, 0]"
49,46,"[17, 14, 16, 18, 19, 0, 15, 7, 5, 4]"
50,47,"[0, 5, 19, 15, 18, 9, 16, 13, 2, 7]"
51,48,"[11, 18, 6, 1, 8, 3, 13, 0, 5, 17]"
52,49,"[15, 4, 19, 11, 6, 7, 0, 3, 14, 2]"
53,50,"[17, 14, 18, 15, 19, 7, 16, 9, 6, 11]"
54,51,"[3, 18, 12, 17, 9, 1, 7, 0, 8, 14]"
55,52,"[1, 7, 10, 14, 12, 17, 0, 5, 16, 13]"
56,53,"[9, 6, 7, 3, 11, 12, 4, 17, 14, 15]"
57,54,"[6, 12, 17, 4, 18, 2, 1, 19, 15, 14]"
58,55,"[3, 17, 2, 8, 11, 6, 13, 0, 14, 7]"
59,56,"[13, 9, 5, 14, 10, 4, 11, 3, 19, 0]"
60,57,"[18, 1, 14, 17, 15, 7, 3, 11, 19, 8]"
61,58,"[17, 6, 19, 8, 16, 2, 12, 14, 4, 3]"
62,59,"[2, 1, 3, 8, 11, 9, 6, 5, 7, 12]"
63,60,"[6, 2, 13, 11, 14, 10, 1, 8, 15, 16]"
64,61,"[4, 5, 13, 18, 8, 9, 10, 1, 11, 17]"
65,62,"[13, 12, 5, 10, 16, 6, 8, 0, 18, 11]"
66,63,"[13, 5, 2, 9, 3, 12, 8, 16, 4, 15]"
67,64,"[11, 4, 5, 10, 18, 19, 1, 2, 13, 12]"
68,65,"[4, 10, 14, 5, 3, 19, 12, 15, 9, 17]"
69,66,"[17, 7, 9, 4, 2, 11, 15, 10, 14, 5]"
70,67,"[12, 2, 18, 16, 13, 10, 6, 3, 19, 0]"
71,68,"[11, 4, 17, 5, 13, 0, 6, 16, 19, 8]"
72,69,"[11, 3, 16, 1, 0, 10, 18, 8, 4, 15]"
73,70,"[15, 11, 9, 10, 3, 0, 1, 4, 18, 2]"
74,71,"[19, 1, 9, 11, 8, 16, 18, 2, 13, 14]"
75,72,"[1, 8, 18, 0, 6, 9, 3, 17, 19, 13]"
76,73,"[0, 15, 13, 6, 5, 11, 4, 9, 14, 17]"
77,74,"[5, 15, 9, 16, 11, 6, 1, 10, 17, 2]"
78,75,"[13, 18, 10, 12, 7, 3, 9, 1, 4, 0]"
79,76,"[9, 4, 6, 17, 15, 7, 13, 8, 0, 11]"
80,77,"[5, 1, 7, 11, 15, 13, 0, 18, 4, 12]"
81,78,"[0, 16, 3, 14, 4, 6, 10, 13, 1, 5]"
82,79,"[0, 19, 9, 1, 2, 13, 7, 18, 6, 17]"
83,80,"[9, 4, 14, 16, 18, 13, 19, 12, 1, 0]"
84,81,"[0, 13, 10, 8, 7, 17, 18, 5, 14, 6]"
85,82,"[16, 9, 11, 17, 10, 7, 2, 13, 6, 19]"
86,83,"[5, 13, 11, 3, 19, 8, 6, 0, 4, 17]"
87,84,"[4, 7, 10, 16, 1, 11, 17, 0, 2, 5]"
88,85,"[9, 12, 15, 3, 8, 1, 18, 0, 10, 13]"
89,86,"[15, 3, 4, 16, 8, 9, 18, 6, 7, 11]"
90,87,"[11, 5, 15, 1, 14, 2, 16, 13, 9, 18]"
91,88,"[18, 6, 8, 9, 19, 7, 10, 11, 2, 17]"
92,89,"[14, 18, 12, 5, 19, 4, 6, 3, 13, 1]"
93,90,"[14, 17, 9, 2, 7, 16, 5, 18, 10, 3]"
94,91,"[13, 10, 0, 1, 12, 14, 6, 4, 2, 11]"
95,92,"[4, 5, 13, 7, 11, 14, 0, 2, 9, 19]"
96,93,"[1, 19, 7, 17, 2, 9, 6, 14, 15, 0]"
97,94,"[13, 14, 1, 16, 4, 17, 11, 12, 6, 5]"
98,95,"[14, 11, 19, 13, 2, 1, 17, 3, 0, 4]"
99,96,"[12, 14, 16, 19, 7, 9, 6, 0, 5, 15]"
100,97,"[2, 13, 11, 6, 10, 14, 9, 7, 15, 1]"
101,98,"[13, 15, 0, 18, 3, 1, 8, 16, 9, 17]"
102,99,"[5, 18, 1, 17, 16, 3, 2, 14, 19, 13]"
103,100,"[9, 7, 13, 5, 14, 1, 3, 2, 15, 4]"
104,101,"[17, 7, 16, 9, 1, 4, 12, 13, 19, 6]"
105,102,"[9, 11, 16, 13, 1, 12, 8, 7, 4, 10]"
106,103,"[16, 2, 10, 11, 6, 7, 17, 3, 1, 18]"
107,104,"[10, 4, 3, 2, 5, 17, 9, 11, 14, 7]"
108,105,"[2, 12, 5, 8, 10, 1, 17, 3, 11, 0]"
109,106,"[9, 11, 3, 19, 8, 16, 13, 12, 5, 17]"
110,107,"[18, 16, 9, 0, 7, 3, 19, 11, 12, 13]"
111,108,"[4, 2, 5, 8, 14, 17, 16, 19, 15, 6]"
112,109,"[9, 13, 17, 1, 19, 15, 7, 14, 6, 11]"
113,110,"[16, 12, 11, 14, 10, 9, 18, 5, 3, 0]"
114,111,"[6, 19, 7, 10, 17, 4, 13, 9, 2, 5]"
115,112,"[18, 12, 11, 7, 3, 17, 15, 19, 9, 6]"
116,113,"[3, 18, 1, 4, 10, 15, 12, 0, 13, 19]"
117,114,"[9, 6, 0, 7, 10, 3, 14, 11, 8, 17]"
118,115,"[0, 17, 15, 14, 4, 13, 3, 18, 5, 2]"
119,116,"[17, 6, 8, 9, 4, 16, 0, 7, 11, 13]"
120,117,"[4, 1, 14, 13, 10, 6, 2, 18, 7, 17]"
121,118,"[14, 1, 9, 13, 17, 15, 7, 6, 10, 16]"
122,119,"[18, 19, 0, 16, 3, 6, 12, 4, 15, 9]"
123,120,"[1, 5, 8, 2, 15, 13, 18, 4, 0, 6]"
124,121,"[0, 13, 10, 16, 6, 8, 19, 1, 4, 12]"
125,122,"[6, 2, 4, 13, 7, 12, 1, 9, 18, 17]"
126,123,"[10, 7, 19, 11, 15, 12, 4, 0, 17, 3]"
127,124,"[7, 9, 17, 11, 4, 14, 15, 19, 3, 5]"
128,125,"[13, 1, 11, 18, 2, 8, 0, 7, 16, 15]"
129,126,"[17, 4, 10, 18, 19, 15, 16, 11, 8, 6]"
130,127,"[8, 7, 16, 1, 4, 2, 13, 5, 11, 14]"
131,128,"[13, 9, 0, 3, 5, 15, 1, 11, 10, 19]"
132,129,"[0, 5, 1, 6, 15, 16, 17, 12, 9, 11]"
133,130,"[5, 19, 0, 15, 11, 1, 13, 16, 4, 8]"
134,131,"[1, 5, 18, 6, 4, 8, 7, 9, 10, 2]"
135,132,"[11, 18, 10, 5, 4, 0, 14, 2, 9, 12]"
136,133,"[16, 6, 19, 0, 14, 2, 8, 13, 1, 9]"
137,134,"[13, 3, 8, 15, 16, 10, 11, 7, 6, 1]"
138,135,"[14, 10, 15, 18, 4, 0, 3, 17, 6, 7]"
139,136,"[7, 1, 12, 16, 18, 19, 3, 0, 10, 15]"
140,137,"[13, 17, 6, 9, 3, 15, 16, 1, 12, 19]"
141,138,"[10, 1, 17, 19, 18, 14, 5, 3, 0, 12]"
142,139,"[17, 6, 4, 15, 0, 13, 11, 9, 16, 19]"
143,140,"[3, 9, 15, 4, 18, 13, 8, 5, 10, 7]"
144,141,"[7, 1, 18, 4, 19, 9, 8, 17, 16, 11]"
145,142,"[9, 2, 1, 19, 14, 5, 15, 16, 8, 10]"
146,143,"[6, 16, 8, 12, 15, 14, 18, 4, 3, 13]"
147,144,"[2, 19, 15, 6, 12, 3, 14, 9, 11, 7]"
148,145,"[17, 10, 8, 18, 15, 1, 12, 2, 14, 5]"
149,146,"[18, 2, 17, 12, 4, 0, 19, 16, 14, 1]"
150,147,"[5, 3, 6, 18, 1, 7, 14, 0, 9, 4]"
151,148,"[17, 0, 7, 9, 8, 11, 16, 14, 12, 4]"
152,149,"[12, 0, 18, 14, 3, 6, 15, 16, 1, 10]"
153,150,"[15, 16, 17, 19, 0, 3, 13, 18, 11, 9]"
154,151,"[14, 2, 13, 7, 1, 11, 5, 6, 16, 15]"
155,152,"[9, 15, 14, 12, 10, 5, 1, 3, 8, 16]"
156,153,"[7, 10, 5, 2, 19, 9, 15, 0, 14, 1]"
157,154,"[9, 4, 5, 19, 0, 6, 1, 3, 2, 14]"
158,155,"[12, 9, 0, 6, 17, 5, 15, 11, 3, 13]"
159,156,"[12, 13, 17, 18, 15, 8, 3, 0, 19, 2]"
160,157,"[5, 14, 3, 11, 0, 8, 6, 4, 17, 16]"
161,158,"[12, 4, 6, 1, 8, 13, 10, 2, 17, 0]"
162,159,"[17, 1, 9, 18, 2, 16, 3, 5, 14, 7]"
163,160,"[1, 11, 13, 18, 2, 17, 8, 0, 15, 7]"
164,161,"[16, 14, 2, 19, 13, 10, 9, 12, 8, 5]"
165,162,"[12, 6, 16, 18, 0, 9, 19, 2, 8, 13]"
166,163,"[13, 0, 2, 1, 14, 19, 7, 10, 5, 17]"
167,164,"[18, 8, 3, 4, 5, 1, 7, 12, 13, 2]"
168,165,"[15, 19, 8, 4, 7, 6, 5, 16, 17, 9]"
169,166,"[3, 19, 7, 8, 0, 1, 9, 16, 17, 4]"
170,167,"[11, 1, 17, 19, 7, 3, 8, 12, 18, 15]"
171,168,"[12, 19, 16, 15, 18, 2, 1, 14, 4, 0]"
172,169,"[4, 14, 2, 13, 10, 6, 8, 15, 11, 18]"
173,170,"[3, 7, 19, 4, 2, 9, 18, 8, 0, 15]"
174,171,"[13, 4, 19, 17, 10, 7, 12, 3, 1, 5]"
175,172,"[18, 0, 13, 16, 4, 6, 12, 1, 5, 17]"
176,173,"[16, 1, 19, 8, 10, 6, 2, 3, 15, 12]"
177,174,"[8, 16, 15, 2, 18, 12, 4, 6, 19, 13]"
178,175,"[0, 19, 2, 13, 1, 9, 8, 7, 18, 12]"
179,176,"[19, 16, 13, 18, 12, 14, 0, 8, 17, 15]"
180,177,"[9, 0, 13, 14, 5, 3, 12, 8, 2, 18]"
181,178,"[0, 6, 15, 19, 17, 14, 3, 7, 18, 13]"
182,179,"[11, 10, 17, 5, 15, 19, 8, 9, 1, 13]"
183,180,"[15, 1, 12, 5, 9, 4, 19, 7, 10, 11]"
184,181,"[17, 4, 13, 18, 8, 5, 0, 9, 12, 16]"
185,182,"[1, 14, 5, 6, 2, 17, 19, 13, 10, 11]"
186,183,"[11, 7, 19, 17, 12, 1, 18, 9, 2, 5]"
187,184,"[1, 10, 8, 13, 6, 15, 4, 3, 11, 0]"
188,185,"[6, 3, 10, 19, 14, 2, 4, 5, 12, 8]"
189,186,"[18, 1, 15, 3, 19, 13, 9, 5, 7, 2]"
190,187,"[11, 16, 14, 7, 2, 6, 15, 10, 8, 12]"
191,188,"[12, 18, 15, 8, 13, 3, 0, 7, 17, 16]"
192,189,"[5, 2, 14, 15, 3, 18, 1, 17, 9, 10]"
193,190,"[5, 3, 18, 13, 15, 1, 4, 9, 2, 14]"
194,191,"[4, 0, 5, 8, 18, 9, 13, 15, 10, 7]"
195,192,"[0, 11, 16, 14, 19, 7, 9, 17, 8, 13]"
196,193,"[19, 16, 17, 7, 12, 3, 14, 5, 4, 0]"
197,194,"[14, 8, 11, 2, 4, 3, 9, 17, 1, 19]"
198,195,"[3, 16, 2, 10, 9, 14, 0, 15, 8, 11]"
199,196,"[14, 2, 13, 4, 19, 16, 11, 6, 18, 8]"
200,197,"[12, 5, 1, 17, 15, 7, 3, 6, 19, 8]"
201,198,"[17, 3, 8, 4, 18, 12, 2, 5, 15, 1]"
202,199,"[13, 11, 18, 9, 4, 14, 3, 1, 6, 12]"
203,200,"[18, 12, 13, 0, 11, 19, 8, 3, 5, 1]"
204,201,"[18, 1, 0, 9, 3, 15, 7, 14, 4, 16]"
205,202,"[2, 17, 3, 7, 4, 18, 9, 15, 13, 11]"
206,203,"[0, 10, 2, 8, 17, 18, 19, 7, 16, 5]"
207,204,"[4, 2, 12, 14, 7, 6, 18, 5, 1, 10]"
208,205,"[4, 0, 10, 15, 19, 1, 8, 17, 9, 7]"
209,206,"[0, 3, 13, 17, 2, 9, 1, 15, 5, 11]"
210,207,"[0, 2, 4, 17, 10, 8, 15, 11, 3, 5]"
211,208,"[9, 2, 16, 1, 13, 8, 6, 7, 3, 18]"
212,209,"[16, 8, 9, 19, 4, 13, 5, 1, 2, 0]"
213,210,"[19, 1, 15, 14, 9, 12, 3, 13, 18, 4]"
214,211,"[3, 6, 16, 17, 8, 5, 12, 13, 15, 0]"
215,212,"[4, 13, 9, 15, 16, 18, 7, 19, 11, 8]"
216,213,"[11, 13, 16, 7, 15, 3, 19, 5, 8, 6]"
217,214,"[11, 1, 7, 16, 9, 6, 5, 3, 0, 18]"
218,215,"[15, 13, 12, 3, 10, 6, 2, 17, 16, 8]"
219,216,"[2, 0, 12, 9, 17, 7, 1, 15, 6, 4]"
220,217,"[7, 19, 17, 15, 16, 3, 11, 6, 4, 13]"
221,218,"[14, 1, 9, 2, 11, 4, 6, 0, 7, 16]"
222,219,"[9, 10, 19, 2, 5, 4, 0, 1, 7, 11]"
223,220,"[15, 1, 17, 12, 2, 10, 5, 3, 18, 4]"
224,221,"[2, 19, 5, 0, 10, 6, 15, 1, 14, 13]"
225,222,"[3, 19, 5, 0, 11, 16, 15, 14, 9, 1]"
226,223,"[5, 13, 12, 4, 15, 3, 1, 0, 6, 17]"
227,224,"[6, 14, 3, 8, 17, 10, 7, 1, 0, 11]"
228,225,"[13, 9, 11, 18, 10, 5, 17, 4, 0, 15]"
229,226,"[19, 13, 5, 10, 15, 11, 12, 17, 2, 3]"
230,227,"[16, 11, 0, 19, 6, 7, 1, 4, 15, 10]"
231,228,"[17, 5, 10, 19, 9, 1, 0, 16, 11, 2]"
232,229,"[18, 9, 13, 14, 7, 10, 16, 15, 3, 0]"
233,230,"[9, 1, 0, 17, 14, 5, 15, 18, 4, 16]"
234,231,"[9, 10, 5, 15, 4, 3, 18, 7, 0, 14]"
235,232,"[11, 13, 5, 16, 15, 14, 10, 18, 4, 1]"
236,233,"[8, 9, 10, 18, 6, 16, 12, 0, 15, 19]"
237,234,"[10, 5, 7, 1, 16, 4, 12, 2, 18, 9]"
238,235,"[9, 16, 7, 5, 19, 15, 10, 17, 0, 8]"
239,236,"[12, 14, 13, 10, 1, 4, 17, 9, 8, 19]"
240,237,"[18, 16, 15, 13, 0, 4, 2, 10, 12, 9]"
241,238,"[2, 8, 10, 6, 7, 13, 19, 4, 3, 15]"
242,239,"[3, 0, 10, 4, 18, 5, 19, 9, 17, 16]"
243,240,"[3, 6, 11, 7, 16, 17, 5, 8, 13, 1]"
244,241,"[0, 8, 15, 4, 16, 5, 17, 13, 7, 9]"
245,242,"[13, 1, 3, 16, 15, 4, 5, 12, 6, 7]"
246,243,"[0, 14, 7, 8, 3, 19, 16, 1, 12, 2]"
247,244,"[14, 17, 1, 13, 7, 15, 5, 12, 9, 11]"
248,245,"[15, 1, 12, 8, 16, 9, 4, 2, 6, 3]"
249,246,"[7, 17, 1, 16, 3, 18, 14, 12, 6, 8]"
250,247,"[6, 0, 11, 15, 12, 8, 14, 3, 7, 13]"
251,248,"[18, 15, 9, 13, 19, 17, 12, 8, 6, 2]"
252,249,"[0, 12, 7, 10, 3, 9, 5, 8, 11, 15]"
253,250,"[4, 10, 12, 3, 14, 0, 6, 15, 7, 19]"
254,251,"[8, 11, 6, 10, 15, 5, 4, 1, 9, 0]"
255,252,"[16, 10, 17, 9, 14, 6, 1, 4, 13, 0]"
256,253,"[14, 13, 9, 12, 11, 15, 10, 18, 1, 19]"
257,254,"[4, 7, 2, 13, 8, 0, 11, 16, 14, 3]"
258,255,"[12, 17, 6, 10, 15, 4, 9, 14, 8, 13]"
259,256,"[0, 9, 19, 13, 18, 12, 6, 1, 16, 4]"
260,257,"[7, 3, 4, 14, 8, 1, 17, 0, 13, 15]"
261,258,"[1, 8, 2, 3, 14, 6, 10, 15, 5, 12]"
262,259,"[6, 7, 10, 14, 1, 11, 5, 17, 13, 18]"
263,260,"[7, 17, 0, 14, 10, 18, 9, 19, 5, 11]"
264,261,"[11, 10, 12, 19, 1, 6, 0, 16, 14, 7]"
265,262,"[7, 12, 17, 4, 13, 19, 11, 14, 6, 18]"
266,263,"[14, 1, 12, 8, 17, 2, 3, 5, 7, 15]"
267,264,"[2, 16, 12, 6, 19, 9, 14, 18, 7, 8]"
268,265,"[0, 8, 9, 12, 7, 15, 14, 11, 19, 6]"
269,266,"[5, 13, 12, 3, 14, 11, 1, 4, 16, 17]"
270,267,"[14, 12, 1, 8, 3, 9, 13, 6, 18, 7]"
271,268,"[7, 1, 8, 17, 18, 12, 5, 10, 15, 16]"
272,269,"[18, 19, 11, 14, 1, 3, 10, 4, 5, 16]"
273,270,"[12, 15, 5, 7, 13, 8, 18, 4, 0, 10]"
274,271,"[11, 15, 13, 9, 10, 6, 7, 4, 2, 0]"
275,272,"[1, 15, 10, 9, 3, 19, 14, 6, 18, 7]"
276,273,"[17, 19, 16, 0, 6, 14, 9, 18, 5, 11]"
277,274,"[10, 18, 7, 16, 11, 12, 6, 19, 8, 15]"
278,275,"[8, 1, 4, 12, 19, 0, 3, 18, 10, 5]"
279,276,"[6, 17, 12, 0, 2, 13, 9, 16, 19, 5]"
280,277,"[7, 17, 10, 5, 0, 14, 11, 18, 19, 9]"
281,278,"[13, 15, 6, 14, 11, 16, 12, 5, 3, 0]"
282,279,"[19, 9, 3, 1, 0, 2, 18, 13, 6, 7]"
283,280,"[2, 13, 0, 6, 1, 19, 15, 14, 17, 9]"
284,281,"[12, 6, 14, 11, 9, 8, 19, 16, 5, 13]"
285,282,"[12, 17, 3, 9, 0, 10, 18, 4, 15, 6]"
286,283,"[3, 19, 11, 4, 6, 2, 10, 14, 8, 0]"
287,284,"[14, 1, 6, 11, 13, 17, 2, 15, 5, 8]"
288,285,"[4, 15, 0, 10, 3, 18, 13, 7, 16, 17]"
289,286,"[16, 4, 2, 6, 9, 5, 0, 13, 18, 15]"
290,287,"[0, 8, 11, 2, 9, 16, 13, 3, 6, 10]"
291,288,"[8, 14, 1, 16, 4, 13, 15, 5, 2, 18]"
292,289,"[8, 14, 7, 2, 4, 13, 10, 3, 19, 11]"
293,290,"[3, 12, 10, 15, 18, 8, 16, 13, 6, 17]"
294,291,"[0, 8, 19, 7, 6, 14, 3, 17, 5, 10]"
295,292,"[16, 12, 15, 0, 14, 9, 11, 19, 5, 17]"
296,293,"[1, 2, 3, 10, 8, 4, 6, 17, 0, 19]"
297,294,"[19, 5, 3, 14, 6, 17, 4, 11, 9, 16]"
298,295,"[3, 19, 9, 17, 2, 4, 15, 10, 5, 16]"
299,296,"[18, 13, 6, 12, 14, 2, 1, 19, 3, 11]"
300,297,"[6, 7, 12, 1, 2, 10, 13, 17, 19, 11]"
301,298,"[8, 10, 0, 17, 13, 2, 11, 9, 1, 7]"
302,299,"[0, 17, 2, 7, 16, 3, 14, 13, 10, 12]"
303,300,"[12, 18, 7, 10, 8, 3, 11, 15, 0, 9]"
304,301,"[11, 6, 18, 19, 2, 15, 16, 0, 1, 17]"
305,302,"[8, 16, 12, 1, 10, 7, 6, 18, 14, 2]"
306,303,"[6, 15, 8, 3, 9, 7, 12, 0, 16, 5]"
307,304,"[0, 2, 19, 4, 10, 18, 12, 3, 17, 5]"
308,305,"[18, 11, 3, 14, 17, 1, 4, 8, 15, 13]"
309,306,"[15, 2, 0, 5, 3, 6, 11, 1, 9, 17]"
310,307,"[5, 7, 17, 19, 11, 9, 10, 13, 0, 8]"
311,308,"[9, 1, 11, 3, 18, 12, 2, 7, 5, 4]"
312,309,"[4, 13, 18, 6, 2, 16, 8, 7, 19, 11]"
313,310,"[18, 8, 14, 3, 10, 9, 12, 4, 0, 11]"
314,311,"[19, 2, 18, 13, 10, 15, 6, 11, 9, 7]"
315,312,"[1, 9, 3, 17, 0, 6, 14, 2, 4, 16]"
316,313,"[8, 16, 6, 12, 7, 5, 2, 17, 0, 1]"
317,314,"[18, 8, 13, 1, 9, 6, 11, 14, 12, 4]"
318,315,"[6, 15, 12, 17, 10, 19, 2, 18, 7, 13]"
319,316,"[9, 0, 16, 11, 1, 13, 3, 14, 5, 6]"
320,317,"[15, 9, 17, 13, 7, 6, 2, 3, 4, 8]"
321,318,"[3, 2, 7, 1, 18, 5, 13, 10, 16, 6]"
322,319,"[15, 17, 13, 14, 9, 10, 4, 1, 16, 8]"
323,320,"[2, 13, 11, 17, 7, 4, 12, 0, 1, 15]"
324,321,"[14, 7, 6, 0, 9, 11, 19, 18, 13, 15]"
325,322,"[4, 11, 1, 3, 17, 0, 6, 2, 18, 8]"
326,323,"[4, 13, 11, 18, 2, 1, 10, 0, 19, 7]"
327,324,"[4, 9, 5, 2, 6, 17, 19, 0, 3, 18]"
328,325,"[1, 4, 14, 13, 8, 11, 18, 3, 19, 5]"
329,326,"[14, 8, 7, 18, 11, 1, 4, 13, 10, 2]"
330,327,"[12, 9, 5, 16, 2, 10, 18, 11, 13, 3]"
331,328,"[2, 15, 6, 9, 7, 13, 4, 16, 10, 17]"
332,329,"[0, 5, 4, 10, 16, 7, 6, 9, 18, 15]"
333,330,"[1, 3, 17, 2, 13, 0, 4, 18, 9, 19]"
334,331,"[15, 19, 4, 1, 17, 10, 0, 3, 7, 8]"
335,332,"[2, 3, 16, 12, 14, 17, 15, 0, 19, 4]"
336,333,"[12, 14, 0, 2, 16, 3, 19, 8, 9, 15]"
337,334,"[15, 3, 14, 10, 16, 6, 4, 11, 13, 9]"
338,335,"[4, 15, 7, 0, 12, 6, 1, 14, 3, 17]"
339,336,"[11, 18, 17, 19, 7, 15, 9, 4, 3, 6]"
340,337,"[16, 17, 2, 1, 15, 3, 13, 6, 18, 8]"
341,338,"[0, 2, 14, 17, 18, 6, 15, 19, 4, 7]"
342,339,"[9, 15, 18, 10, 5, 1, 11, 4, 16, 8]"
343,340,"[10, 19, 15, 7, 13, 9, 8, 5, 0, 2]"
344,341,"[13, 16, 7, 11, 10, 19, 17, 6, 14, 9]"
345,342,"[5, 19, 15, 0, 6, 17, 9, 7, 8, 12]"
346,343,"[0, 4, 5, 2, 15, 18, 16, 11, 13, 6]"
347,344,"[9, 17, 2, 16, 3, 11, 19, 8, 0, 4]"
348,345,"[0, 19, 2, 6, 18, 3, 17, 7, 12, 15]"
349,346,"[13, 9, 3, 15, 10, 7, 16, 11, 1, 6]"
350,347,"[9, 19, 1, 7, 11, 5, 0, 13, 3, 18]"
351,348,"[8, 4, 10, 14, 5, 11, 6, 7, 15, 9]"
352,349,"[15, 4, 3, 0, 18, 19, 5, 13, 6, 12]"
353,350,"[17, 11, 18, 5, 14, 12, 0, 6, 1, 10]"
354,351,"[5, 12, 19, 17, 16, 4, 7, 18, 0, 10]"
355,352,"[14, 15, 4, 16, 18, 12, 13, 7, 11, 8]"
356,353,"[8, 17, 0, 9, 16, 3, 13, 19, 10, 7]"
357,354,"[14, 13, 9, 10, 8, 17, 1, 3, 18, 7]"
358,355,"[1, 5, 11, 17, 12, 15, 10, 8, 3, 9]"
359,356,"[18, 7, 2, 3, 8, 15, 10, 5, 16, 0]"
360,357,"[11, 9, 3, 13, 6, 14, 0, 18, 12, 16]"
361,358,"[15, 12, 7, 6, 2, 1, 11, 13, 9, 4]"
362,359,"[18, 0, 11, 12, 17, 5, 1, 3, 16, 2]"
363,360,"[2, 16, 19, 0, 12, 9, 18, 8, 11, 15]"
364,361,"[1, 14, 12, 4, 13, 5, 2, 16, 15, 19]"
365,362,"[3, 0, 13, 9, 7, 5, 19, 14, 4, 18]"
366,363,"[18, 11, 10, 5, 16, 1, 2, 15, 12, 17]"
367,364,"[6, 16, 14, 17, 9, 7, 19, 18, 15, 0]"
368,365,"[11, 16, 10, 14, 13, 7, 18, 9, 8, 4]"
369,366,"[12, 16, 10, 15, 8, 17, 7, 6, 19, 3]"
370,367,"[11, 18, 19, 4, 5, 12, 3, 17, 7, 16]"
371,368,"[7, 12, 4, 16, 5, 11, 3, 19, 9, 10]"
372,369,"[15, 19, 17, 12, 14, 18, 1, 16, 0, 13]"
373,370,"[4, 18, 5, 2, 7, 10, 1, 16, 13, 19]"
374,371,"[17, 6, 9, 18, 13, 4, 11, 1, 3, 14]"
375,372,"[0, 11, 12, 1, 18, 10, 14, 5, 9, 16]"
376,373,"[0, 9, 13, 14, 2, 6, 11, 17, 10, 18]"
377,374,"[12, 14, 8, 7, 10, 17, 0, 3, 6, 15]"
378,375,"[6, 9, 17, 14, 13, 19, 0, 8, 16, 10]"
379,376,"[15, 13, 4, 16, 5, 6, 8, 14, 19, 3]"
380,377,"[1, 7, 8, 15, 14, 6, 16, 0, 11, 2]"
381,378,"[15, 18, 8, 17, 14, 3, 9, 19, 11, 4]"
382,379,"[7, 3, 1, 10, 11, 12, 18, 16, 5, 9]"
383,380,"[2, 0, 4, 13, 14, 12, 18, 8, 3, 10]"
384,381,"[9, 14, 4, 8, 1, 10, 11, 2, 12, 16]"
385,382,"[1, 18, 15, 8, 9, 17, 4, 2, 14, 16]"
386,383,"[16, 10, 7, 6, 2, 19, 12, 11, 8, 5]"
387,384,"[6, 9, 12, 0, 14, 17, 15, 18, 2, 4]"
388,385,"[12, 13, 3, 19, 5, 17, 11, 9, 18, 7]"
389,386,"[2, 3, 16, 1, 11, 13, 5, 18, 4, 15]"
390,387,"[2, 19, 11, 10, 4, 3, 6, 5, 9, 13]"
391,388,"[7, 19, 13, 3, 9, 5, 17, 12, 16, 10]"
392,389,"[3, 8, 16, 7, 2, 4, 19, 9, 13, 18]"
393,390,"[19, 8, 10, 4, 13, 0, 7, 5, 16, 15]"
394,391,"[19, 8, 1, 3, 16, 9, 13, 5, 4, 11]"
395,392,"[5, 16, 12, 6, 4, 8, 14, 2, 18, 19]"
396,393,"[10, 16, 12, 17, 18, 13, 11, 15, 0, 14]"
397,394,"[4, 10, 16, 6, 17, 18, 7, 5, 9, 11]"
398,395,"[8, 7, 2, 5, 6, 10, 3, 16, 19, 13]"
399,396,"[7, 8, 17, 18, 9, 4, 3, 2, 15, 13]"
400,397,"[14, 7, 5, 17, 11, 2, 13, 0, 3, 18]"
401,398,"[11, 17, 0, 16, 14, 4, 2, 12, 1, 19]"
402,399,"[6, 9, 10, 18, 14, 15, 3, 8, 19, 11]"
403,400,"[8, 3, 6, 15, 10, 2, 7, 16, 14, 12]"
404,401,"[10, 11, 3, 14, 18, 8, 17, 12, 2, 7]"
405,402,"[13, 4, 15, 14, 7, 11, 12, 9, 17, 19]"
406,403,"[6, 7, 15, 18, 9, 11, 3, 4, 0, 2]"
407,404,"[13, 8, 7, 12, 15, 4, 14, 1, 18, 17]"
408,405,"[13, 5, 2, 3, 18, 16, 4, 19, 8, 0]"
409,406,"[10, 11, 0, 15, 17, 18, 3, 7, 13, 9]"
410,407,"[10, 11, 12, 3, 16, 0, 6, 5, 18, 13]"
411,408,"[14, 15, 1, 11, 7, 0, 17, 3, 12, 10]"
412,409,"[3, 5, 4, 13, 0, 7, 19, 11, 16, 8]"
413,410,"[7, 2, 5, 10, 0, 19, 6, 14, 16, 12]"
414,411,"[18, 14, 9, 12, 5, 3, 11, 4, 13, 8]"
415,412,"[1, 0, 4, 15, 16, 7, 12, 11, 3, 10]"
416,413,"[6, 1, 16, 14, 2, 3, 13, 12, 15, 8]"
417,414,"[7, 8, 6, 3, 5, 17, 19, 2, 0, 1]"
418,415,"[4, 15, 19, 9, 10, 12, 16, 8, 0, 6]"
419,416,"[16, 11, 10, 7, 17, 1, 0, 14, 18, 6]"
420,417,"[10, 3, 14, 1, 4, 6, 12, 19, 16, 0]"
421,418,"[13, 6, 16, 3, 19, 10, 15, 7, 17, 11]"
422,419,"[9, 19, 12, 15, 0, 18, 2, 8, 7, 6]"
423,420,"[15, 10, 1, 12, 19, 3, 5, 13, 2, 6]"
424,421,"[12, 0, 19, 4, 15, 5, 16, 2, 3, 14]"
425,422,"[11, 4, 3, 16, 18, 17, 10, 19, 8, 7]"
426,423,"[9, 15, 0, 11, 12, 2, 1, 19, 3, 18]"
427,424,"[6, 18, 10, 8, 15, 13, 17, 2, 5, 12]"
428,425,"[10, 16, 7, 9, 2, 0, 1, 6, 18, 14]"
429,426,"[16, 17, 2, 8, 4, 11, 5, 9, 3, 13]"
430,427,"[10, 9, 0, 13, 5, 2, 14, 6, 12, 19]"
431,428,"[10, 18, 16, 8, 14, 3, 15, 4, 9, 17]"
432,429,"[2, 11, 16, 18, 4, 7, 1, 8, 9, 17]"
433,430,"[5, 14, 2, 6, 9, 10, 1, 7, 19, 15]"
434,431,"[4, 17, 12, 1, 19, 6, 9, 18, 11, 3]"
435,432,"[14, 8, 15, 10, 17, 3, 12, 6, 0, 13]"
436,433,"[7, 15, 8, 1, 4, 10, 17, 6, 11, 0]"
437,434,"[10, 2, 12, 17, 15, 7, 0, 13, 11, 8]"
438,435,"[16, 11, 7, 12, 14, 18, 17, 10, 1, 15]"
439,436,"[0, 7, 11, 6, 13, 5, 14, 10, 2, 3]"
440,437,"[1, 19, 8, 18, 2, 10, 3, 14, 15, 13]"
441,438,"[6, 4, 2, 3, 5, 13, 1, 11, 17, 14]"
442,439,"[10, 1, 19, 8, 18, 11, 2, 4, 12, 13]"
443,440,"[10, 19, 6, 7, 1, 3, 17, 9, 5, 0]"
444,441,"[0, 6, 18, 2, 7, 12, 17, 8, 4, 19]"
445,442,"[12, 7, 5, 15, 6, 16, 2, 1, 13, 8]"
446,443,"[16, 13, 15, 5, 9, 2, 8, 18, 7, 11]"
447,444,"[13, 12, 10, 15, 4, 2, 17, 7, 19, 18]"
448,445,"[17, 5, 12, 9, 13, 0, 14, 3, 7, 4]"
449,446,"[4, 8, 16, 0, 10, 17, 11, 6, 12, 9]"
450,447,"[4, 15, 1, 2, 5, 17, 19, 8, 6, 10]"
451,448,"[9, 13, 17, 5, 15, 14, 1, 16, 11, 4]"
452,449,"[6, 13, 1, 10, 12, 18, 8, 9, 3, 17]"
453,450,"[13, 7, 0, 1, 15, 6, 10, 17, 18, 8]"
454,451,"[3, 2, 1, 14, 5, 4, 11, 19, 7, 8]"
455,452,"[7, 13, 6, 12, 11, 14, 18, 1, 5, 9]"
456,453,"[12, 10, 5, 11, 18, 14, 19, 0, 3, 6]"
457,454,"[17, 18, 8, 0, 16, 2, 10, 11, 9, 4]"
458,455,"[17, 11, 18, 14, 7, 2, 19, 12, 4, 5]"
459,456,"[6, 11, 2, 18, 0, 17, 13, 3, 10, 12]"
460,457,"[19, 14, 11, 0, 8, 15, 2, 12, 13, 4]"
461,458,"[12, 5, 8, 15, 14, 13, 4, 0, 16, 3]"
462,459,"[18, 15, 12, 6, 7, 8, 16, 14, 11, 10]"
463,460,"[7, 19, 4, 17, 0, 3, 16, 13, 9, 15]"
464,461,"[19, 10, 7, 0, 9, 3, 8, 1, 5, 18]"
465,462,"[1, 14, 6, 3, 13, 11, 9, 2, 0, 18]"
466,463,"[17, 8, 19, 11, 13, 6, 7, 10, 4, 3]"
467,464,"[15, 10, 17, 0, 3, 1, 13, 12, 19, 9]"
468,465,"[10, 13, 11, 9, 1, 2, 0, 8, 6, 18]"
469,466,"[3, 4, 2, 0, 7, 8, 16, 12, 17, 1]"
470,467,"[13, 3, 2, 16, 19, 11, 1, 18, 5, 7]"
471,468,"[16, 18, 0, 3, 5, 10, 8, 12, 6, 7]"
472,469,"[2, 10, 0, 12, 5, 18, 13, 17, 15, 19]"
473,470,"[4, 16, 12, 3, 17, 18, 10, 6, 7, 0]"
474,471,"[5, 18, 3, 19, 6, 0, 12, 4, 9, 13]"
475,472,"[9, 17, 8, 15, 2, 0, 11, 6, 19, 7]"
476,473,"[0, 17, 10, 5, 3, 18, 9, 4, 11, 7]"
477,474,"[4, 9, 8, 12, 2, 5, 18, 19, 10, 7]"
478,475,"[5, 4, 2, 15, 11, 8, 0, 14, 19, 13]"
479,476,"[0, 8, 6, 13, 3, 18, 11, 15, 5, 9]"
480,477,"[19, 1, 4, 11, 15, 6, 3, 16, 5, 7]"
481,478,"[3, 6, 7, 18, 15, 1, 12, 19, 4, 10]"
482,479,"[4, 15, 8, 6, 18, 17, 0, 3, 2, 1]"
483,480,"[8, 14, 1, 16, 5, 10, 15, 4, 6, 11]"
484,481,"[12, 0, 8, 5, 9, 14, 11, 6, 4, 18]"
485,482,"[17, 15, 2, 9, 6, 0, 7, 11, 5, 12]"
486,483,"[7, 17, 12, 3, 0, 19, 14, 18, 6, 16]"
487,484,"[13, 10, 3, 12, 7, 19, 8, 18, 5, 15]"
488,485,"[7, 11, 5, 3, 6, 8, 13, 10, 15, 17]"
489,486,"[18, 10, 7, 9, 14, 4, 19, 5, 15, 8]"
490,487,"[1, 17, 19, 3, 4, 5, 10, 18, 7, 6]"
491,488,"[9, 13, 6, 7, 1, 15, 10, 3, 4, 16]"
492,489,"[7, 6, 3, 0, 13, 2, 9, 8, 18, 12]"
493,490,"[5, 14, 18, 13, 16, 2, 7, 6, 8, 9]"
494,491,"[11, 3, 15, 4, 13, 6, 12, 14, 16, 1]"
495,492,"[6, 10, 13, 18, 19, 0, 4, 7, 17, 11]"
496,493,"[0, 5, 8, 3, 15, 7, 4, 10, 17, 14]"
497,494,"[15, 8, 0, 19, 18, 14, 5, 2, 3, 10]"
498,495,"[8, 12, 11, 7, 5, 18, 16, 9, 17, 10]"
499,496,"[11, 14, 15, 3, 1, 13, 10, 2, 5, 17]"
500,497,"[19, 10, 5, 0, 16, 17, 1, 4, 15, 8]"
501,498,"[11, 19, 0, 16, 17, 3, 18, 13, 6, 5]"
502,499,"[17, 13, 1, 7, 9, 0, 15, 3, 5, 2]"
503,500,"[7, 5, 13, 16, 1, 6, 17, 11, 2, 8]"
504,501,"[13, 6, 11, 17, 5, 19, 0, 15, 10, 7]"
505,502,"[5, 6, 19, 10, 18, 17, 12, 14, 11, 16]"
506,503,"[1, 0, 10, 13, 9, 16, 5, 8, 19, 2]"
507,504,"[5, 15, 19, 13, 0, 18, 12, 1, 4, 16]"
508,505,"[11, 15, 6, 13, 8, 4, 17, 5, 7, 0]"
509,506,"[11, 0, 5, 19, 16, 4, 17, 12, 15, 1]"
510,507,"[12, 9, 19, 16, 6, 18, 3, 11, 13, 5]"
511,508,"[14, 13, 3, 15, 10, 9, 19, 7, 0, 6]"
512,509,"[15, 10, 0, 6, 14, 9, 19, 13, 7, 1]"
513,510,"[19, 17, 18, 11, 0, 14, 5, 8, 9, 4]"
514,511,"[2, 10, 16, 14, 1, 8, 5, 4, 3, 17]"
515,512,"[17, 4, 5, 16, 11, 1, 13, 14, 10, 19]"
516,513,"[17, 13, 16, 19, 15, 9, 5, 4, 7, 14]"
517,514,"[18, 0, 1, 8, 4, 15, 16, 6, 5, 7]"
518,515,"[14, 9, 13, 15, 4, 11, 7, 16, 0, 6]"
519,516,"[10, 8, 6, 17, 9, 12, 18, 3, 1, 14]"
520,517,"[1, 14, 4, 17, 12, 8, 13, 11, 2, 7]"
521,518,"[12, 18, 14, 15, 6, 5, 2, 17, 13, 7]"
522,519,"[14, 19, 2, 5, 17, 3, 10, 13, 12, 11]"
523,520,"[13, 10, 17, 0, 12, 8, 4, 1, 14, 11]"
524,521,"[8, 13, 19, 1, 10, 6, 14, 11, 0, 9]"
525,522,"[4, 11, 8, 6, 3, 5, 19, 1, 12, 14]"
526,523,"[15, 4, 2, 6, 12, 3, 13, 9, 1, 14]"
527,524,"[10, 18, 16, 12, 1, 0, 15, 7, 17, 8]"
528,525,"[5, 1, 10, 18, 0, 14, 2, 7, 15, 6]"
529,526,"[4, 14, 2, 15, 1, 11, 3, 8, 16, 12]"
530,527,"[19, 13, 9, 7, 18, 6, 12, 0, 1, 2]"
531,528,"[15, 6, 3, 11, 13, 19, 10, 2, 9, 7]"
532,529,"[2, 9, 14, 11, 3, 12, 10, 15, 5, 19]"
533,530,"[0, 9, 16, 13, 6, 5, 14, 18, 3, 1]"
534,531,"[2, 4, 3, 16, 7, 11, 10, 14, 6, 18]"
535,532,"[6, 3, 1, 7, 10, 5, 12, 0, 17, 18]"
536,533,"[6, 12, 5, 3, 0, 10, 17, 13, 8, 1]"
537,534,"[11, 15, 5, 13, 14, 12, 3, 6, 10, 18]"
538,535,"[7, 14, 0, 1, 6, 3, 2, 15, 8, 16]"
539,536,"[15, 8, 0, 10, 6, 7, 11, 1, 16, 9]"
540,537,"[9, 12, 18, 15, 8, 5, 13, 19, 1, 7]"
541,538,"[13, 17, 1, 14, 7, 4, 9, 8, 5, 19]"
542,539,"[2, 3, 13, 5, 18, 0, 14, 11, 4, 16]"
543,540,"[10, 7, 9, 13, 16, 0, 1, 8, 6, 15]"
544,541,"[6, 8, 13, 19, 3, 18, 4, 0, 9, 15]"
545,542,"[18, 2, 16, 4, 15, 1, 13, 6, 0, 9]"
546,543,"[9, 10, 15, 1, 14, 2, 17, 16, 13, 0]"
547,544,"[4, 16, 19, 15, 1, 18, 10, 13, 7, 9]"
548,545,"[0, 16, 4, 7, 5, 9, 12, 10, 14, 6]"
549,546,"[1, 3, 6, 2, 0, 11, 7, 4, 16, 14]"
550,547,"[8, 4, 18, 2, 1, 6, 14, 11, 16, 15]"
551,548,"[14, 0, 18, 4, 6, 17, 19, 16, 15, 13]"
552,549,"[6, 19, 11, 15, 14, 7, 4, 9, 3, 13]"
553,550,"[17, 16, 6, 13, 14, 10, 19, 7, 8, 3]"
554,551,"[8, 17, 14, 13, 2, 7, 6, 0, 19, 1]"
555,552,"[0, 2, 19, 4, 1, 18, 13, 16, 7, 11]"
556,553,"[18, 16, 0, 5, 6, 14, 7, 12, 13, 10]"
557,554,"[7, 12, 15, 19, 3, 11, 5, 2, 8, 13]"
558,555,"[7, 17, 18, 11, 4, 16, 19, 6, 5, 1]"
559,556,"[8, 16, 9, 15, 4, 12, 13, 19, 10, 11]"
560,557,"[8, 16, 6, 1, 3, 4, 13, 5, 18, 9]"
561,558,"[5, 1, 0, 15, 4, 7, 14, 8, 19, 3]"
562,559,"[19, 0, 12, 17, 8, 6, 16, 11, 7, 13]"
563,560,"[2, 11, 3, 10, 9, 17, 0, 1, 12, 7]"
564,561,"[1, 15, 0, 17, 4, 7, 12, 16, 13, 6]"
565,562,"[13, 18, 5, 15, 19, 7, 0, 3, 9, 8]"
566,563,"[3, 11, 5, 18, 12, 8, 17, 16, 14, 6]"
567,564,"[14, 16, 8, 15, 3, 13, 17, 7, 11, 5]"
568,565,"[11, 9, 13, 6, 19, 2, 3, 16, 18, 8]"
569,566,"[8, 0, 3, 4, 13, 16, 9, 19, 5, 15]"
570,567,"[3, 0, 15, 16, 5, 2, 18, 6, 12, 7]"
571,568,"[10, 1, 16, 4, 0, 5, 6, 9, 11, 15]"
572,569,"[4, 3, 2, 5, 7, 9, 8, 16, 1, 18]"
573,570,"[5, 2, 4, 1, 3, 8, 16, 10, 14, 9]"
574,571,"[18, 17, 10, 4, 2, 19, 0, 12, 9, 14]"
575,572,"[18, 14, 15, 6, 19, 17, 13, 1, 7, 12]"
576,573,"[16, 6, 7, 19, 0, 18, 1, 12, 2, 13]"
577,574,"[16, 3, 9, 14, 1, 4, 8, 13, 5, 0]"
578,575,"[11, 16, 19, 13, 8, 9, 18, 10, 17, 2]"
579,576,"[9, 17, 6, 4, 10, 16, 5, 3, 13, 0]"
580,577,"[17, 7, 8, 15, 13, 16, 0, 1, 10, 4]"
581,578,"[3, 2, 1, 12, 14, 0, 6, 9, 10, 7]"
582,579,"[1, 9, 15, 7, 16, 2, 14, 19, 8, 0]"
583,580,"[14, 17, 19, 7, 9, 11, 6, 16, 12, 10]"
584,581,"[7, 14, 13, 16, 5, 15, 4, 12, 10, 8]"
585,582,"[7, 17, 4, 5, 13, 15, 16, 9, 1, 10]"
586,583,"[4, 1, 9, 18, 8, 6, 7, 13, 10, 3]"
587,584,"[17, 6, 4, 10, 12, 19, 1, 3, 18, 14]"
588,585,"[1, 19, 2, 7, 9, 12, 4, 5, 15, 3]"
589,586,"[2, 8, 12, 5, 10, 11, 6, 3, 19, 13]"
590,587,"[17, 3, 0, 19, 2, 18, 16, 7, 15, 11]"
591,588,"[10, 12, 16, 4, 18, 8, 7, 17, 1, 15]"
592,589,"[15, 4, 14, 5, 1, 2, 18, 7, 6, 13]"
593,590,"[9, 3, 19, 8, 12, 10, 6, 17, 11, 4]"
594,591,"[6, 17, 7, 11, 9, 15, 10, 5, 4, 18]"
595,592,"[15, 8, 12, 16, 14, 6, 7, 4, 1, 17]"
596,593,"[10, 2, 5, 12, 1, 15, 16, 13, 7, 18]"
597,594,"[3, 17, 18, 8, 4, 13, 12, 7, 19, 2]"
598,595,"[17, 12, 0, 6, 5, 16, 1, 19, 7, 4]"
599,596,"[4, 10, 11, 8, 17, 9, 6, 12, 5, 13]"
600,597,"[13, 16, 0, 19, 5, 1, 6, 18, 7, 12]"
601,598,"[7, 19, 14, 5, 6, 12, 10, 17, 8, 9]"
602,599,"[2, 17, 11, 6, 10, 12, 0, 1, 7, 8]"
603,600,"[9, 2, 11, 1, 15, 14, 7, 18, 3, 5]"
604,601,"[18, 13, 2, 7, 4, 17, 14, 0, 11, 5]"
605,602,"[7, 0, 12, 1, 6, 8, 4, 15, 11, 16]"
606,603,"[18, 19, 12, 5, 6, 10, 16, 2, 1, 11]"
607,604,"[7, 13, 17, 9, 4, 10, 14, 19, 2, 1]"
608,605,"[12, 0, 9, 16, 1, 10, 19, 2, 17, 8]"
609,606,"[3, 16, 6, 7, 19, 12, 11, 17, 0, 18]"
610,607,"[14, 13, 2, 19, 5, 15, 7, 9, 4, 3]"
611,608,"[2, 14, 12, 1, 4, 7, 13, 11, 10, 0]"
612,609,"[5, 9, 4, 13, 10, 3, 8, 11, 0, 2]"
613,610,"[3, 0, 7, 16, 1, 13, 12, 10, 14, 18]"
614,611,"[8, 13, 18, 4, 9, 16, 1, 3, 15, 5]"
615,612,"[18, 7, 4, 13, 1, 19, 9, 0, 15, 12]"
616,613,"[1, 7, 15, 2, 8, 14, 17, 18, 12, 16]"
617,614,"[10, 9, 6, 0, 15, 8, 14, 2, 5, 18]"
618,615,"[2, 3, 1, 9, 6, 4, 11, 17, 0, 18]"
619,616,"[14, 1, 7, 15, 6, 19, 18, 2, 16, 17]"
620,617,"[4, 17, 13, 0, 12, 1, 18, 3, 15, 11]"
621,618,"[8, 12, 3, 11, 0, 2, 10, 6, 16, 9]"
622,619,"[12, 10, 3, 6, 11, 18, 0, 19, 13, 8]"
623,620,"[3, 4, 13, 12, 1, 6, 11, 14, 8, 18]"
624,621,"[12, 19, 7, 9, 8, 1, 5, 15, 6, 18]"
625,622,"[14, 10, 16, 6, 4, 19, 0, 2, 8, 1]"
626,623,"[16, 19, 1, 10, 5, 13, 6, 9, 11, 0]"
627,624,"[3, 14, 2, 9, 13, 1, 7, 4, 15, 6]"
628,625,"[0, 12, 19, 11, 6, 4, 16, 2, 9, 3]"
629,626,"[17, 7, 8, 12, 13, 16, 2, 1, 3, 10]"
630,627,"[4, 14, 10, 12, 11, 7, 5, 15, 6, 3]"
631,628,"[18, 4, 5, 6, 16, 0, 3, 19, 9, 10]"
632,629,"[2, 13, 11, 14, 4, 16, 18, 6, 7, 19]"
633,630,"[8, 16, 1, 5, 12, 3, 18, 14, 4, 9]"
634,631,"[6, 13, 19, 14, 15, 16, 17, 1, 12, 0]"
635,632,"[3, 8, 15, 4, 17, 6, 14, 19, 13, 5]"
636,633,"[6, 18, 14, 9, 13, 1, 4, 19, 10, 15]"
637,634,"[6, 11, 3, 17, 12, 2, 14, 5, 18, 10]"
638,635,"[18, 13, 10, 19, 2, 7, 15, 1, 9, 11]"
639,636,"[7, 17, 1, 12, 6, 3, 5, 16, 2, 11]"
640,637,"[11, 17, 19, 10, 7, 8, 1, 14, 6, 4]"
641,638,"[1, 9, 8, 12, 0, 3, 19, 13, 15, 6]"
642,639,"[1, 5, 18, 11, 9, 7, 2, 19, 15, 14]"
643,640,"[6, 14, 4, 12, 3, 11, 19, 8, 10, 18]"
644,641,"[16, 0, 10, 4, 1, 5, 9, 15, 13, 6]"
645,642,"[4, 12, 7, 2, 11, 14, 6, 10, 8, 13]"
646,643,"[15, 2, 13, 11, 16, 9, 1, 7, 10, 4]"
647,644,"[12, 3, 7, 10, 13, 2, 9, 1, 8, 14]"
648,645,"[15, 2, 3, 1, 7, 10, 16, 9, 12, 8]"
649,646,"[0, 9, 16, 2, 11, 18, 12, 10, 3, 15]"
650,647,"[17, 16, 18, 7, 12, 19, 3, 4, 5, 8]"
651,648,"[15, 18, 12, 4, 14, 11, 7, 3, 6, 16]"
652,649,"[5, 16, 15, 9, 17, 8, 13, 10, 6, 2]"
653,650,"[13, 10, 9, 6, 17, 12, 0, 15, 11, 5]"
654,651,"[16, 12, 13, 2, 17, 10, 8, 19, 11, 6]"
655,652,"[6, 10, 13, 8, 4, 16, 15, 19, 0, 2]"
656,653,"[2, 19, 1, 13, 7, 12, 3, 4, 11, 5]"
657,654,"[13, 0, 6, 12, 9, 1, 17, 11, 8, 2]"
658,655,"[10, 8, 4, 12, 11, 17, 7, 6, 9, 13]"
659,656,"[16, 0, 1, 11, 18, 10, 4, 15, 14, 7]"
660,657,"[13, 18, 19, 11, 7, 8, 5, 17, 12, 3]"
661,658,"[18, 3, 6, 14, 5, 12, 2, 10, 11, 19]"
662,659,"[13, 8, 6, 19, 5, 9, 1, 12, 7, 3]"
663,660,"[18, 6, 16, 10, 2, 3, 0, 19, 14, 13]"
664,661,"[12, 18, 14, 4, 7, 0, 17, 15, 5, 1]"
665,662,"[14, 2, 7, 3, 19, 9, 11, 8, 18, 1]"
666,663,"[18, 10, 9, 2, 14, 8, 0, 16, 5, 11]"
667,664,"[17, 19, 11, 12, 10, 14, 15, 16, 8, 7]"
668,665,"[3, 19, 4, 13, 14, 8, 1, 15, 0, 16]"
669,666,"[6, 13, 12, 8, 1, 2, 10, 11, 5, 16]"
670,667,"[8, 16, 13, 1, 11, 2, 7, 10, 6, 15]"
671,668,"[17, 7, 10, 5, 1, 14, 15, 19, 16, 6]"
672,669,"[12, 8, 1, 2, 6, 19, 4, 18, 15, 16]"
673,670,"[2, 16, 18, 15, 0, 4, 19, 11, 7, 14]"
674,671,"[8, 11, 10, 1, 5, 7, 4, 15, 2, 13]"
675,672,"[15, 13, 8, 4, 9, 6, 11, 16, 5, 7]"
676,673,"[19, 18, 1, 12, 0, 16, 4, 17, 13, 2]"
677,674,"[6, 1, 9, 14, 10, 11, 15, 12, 2, 17]"
678,675,"[0, 9, 10, 12, 13, 2, 6, 4, 7, 15]"
679,676,"[11, 7, 16, 2, 5, 6, 17, 18, 19, 12]"
680,677,"[12, 8, 10, 6, 4, 9, 17, 5, 11, 0]"
681,678,"[2, 1, 13, 10, 15, 8, 19, 16, 0, 5]"
682,679,"[18, 9, 2, 3, 12, 14, 7, 0, 1, 8]"
683,680,"[14, 10, 13, 11, 19, 17, 3, 6, 8, 0]"
684,681,"[17, 7, 4, 13, 19, 6, 9, 15, 1, 2]"
685,682,"[2, 7, 12, 19, 1, 6, 18, 15, 9, 14]"
686,683,"[0, 15, 5, 9, 1, 4, 10, 13, 16, 2]"
687,684,"[19, 4, 14, 13, 12, 10, 11, 1, 8, 9]"
688,685,"[7, 18, 2, 5, 16, 8, 9, 4, 15, 19]"
689,686,"[15, 11, 12, 1, 16, 5, 8, 18, 17, 6]"
690,687,"[2, 10, 5, 15, 1, 4, 3, 18, 16, 7]"
691,688,"[1, 10, 14, 18, 5, 17, 13, 4, 0, 6]"
692,689,"[1, 0, 2, 11, 4, 7, 16, 14, 10, 9]"
693,690,"[6, 4, 10, 17, 7, 13, 1, 0, 5, 14]"
694,691,"[4, 3, 14, 0, 13, 17, 18, 7, 16, 2]"
695,692,"[9, 0, 15, 19, 8, 5, 18, 6, 7, 12]"
696,693,"[6, 13, 4, 7, 10, 1, 12, 15, 11, 18]"
697,694,"[7, 13, 18, 16, 1, 12, 4, 11, 14, 19]"
698,695,"[15, 1, 10, 3, 14, 16, 18, 9, 6, 11]"
699,696,"[8, 17, 15, 14, 0, 11, 3, 1, 16, 9]"
700,697,"[10, 6, 5, 19, 13, 17, 18, 14, 8, 15]"
701,698,"[17, 1, 13, 6, 3, 5, 9, 0, 12, 11]"
702,699,"[7, 19, 11, 18, 1, 9, 2, 6, 5, 10]"
703,700,"[3, 15, 0, 6, 12, 7, 8, 2, 1, 5]"
704,701,"[11, 12, 4, 7, 6, 2, 13, 16, 19, 10]"
705,702,"[14, 3, 8, 0, 9, 1, 13, 16, 2, 7]"
706,703,"[2, 9, 5, 6, 8, 13, 16, 1, 11, 7]"
707,704,"[10, 2, 13, 15, 0, 18, 12, 14, 9, 8]"
708,705,"[14, 0, 4, 1, 11, 10, 12, 13, 2, 18]"
709,706,"[17, 0, 7, 10, 13, 3, 5, 19, 14, 1]"
710,707,"[6, 15, 2, 12, 19, 4, 17, 14, 8, 18]"
711,708,"[2, 16, 11, 0, 7, 9, 17, 3, 10, 5]"
712,709,"[0, 15, 4, 16, 7, 11, 1, 10, 18, 12]"
713,710,"[14, 5, 19, 12, 7, 17, 3, 11, 4, 18]"
714,711,"[3, 16, 8, 15, 14, 5, 4, 2, 0, 18]"
715,712,"[10, 15, 17, 11, 12, 18, 1, 14, 3, 2]"
716,713,"[4, 5, 12, 13, 7, 11, 15, 0, 16, 9]"
717,714,"[13, 10, 14, 19, 15, 7, 12, 8, 11, 6]"
718,715,"[1, 2, 3, 15, 7, 14, 5, 19, 9, 13]"
719,716,"[17, 7, 14, 4, 12, 10, 0, 3, 11, 6]"
720,717,"[11, 13, 5, 16, 10, 4, 0, 7, 2, 15]"
721,718,"[3, 2, 5, 1, 0, 10, 8, 13, 17, 15]"
722,719,"[5, 3, 6, 15, 10, 8, 4, 9, 0, 17]"
723,720,"[1, 14, 16, 9, 8, 11, 7, 17, 15, 3]"
724,721,"[14, 17, 10, 19, 11, 13, 12, 2, 0, 6]"
725,722,"[19, 10, 11, 9, 3, 12, 15, 4, 14, 5]"
726,723,"[19, 11, 3, 1, 0, 7, 16, 6, 12, 15]"
727,724,"[5, 8, 18, 11, 6, 7, 19, 3, 9, 2]"
728,725,"[11, 4, 6, 15, 16, 19, 8, 13, 7, 12]"
729,726,"[0, 12, 9, 17, 5, 16, 14, 15, 4, 7]"
730,727,"[11, 12, 6, 15, 5, 2, 3, 18, 0, 7]"
731,728,"[10, 4, 12, 11, 16, 5, 15, 2, 19, 13]"
732,729,"[10, 12, 16, 17, 1, 0, 4, 11, 6, 15]"
733,730,"[9, 15, 19, 7, 3, 2, 13, 4, 17, 11]"
734,731,"[19, 0, 3, 11, 16, 17, 7, 14, 2, 8]"
735,732,"[2, 3, 16, 10, 17, 5, 9, 6, 18, 14]"
736,733,"[14, 13, 11, 19, 6, 1, 16, 8, 15, 7]"
737,734,"[18, 12, 6, 9, 17, 14, 15, 8, 2, 7]"
738,735,"[3, 2, 7, 13, 6, 1, 19, 8, 18, 15]"
739,736,"[15, 9, 16, 13, 19, 5, 3, 2, 17, 10]"
740,737,"[9, 17, 14, 18, 3, 6, 10, 19, 13, 5]"
741,738,"[17, 8, 1, 6, 13, 16, 4, 2, 10, 19]"
742,739,"[2, 0, 17, 3, 4, 11, 15, 14, 7, 9]"
743,740,"[16, 10, 0, 18, 1, 5, 6, 17, 15, 11]"
744,741,"[14, 16, 15, 1, 5, 9, 6, 7, 18, 19]"
745,742,"[11, 5, 18, 14, 1, 9, 15, 3, 2, 8]"
746,743,"[12, 8, 13, 14, 2, 16, 6, 0, 1, 7]"
747,744,"[6, 19, 3, 11, 18, 4, 17, 8, 1, 14]"
748,745,"[19, 0, 17, 16, 13, 6, 12, 11, 1, 14]"
749,746,"[10, 5, 9, 18, 7, 14, 19, 2, 1, 16]"
750,747,"[7, 19, 8, 2, 12, 3, 17, 18, 14, 10]"
751,748,"[4, 0, 5, 1, 12, 14, 19, 3, 18, 8]"
752,749,"[4, 18, 0, 19, 7, 6, 5, 11, 13, 15]"
753,750,"[1, 16, 3, 8, 17, 7, 4, 15, 5, 0]"
754,751,"[7, 11, 8, 5, 2, 1, 10, 0, 19, 6]"
755,752,"[5, 13, 14, 7, 18, 9, 4, 11, 19, 8]"
756,753,"[4, 19, 12, 10, 3, 6, 8, 15, 5, 2]"
757,754,"[8, 16, 4, 14, 6, 5, 19, 12, 18, 7]"
758,755,"[19, 5, 3, 15, 7, 6, 16, 1, 4, 18]"
759,756,"[4, 16, 10, 18, 0, 2, 3, 14, 15, 12]"
760,757,"[19, 2, 8, 1, 3, 14, 5, 11, 15, 13]"
761,758,"[2, 4, 3, 10, 9, 17, 6, 0, 14, 16]"
762,759,"[1, 18, 4, 12, 14, 7, 5, 2, 16, 11]"
763,760,"[11, 18, 19, 12, 3, 0, 10, 13, 15, 4]"
764,761,"[14, 7, 6, 5, 17, 18, 13, 8, 11, 3]"
765,762,"[9, 12, 19, 15, 16, 1, 6, 5, 0, 11]"
766,763,"[5, 3, 0, 19, 1, 6, 17, 2, 8, 18]"
767,764,"[18, 15, 16, 2, 4, 0, 6, 5, 8, 1]"
768,765,"[1, 5, 17, 6, 12, 4, 8, 18, 3, 13]"
769,766,"[7, 0, 19, 18, 1, 3, 4, 17, 5, 9]"
770,767,"[19, 12, 18, 1, 2, 4, 6, 15, 9, 13]"
771,768,"[4, 14, 15, 7, 11, 2, 19, 17, 0, 12]"
772,769,"[2, 0, 17, 19, 16, 11, 18, 10, 9, 5]"
773,770,"[11, 1, 17, 0, 3, 14, 5, 15, 16, 2]"
774,771,"[12, 8, 4, 10, 1, 17, 19, 14, 11, 9]"
775,772,"[10, 19, 13, 7, 16, 6, 11, 12, 2, 4]"
776,773,"[11, 3, 10, 2, 6, 9, 17, 19, 15, 14]"
777,774,"[0, 17, 3, 10, 12, 4, 8, 6, 14, 1]"
778,775,"[4, 3, 18, 6, 12, 5, 11, 2, 1, 17]"
779,776,"[16, 3, 10, 7, 14, 8, 5, 4, 9, 15]"
780,777,"[12, 14, 4, 15, 2, 7, 6, 1, 3, 10]"
781,778,"[13, 19, 7, 15, 0, 11, 18, 5, 17, 2]"
782,779,"[3, 11, 17, 19, 13, 10, 14, 2, 0, 5]"
783,780,"[13, 18, 4, 11, 19, 2, 5, 10, 6, 7]"
784,781,"[12, 4, 6, 3, 15, 10, 2, 1, 8, 5]"
785,782,"[18, 7, 9, 4, 5, 10, 2, 13, 8, 6]"
786,783,"[4, 10, 15, 12, 5, 8, 6, 14, 9, 0]"
787,784,"[2, 6, 10, 15, 14, 11, 13, 5, 8, 12]"
788,785,"[11, 2, 12, 7, 1, 18, 19, 3, 6, 8]"
789,786,"[1, 19, 8, 4, 7, 14, 13, 12, 11, 17]"
790,787,"[19, 12, 4, 16, 7, 3, 11, 5, 6, 13]"
791,788,"[13, 2, 12, 19, 9, 18, 16, 3, 0, 15]"
792,789,"[5, 4, 10, 17, 18, 13, 11, 1, 8, 14]"
793,790,"[12, 0, 15, 4, 18, 19, 16, 8, 6, 13]"
794,791,"[7, 11, 12, 16, 19, 1, 2, 3, 15, 0]"
795,792,"[13, 8, 11, 0, 7, 4, 16, 17, 9, 1]"
796,793,"[0, 8, 5, 17, 18, 4, 15, 16, 12, 14]"
797,794,"[14, 8, 15, 11, 19, 16, 6, 3, 18, 2]"
798,795,"[5, 9, 2, 13, 8, 4, 7, 19, 6, 14]"
799,796,"[19, 3, 8, 9, 6, 15, 0, 2, 7, 13]"
800,797,"[13, 0, 6, 7, 12, 5, 4, 10, 15, 16]"
801,798,"[11, 14, 0, 16, 3, 18, 19, 9, 1, 4]"
802,799,"[8, 10, 16, 13, 9, 11, 4, 2, 17, 15]"
803,800,"[4, 14, 13, 2, 3, 8, 17, 7, 1, 9]"
804,801,"[14, 6, 11, 2, 0, 15, 10, 18, 7, 4]"
805,802,"[11, 9, 3, 16, 13, 6, 7, 15, 12, 0]"
806,803,"[9, 1, 8, 2, 4, 6, 11, 3, 18, 7]"
807,804,"[2, 8, 18, 9, 0, 17, 13, 15, 3, 6]"
808,805,"[10, 17, 7, 4, 18, 3, 12, 16, 8, 6]"
809,806,"[8, 9, 15, 3, 16, 19, 12, 11, 18, 14]"
810,807,"[14, 6, 12, 17, 15, 8, 4, 13, 10, 11]"
811,808,"[0, 5, 12, 16, 13, 8, 11, 6, 9, 3]"
812,809,"[13, 10, 16, 14, 0, 4, 19, 9, 2, 7]"
813,810,"[4, 11, 2, 0, 16, 3, 5, 17, 8, 15]"
814,811,"[15, 14, 4, 9, 11, 10, 1, 5, 2, 16]"
815,812,"[1, 9, 17, 8, 13, 10, 4, 15, 3, 11]"
816,813,"[19, 17, 13, 1, 7, 10, 16, 2, 8, 4]"
817,814,"[12, 3, 13, 9, 16, 10, 4, 14, 2, 18]"
818,815,"[11, 6, 0, 14, 7, 13, 1, 15, 16, 18]"
819,816,"[1, 9, 3, 2, 10, 8, 13, 0, 11, 12]"
820,817,"[3, 5, 13, 9, 2, 4, 7, 15, 12, 11]"
821,818,"[4, 5, 0, 13, 8, 9, 15, 19, 2, 14]"
822,819,"[8, 16, 2, 12, 13, 3, 17, 18, 10, 11]"
823,820,"[6, 9, 11, 19, 2, 17, 0, 12, 16, 14]"
824,821,"[1, 12, 4, 19, 0, 7, 2, 13, 18, 3]"
825,822,"[5, 7, 8, 16, 2, 18, 10, 1, 3, 17]"
826,823,"[10, 17, 6, 3, 2, 11, 14, 18, 19, 9]"
827,824,"[13, 6, 14, 16, 3, 7, 0, 18, 12, 10]"
828,825,"[1, 4, 7, 11, 15, 0, 9, 18, 6, 16]"
829,826,"[10, 15, 6, 3, 8, 0, 2, 14, 5, 19]"
830,827,"[15, 12, 1, 13, 5, 4, 19, 3, 14, 16]"
831,828,"[11, 4, 2, 17, 12, 5, 18, 19, 14, 0]"
832,829,"[5, 11, 7, 2, 1, 3, 17, 14, 0, 18]"
833,830,"[5, 3, 17, 2, 6, 4, 7, 16, 19, 15]"
834,831,"[1, 11, 15, 2, 6, 13, 4, 12, 18, 7]"
835,832,"[8, 7, 9, 3, 6, 1, 5, 17, 10, 18]"
836,833,"[17, 11, 8, 9, 0, 3, 16, 7, 18, 15]"
837,834,"[6, 11, 8, 7, 0, 15, 19, 12, 3, 13]"
838,835,"[12, 17, 11, 16, 18, 3, 14, 4, 13, 6]"
839,836,"[19, 14, 5, 13, 8, 7, 11, 9, 3, 12]"
840,837,"[3, 11, 2, 1, 5, 7, 6, 13, 14, 18]"
841,838,"[13, 16, 19, 4, 17, 5, 9, 12, 8, 14]"
842,839,"[1, 12, 13, 19, 4, 14, 3, 18, 9, 15]"
843,840,"[0, 3, 17, 18, 12, 8, 7, 9, 2, 19]"
844,841,"[13, 18, 9, 17, 2, 5, 16, 1, 12, 6]"
845,842,"[9, 5, 0, 18, 1, 13, 14, 17, 8, 12]"
846,843,"[2, 1, 0, 3, 7, 9, 19, 16, 4, 13]"
847,844,"[2, 5, 12, 11, 16, 15, 14, 3, 9, 13]"
848,845,"[1, 3, 12, 6, 15, 4, 7, 10, 8, 13]"
849,846,"[4, 3, 10, 18, 12, 7, 15, 16, 5, 13]"
850,847,"[1, 17, 12, 19, 0, 9, 8, 10, 11, 6]"
851,848,"[18, 14, 16, 6, 5, 10, 2, 13, 8, 3]"
852,849,"[11, 18, 7, 10, 12, 0, 3, 14, 1, 8]"
853,850,"[7, 14, 10, 2, 13, 9, 3, 16, 6, 17]"
854,851,"[8, 11, 17, 1, 5, 19, 13, 15, 12, 2]"
855,852,"[1, 5, 12, 8, 19, 18, 3, 13, 4, 15]"
856,853,"[16, 9, 0, 4, 7, 3, 18, 5, 10, 15]"
857,854,"[4, 3, 12, 6, 18, 2, 10, 8, 16, 0]"
858,855,"[8, 10, 14, 0, 17, 5, 16, 15, 12, 2]"
859,856,"[15, 11, 9, 19, 18, 4, 3, 6, 7, 14]"
860,857,"[15, 9, 19, 1, 3, 2, 6, 12, 18, 8]"
861,858,"[8, 1, 3, 11, 19, 10, 7, 15, 5, 6]"
862,859,"[15, 11, 1, 13, 3, 19, 10, 9, 6, 0]"
863,860,"[13, 4, 8, 0, 6, 19, 2, 12, 3, 10]"
864,861,"[14, 1, 15, 10, 13, 5, 0, 18, 17, 2]"
865,862,"[16, 18, 6, 10, 13, 2, 9, 4, 7, 8]"
866,863,"[1, 6, 19, 9, 15, 10, 17, 4, 18, 2]"
867,864,"[8, 5, 13, 19, 17, 10, 3, 2, 0, 4]"
868,865,"[13, 8, 17, 6, 16, 9, 12, 4, 3, 7]"
869,866,"[16, 1, 15, 17, 19, 9, 13, 6, 7, 3]"
870,867,"[13, 9, 19, 15, 11, 12, 7, 8, 5, 3]"
871,868,"[9, 1, 4, 2, 7, 14, 6, 12, 3, 0]"
872,869,"[2, 16, 7, 19, 15, 4, 6, 12, 11, 14]"
873,870,"[14, 15, 3, 18, 5, 6, 12, 9, 19, 7]"
874,871,"[16, 11, 6, 8, 1, 10, 15, 3, 17, 14]"
875,872,"[15, 0, 14, 17, 1, 7, 8, 3, 6, 5]"
876,873,"[6, 15, 3, 11, 0, 12, 19, 2, 17, 18]"
877,874,"[4, 18, 12, 13, 8, 0, 6, 19, 3, 10]"
878,875,"[9, 4, 5, 11, 17, 7, 8, 2, 14, 16]"
879,876,"[2, 15, 17, 5, 7, 1, 19, 0, 16, 10]"
880,877,"[19, 17, 13, 6, 2, 0, 4, 5, 16, 15]"
881,878,"[10, 1, 3, 9, 13, 5, 14, 8, 0, 17]"
882,879,"[3, 19, 6, 16, 9, 18, 10, 11, 15, 8]"
883,880,"[2, 15, 18, 9, 6, 12, 0, 16, 14, 3]"
884,881,"[18, 1, 16, 15, 5, 4, 13, 8, 6, 17]"
885,882,"[7, 13, 18, 19, 16, 8, 14, 5, 2, 17]"
886,883,"[19, 1, 13, 14, 10, 6, 17, 7, 15, 5]"
887,884,"[14, 1, 3, 13, 18, 11, 15, 10, 6, 12]"
888,885,"[4, 10, 5, 12, 6, 9, 13, 7, 11, 3]"
889,886,"[7, 12, 10, 4, 16, 3, 14, 13, 5, 6]"
890,887,"[13, 15, 2, 11, 4, 14, 8, 12, 7, 10]"
891,888,"[2, 18, 16, 13, 1, 0, 12, 6, 17, 10]"
892,889,"[8, 6, 3, 15, 0, 18, 17, 10, 9, 16]"
893,890,"[14, 16, 6, 4, 1, 15, 3, 10, 12, 5]"
894,891,"[5, 7, 11, 8, 1, 4, 9, 6, 12, 19]"
895,892,"[11, 10, 17, 2, 18, 8, 14, 3, 1, 9]"
896,893,"[18, 17, 10, 9, 6, 1, 3, 4, 2, 16]"
897,894,"[10, 2, 18, 3, 19, 12, 1, 14, 8, 16]"
898,895,"[16, 1, 19, 8, 12, 17, 10, 7, 5, 15]"
899,896,"[11, 13, 14, 6, 7, 17, 2, 1, 8, 19]"
900,897,"[4, 2, 19, 7, 15, 14, 10, 6, 8, 16]"
901,898,"[18, 9, 15, 7, 12, 13, 17, 19, 1, 14]"
902,899,"[0, 5, 1, 2, 6, 12, 13, 4, 9, 17]"
903,900,"[18, 0, 6, 15, 16, 3, 5, 4, 7, 11]"
904,901,"[18, 1, 2, 14, 10, 8, 12, 19, 11, 15]"
905,902,"[11, 13, 8, 15, 17, 19, 1, 7, 0, 10]"
906,903,"[8, 9, 16, 1, 17, 11, 14, 12, 0, 10]"
907,904,"[0, 2, 19, 17, 16, 9, 14, 5, 3, 6]"
908,905,"[13, 7, 2, 10, 0, 19, 6, 16, 4, 18]"
909,906,"[13, 8, 6, 17, 7, 10, 12, 4, 11, 14]"
910,907,"[5, 3, 19, 11, 12, 7, 14, 1, 4, 13]"
911,908,"[19, 16, 1, 10, 8, 9, 11, 2, 15, 3]"
912,909,"[16, 19, 17, 11, 14, 3, 5, 0, 13, 18]"
913,910,"[3, 11, 18, 16, 4, 13, 8, 1, 12, 6]"
914,911,"[3, 11, 6, 15, 8, 9, 14, 19, 10, 16]"
915,912,"[5, 10, 12, 17, 18, 0, 13, 19, 4, 1]"
916,913,"[18, 12, 0, 9, 13, 14, 5, 15, 3, 17]"
917,914,"[10, 14, 12, 16, 6, 15, 3, 0, 5, 13]"
918,915,"[8, 7, 18, 13, 2, 10, 9, 6, 5, 11]"
919,916,"[18, 3, 19, 4, 6, 8, 7, 12, 16, 1]"
920,917,"[1, 3, 19, 4, 13, 0, 5, 7, 14, 18]"
921,918,"[19, 17, 1, 2, 12, 4, 6, 11, 16, 7]"
922,919,"[2, 16, 14, 19, 13, 9, 17, 8, 3, 7]"
923,920,"[9, 5, 17, 8, 0, 11, 14, 7, 16, 6]"
924,921,"[3, 14, 15, 4, 0, 12, 13, 7, 11, 10]"
925,922,"[18, 9, 16, 14, 3, 11, 17, 15, 7, 13]"
926,923,"[6, 4, 15, 0, 3, 12, 10, 19, 5, 9]"
927,924,"[6, 9, 16, 19, 12, 5, 1, 15, 11, 10]"
928,925,"[6, 8, 16, 4, 10, 1, 12, 9, 17, 2]"
929,926,"[4, 6, 16, 12, 18, 7, 8, 3, 5, 19]"
930,927,"[0, 12, 16, 10, 6, 3, 1, 4, 19, 17]"
931,928,"[17, 12, 2, 0, 7, 3, 5, 6, 4, 15]"
932,929,"[16, 0, 11, 18, 6, 10, 17, 4, 9, 14]"
933,930,"[14, 13, 7, 12, 19, 4, 16, 17, 0, 8]"
934,931,"[1, 4, 2, 0, 16, 13, 17, 11, 6, 8]"
935,932,"[8, 13, 0, 11, 15, 5, 1, 7, 16, 4]"
936,933,"[3, 11, 6, 15, 12, 18, 2, 14, 1, 4]"
937,934,"[7, 1, 3, 9, 5, 6, 11, 16, 2, 17]"
938,935,"[16, 0, 12, 14, 6, 18, 8, 4, 10, 3]"
939,936,"[19, 4, 9, 3, 7, 14, 16, 15, 6, 12]"
940,937,"[5, 18, 14, 0, 9, 13, 1, 17, 2, 10]"
941,938,"[18, 8, 15, 12, 3, 6, 11, 13, 10, 4]"
942,939,"[16, 2, 11, 6, 9, 17, 0, 15, 12, 13]"
943,940,"[13, 17, 4, 6, 7, 0, 10, 14, 1, 16]"
944,941,"[4, 16, 13, 17, 14, 18, 5, 12, 11, 2]"
945,942,"[15, 19, 13, 6, 5, 17, 16, 11, 4, 3]"
946,943,"[1, 17, 5, 3, 14, 15, 13, 9, 12, 16]"
947,944,"[8, 12, 14, 18, 16, 0, 17, 15, 5, 1]"
948,945,"[3, 7, 9, 1, 18, 17, 10, 15, 6, 16]"
949,946,"[10, 16, 0, 14, 11, 4, 15, 13, 9, 7]"
950,947,"[3, 19, 6, 7, 5, 13, 9, 4, 11, 17]"
951,948,"[10, 9, 19, 7, 2, 0, 1, 14, 18, 3]"
952,949,"[7, 18, 1, 9, 19, 8, 13, 15, 16, 10]"
953,950,"[2, 17, 13, 19, 10, 15, 7, 14, 1, 5]"
954,951,"[12, 13, 19, 6, 10, 11, 0, 7, 15, 2]"
955,952,"[8, 3, 15, 18, 6, 12, 17, 14, 11, 13]"
956,953,"[17, 14, 5, 9, 12, 1, 15, 18, 2, 10]"
957,954,"[7, 10, 15, 12, 5, 6, 13, 0, 3, 9]"
958,955,"[12, 10, 13, 6, 19, 17, 18, 4, 14, 16]"
959,956,"[10, 14, 8, 17, 13, 2, 16, 7, 9, 3]"
960,957,"[17, 3, 2, 7, 9, 6, 16, 13, 10, 5]"
961,958,"[8, 0, 13, 12, 7, 9, 6, 11, 1, 19]"
962,959,"[16, 7, 17, 9, 11, 1, 12, 13, 10, 18]"
963,960,"[7, 9, 12, 13, 6, 8, 19, 17, 4, 14]"
964,961,"[2, 19, 1, 8, 4, 15, 16, 10, 18, 14]"
965,962,"[17, 18, 15, 1, 13, 16, 8, 0, 9, 14]"
966,963,"[12, 11, 9, 15, 5, 1, 4, 10, 3, 8]"
967,964,"[0, 18, 12, 17, 10, 11, 1, 13, 16, 5]"
968,965,"[13, 11, 7, 9, 6, 12, 17, 15, 2, 4]"
969,966,"[0, 8, 5, 2, 6, 3, 18, 1, 13, 17]"
970,967,"[8, 1, 15, 3, 2, 16, 11, 10, 12, 17]"
971,968,"[15, 3, 13, 12, 6, 5, 11, 17, 1, 10]"
972,969,"[14, 18, 17, 3, 5, 12, 2, 19, 10, 4]"
973,970,"[3, 15, 4, 10, 17, 12, 8, 14, 11, 9]"
974,971,"[1, 0, 4, 14, 17, 3, 12, 16, 8, 18]"
975,972,"[14, 5, 18, 11, 17, 6, 1, 13, 9, 16]"
976,973,"[18, 15, 9, 1, 12, 17, 3, 6, 2, 14]"
977,974,"[14, 16, 18, 6, 13, 9, 17, 4, 10, 5]"
978,975,"[5, 1, 6, 15, 11, 0, 2, 14, 19, 8]"
979,976,"[8, 14, 12, 16, 5, 1, 9, 7, 13, 0]"
980,977,"[17, 4, 14, 11, 19, 5, 12, 16, 15, 2]"
981,978,"[19, 2, 14, 9, 17, 0, 15, 13, 5, 3]"
982,979,"[15, 14, 17, 2, 5, 16, 11, 10, 9, 7]"
983,980,"[1, 9, 16, 15, 0, 2, 11, 3, 4, 6]"
984,981,"[10, 11, 16, 8, 6, 0, 15, 9, 12, 19]"
985,982,"[5, 11, 1, 17, 9, 12, 8, 4, 6, 18]"
986,983,"[4, 1, 17, 11, 18, 8, 0, 5, 19, 13]"
987,984,"[1, 5, 13, 0, 2, 6, 18, 12, 16, 11]"
988,985,"[8, 5, 13, 2, 11, 10, 3, 12, 17, 1]"
989,986,"[9, 11, 5, 3, 10, 19, 12, 14, 0, 17]"
990,987,"[5, 19, 14, 10, 3, 2, 16, 13, 18, 12]"
991,988,"[16, 0, 10, 9, 8, 6, 11, 5, 14, 17]"
992,989,"[11, 6, 14, 7, 4, 15, 10, 19, 13, 0]"
993,990,"[0, 1, 6, 10, 19, 18, 14, 13, 5, 7]"
994,991,"[13, 18, 16, 1, 11, 14, 7, 3, 6, 19]"
995,992,"[18, 3, 19, 15, 11, 4, 1, 12, 7, 10]"
996,993,"[7, 11, 1, 18, 5, 3, 0, 16, 4, 19]"
997,994,"[3, 7, 10, 19, 18, 4, 12, 15, 2, 17]"
998,995,"[2, 10, 11, 9, 8, 18, 7, 19, 1, 0]"
999,996,"[10, 12, 2, 17, 7, 18, 0, 15, 14, 3]"
1000,997,"[18, 6, 13, 4, 9, 11, 12, 19, 3, 10]"
1001,998,"[14, 15, 13, 10, 9, 2, 16, 0, 8, 11]"
1002,999,"[4, 19, 1, 8, 6, 14, 15, 9, 0, 7]"
1003,1000,"[10, 13, 15, 12, 6, 19, 17, 16, 11, 9]"
