1,Cifar100,FedJS,200,0.5,160.78330629110337,"[147.1131889820099, 186.38962984085083, 131.7123260498047, 129.290785074234, 117.17487120628357, 132.85485887527466, 128.94368886947632, 125.2224190235138, 129.00429105758667, 123.12427926063538, 149.08376288414001, 175.76452612876892, 162.56497597694397, 153.6056628227234, 153.65507102012634, 153.9146180152893, 156.7347071170807, 167.77776885032654, 160.73970413208008, 170.45225191116333, 167.34894371032715, 164.5083248615265, 149.18659210205078, 153.853590965271, 172.49567294120789, 171.79787182807922, 180.3939609527588, 168.52898001670837, 147.63959503173828, 167.34563207626343, 171.32826018333435, 160.70990204811096, 162.00010919570923, 143.82100868225098, 158.85339426994324, 156.85539293289185, 170.6415150165558, 157.87817287445068, 158.75820899009705, 150.37774300575256, 170.2293679714203, 158.98023200035095, 154.03890013694763, 150.28685998916626, 164.88935923576355, 193.62915706634521, 153.7932460308075, 152.24873971939087, 170.99822902679443, 163.64108228683472, 165.8347668647766, 164.63098311424255, 149.3507969379425, 177.46951293945312, 159.24695086479187, 149.4937868118286, 160.10907983779907, 152.28649973869324, 155.4760570526123, 147.75632786750793, 151.47672700881958, 158.18036198616028, 154.46400713920593, 147.48991203308105, 148.59011602401733, 156.58634519577026, 152.27057194709778, 149.39740419387817, 146.62708687782288, 167.73663902282715, 202.12832736968994, 174.67753505706787, 155.9381947517395, 156.14807796478271, 176.2885491847992, 149.01559901237488, 181.37550806999207, 169.51642489433289, 163.47397899627686, 157.87187814712524, 162.3291311264038, 152.3803141117096, 163.29642295837402, 151.53769183158875, 158.48429203033447, 183.7553472518921, 173.49033212661743, 161.58788394927979, 169.6447582244873, 147.20272278785706, 172.79390215873718, 148.64556884765625, 157.93624210357666, 160.46959710121155, 164.83244800567627, 173.44670796394348, 184.0023307800293, 164.63404321670532, 167.79883098602295, 169.62821507453918, 165.86113572120667, 165.39660811424255, 162.19369792938232, 157.20525002479553, 163.87856268882751, 161.59143590927124, 154.92341589927673, 166.0107033252716, 175.43233680725098, 159.98989987373352, 152.18976998329163, 155.28665494918823, 157.13024997711182, 161.6622130870819, 167.9917402267456, 155.6952247619629, 158.66157793998718, 154.49422693252563, 166.48594188690186, 147.40017294883728, 178.75818610191345, 161.89363503456116, 162.62675714492798, 164.8524878025055, 155.93488597869873, 149.69748973846436, 148.71159982681274, 169.26116800308228, 161.29244923591614, 177.1870288848877, 159.24808979034424, 151.25760579109192, 173.31288123130798, 172.6334421634674, 160.56935095787048, 163.91633987426758, 154.14636969566345, 168.8130180835724, 151.21488881111145, 159.68664979934692, 172.48093104362488, 156.20659112930298, 155.24449110031128, 166.69930815696716, 151.91794180870056, 161.58472609519958, 166.88007187843323, 153.23062300682068, 163.5326588153839, 160.1014289855957, 175.57381916046143, 145.01365613937378, 163.9431710243225, 169.0153031349182, 144.38633513450623, 151.3371250629425, 150.66297388076782, 149.7232768535614, 149.79167914390564, 165.36757135391235, 190.37757897377014, 161.7374610900879, 161.54844498634338, 165.67178392410278, 157.135085105896, 162.12003207206726, 156.96560502052307, 157.4048261642456, 159.8165009021759, 144.99187469482422, 153.9555881023407, 162.86172103881836, 154.39696884155273, 159.76958894729614, 182.20301795005798, 168.11828088760376, 147.34997296333313, 158.79352188110352, 152.14393281936646, 162.35459780693054, 154.17953205108643, 146.5023696422577, 159.99449920654297, 147.67256689071655, 164.73027396202087, 183.15822386741638, 154.31200790405273, 173.86717104911804, 175.2851848602295, 200.1775050163269, 177.12125301361084, 162.95606207847595, 170.35277104377747, 168.73946285247803, 171.73746395111084, 169.98983788490295, 181.48393297195435, 170.01272821426392, 186.28249502182007, 180.21448493003845]"
1,Cifar100,FedALA_AAW,200,0.5,178.35109151244163,"[287.439414024353, 242.2480137348175, 147.13136625289917, 162.24407696723938, 132.9334361553192, 141.82038187980652, 146.69184517860413, 137.19709181785583, 174.27941036224365, 189.69999623298645, 183.51211810112, 177.62955808639526, 173.84716176986694, 171.80343890190125, 172.15854001045227, 178.07809591293335, 177.90262508392334, 182.3185169696808, 179.8122079372406, 177.55893111228943, 182.9911060333252, 168.83128094673157, 179.67696285247803, 176.1597490310669, 175.52033805847168, 185.02248311042786, 198.88265204429626, 178.4615240097046, 169.90731406211853, 184.82040119171143, 170.9405882358551, 178.03031301498413, 179.4682261943817, 160.71963214874268, 175.01314401626587, 201.43697881698608, 178.56517815589905, 166.2472140789032, 174.7592179775238, 206.80611610412598, 184.41509819030762, 176.54802584648132, 174.20719695091248, 173.62063694000244, 170.10379123687744, 186.97782707214355, 174.63653302192688, 164.56083607673645, 186.49739909172058, 181.49112010002136, 171.48314213752747, 168.94165921211243, 170.96547102928162, 177.5893623828888, 163.43180799484253, 161.6855070590973, 182.1457769870758, 174.14262127876282, 169.824933052063, 162.86764883995056, 160.64248299598694, 200.59395623207092, 210.0897171497345, 157.63495874404907, 171.770094871521, 170.56954503059387, 185.52962112426758, 198.7048008441925, 175.36195588111877, 191.91532611846924, 175.10820722579956, 193.30430436134338, 165.27172994613647, 190.4041028022766, 179.31919693946838, 182.70478224754333, 182.4808030128479, 200.6456310749054, 181.82536721229553, 169.45901703834534, 183.966628074646, 162.34003901481628, 171.9668891429901, 175.92966413497925, 176.04719805717468, 194.5029740333557, 176.3183810710907, 193.06611800193787, 176.45795512199402, 186.69029808044434, 197.42059588432312, 185.10905694961548, 176.7649850845337, 174.9604208469391, 177.00002670288086, 187.7384111881256, 195.5221140384674, 187.8296778202057, 183.4187891483307, 180.99565625190735, 168.89452481269836, 183.52711009979248, 179.24532198905945, 164.63576912879944, 179.7280888557434, 176.38362336158752, 164.0927140712738, 173.10605692863464, 194.2906949520111, 163.6391270160675, 167.0836420059204, 169.19278120994568, 168.17886304855347, 165.76213812828064, 180.38474917411804, 182.07459926605225, 188.14184379577637, 172.84209203720093, 182.97675895690918, 183.17753076553345, 190.8188121318817, 175.5102939605713, 183.59906315803528, 185.27207612991333, 177.3840937614441, 171.26619601249695, 172.72279572486877, 191.4263401031494, 180.96046805381775, 194.8674008846283, 172.07888293266296, 165.97224688529968, 178.43792033195496, 179.4499750137329, 186.3411328792572, 186.67901992797852, 177.6820888519287, 186.29964208602905, 161.20565509796143, 177.23175883293152, 165.64871907234192, 169.12505221366882, 156.86150479316711, 215.35249423980713, 168.82934308052063, 182.8693790435791, 193.62458300590515, 187.35516381263733, 188.07483386993408, 174.9219846725464, 178.94183111190796, 158.91434001922607, 167.06869196891785, 179.63996076583862, 167.01331901550293, 164.99136567115784, 193.34492087364197, 175.53971099853516, 153.734845161438, 178.35446214675903, 172.12959718704224, 176.69807505607605, 165.02661991119385, 169.7724208831787, 159.58916306495667, 169.85890197753906, 189.4380338191986, 184.86718797683716, 185.91709804534912, 219.44735598564148, 194.3394968509674, 186.95763516426086, 183.02336192131042, 194.26159405708313, 205.6712498664856, 212.04844498634338, 188.38572096824646, 206.6316680908203, 199.55119395256042, 181.84484195709229, 171.8547019958496, 155.77777814865112, 167.16377329826355, 165.5879077911377, 178.44898414611816, 169.72275805473328, 165.3879177570343, 189.20717906951904, 178.89365315437317, 162.7299840450287, 180.79392194747925, 163.40662097930908, 162.40615916252136, 160.4584722518921, 161.664813041687, 161.271409034729, 171.1002812385559, 180.80012130737305, 188.94256281852722, 174.28472304344177]"
1,Cifar100,FedALA,200,0.5,193.8585534107685,"[414.8327660560608, 168.927414894104, 152.24622702598572, 148.95902585983276, 135.18641805648804, 147.59301114082336, 146.00717091560364, 163.11046504974365, 191.14039015769958, 187.67752385139465, 183.1967580318451, 179.64674997329712, 186.18402671813965, 197.65975093841553, 185.41359186172485, 195.64498591423035, 186.87975811958313, 191.90324211120605, 183.7436718940735, 186.2779519557953, 187.3240180015564, 188.10989594459534, 198.0573902130127, 195.64910626411438, 183.57952308654785, 178.05098509788513, 191.66210508346558, 183.84334087371826, 188.94626092910767, 168.6262149810791, 195.4322669506073, 184.35537886619568, 182.23727416992188, 185.7065122127533, 202.3594102859497, 189.04403686523438, 184.09949707984924, 226.6862349510193, 188.76755475997925, 195.99181294441223, 182.1572949886322, 182.35428714752197, 195.78589177131653, 184.35594391822815, 188.79043912887573, 201.68557167053223, 181.85810923576355, 181.60428309440613, 184.714017868042, 179.0453963279724, 183.26662921905518, 175.03195905685425, 175.88011693954468, 191.79464292526245, 179.448664188385, 176.5607099533081, 175.0035948753357, 185.64005494117737, 226.65032601356506, 191.97573494911194, 191.27102994918823, 184.69103002548218, 195.32056307792664, 213.0632848739624, 208.0556559562683, 200.98837685585022, 186.40920686721802, 193.30319476127625, 178.22249817848206, 193.43098998069763, 184.43749690055847, 220.3442873954773, 205.67007994651794, 187.14792394638062, 186.71954488754272, 199.75456619262695, 178.61641693115234, 172.3047502040863, 209.1079969406128, 195.68408918380737, 195.27981901168823, 200.64544987678528, 212.86037492752075, 221.4114260673523, 182.57035326957703, 202.77306270599365, 204.12908911705017, 171.71712708473206, 190.1376678943634, 179.3724467754364, 204.77534794807434, 196.8955421447754, 187.03123378753662, 191.0886890888214, 175.44394969940186, 197.38204216957092, 190.81649780273438, 181.5951931476593, 174.6364233493805, 178.90055775642395, 178.4563970565796, 197.1995210647583, 182.23182201385498, 180.24235081672668, 176.93993711471558, 184.90724396705627, 187.98447108268738, 185.02442502975464, 194.17965507507324, 195.1674301624298, 175.17653393745422, 198.88507890701294, 191.17970514297485, 184.63667011260986, 183.69073510169983, 183.31794929504395, 183.5176486968994, 187.77291703224182, 181.4618821144104, 178.96386003494263, 198.48270297050476, 193.0573582649231, 186.88332104682922, 186.1774652004242, 184.70726919174194, 187.93349814414978, 193.32301497459412, 201.01000595092773, 188.21966218948364, 185.5949718952179, 165.42618584632874, 177.3960120677948, 175.24630212783813, 184.60193490982056, 175.2230350971222, 210.75129795074463, 185.78788208961487, 194.00011491775513, 188.16522407531738, 210.54394912719727, 181.77469086647034, 185.200377702713, 173.1303641796112, 180.8773078918457, 174.46408605575562, 186.30605792999268, 183.87164616584778, 187.6131021976471, 192.34863591194153, 178.74984788894653, 186.4075620174408, 187.80532503128052, 190.66282510757446, 161.5538468360901, 165.47644519805908, 179.5754678249359, 172.6136920452118, 205.57080698013306, 207.1810519695282, 189.7621738910675, 253.327250957489, 215.06204390525818, 201.02553296089172, 198.82327008247375, 180.52337980270386, 228.79116892814636, 214.397803068161, 224.8242449760437, 209.2211639881134, 191.23198914527893, 185.48045802116394, 177.14093708992004, 164.3103129863739, 184.98611497879028, 178.45832419395447, 172.44313287734985, 180.38627290725708, 196.2863039970398, 189.51653909683228, 180.48659205436707, 177.1458921432495, 169.8220009803772, 163.71943879127502, 175.2399730682373, 173.13802003860474, 165.73468327522278, 189.39831495285034, 215.12703204154968, 182.87078022956848, 149.95227098464966, 152.79124236106873, 147.52354526519775, 145.08488512039185, 1814.2857840061188, 121.17656803131104, 97.10123109817505, 142.48545670509338, 119.76359295845032, 102.14683175086975, 107.69888186454773]"
1,Cifar100,SCAFFOLD,200,0.5,198.71115251064302,"[223.4450659751892, 191.85678386688232, 167.6290328502655, 169.99740195274353, 158.5111210346222, 157.5645558834076, 165.0332260131836, 153.21979212760925, 209.69475102424622, 213.07792687416077, 199.83360195159912, 205.97405195236206, 205.8870210647583, 200.6002790927887, 215.52732014656067, 207.72761797904968, 210.5375988483429, 203.2402219772339, 207.58517909049988, 203.10361790657043, 209.50522708892822, 207.4799678325653, 204.01588797569275, 202.9270679950714, 208.02760767936707, 206.37183713912964, 199.2017059326172, 197.99315571784973, 212.59942507743835, 201.1391499042511, 209.75511503219604, 214.69545078277588, 198.90266489982605, 192.71647095680237, 200.49448609352112, 234.30969190597534, 199.1591329574585, 201.353684425354, 197.96995997428894, 199.29197716712952, 207.81632709503174, 205.36742782592773, 198.0366508960724, 198.2735140323639, 197.04492783546448, 196.69475984573364, 190.93247318267822, 202.56477904319763, 188.07791996002197, 201.86320090293884, 194.72783398628235, 196.64614415168762, 191.7275903224945, 188.1590061187744, 208.19141912460327, 233.9842870235443, 197.93673491477966, 200.0836489200592, 207.83542704582214, 217.12518000602722, 208.3519847393036, 221.52239727973938, 188.86542916297913, 199.42392301559448, 197.13073706626892, 206.17292594909668, 197.51390171051025, 225.92452096939087, 215.6727499961853, 209.24830222129822, 188.81331133842468, 202.80826902389526, 196.31884288787842, 202.75581002235413, 208.10126996040344, 223.04227113723755, 197.55983710289001, 220.16326308250427, 203.85367393493652, 207.75117707252502, 213.0650029182434, 208.07171392440796, 193.893816947937, 204.4347949028015, 201.88546586036682, 204.18762683868408, 206.45511507987976, 196.8977448940277, 202.0635268688202, 207.25552487373352, 204.25186491012573, 196.53960824012756, 191.61600732803345, 204.87242126464844, 200.53859210014343, 209.92879390716553, 199.0371949672699, 197.23670291900635, 198.2275230884552, 198.86268591880798, 202.5582559108734, 204.61361289024353, 208.69375896453857, 200.21483516693115, 205.4130609035492, 205.43453812599182, 197.23266410827637, 200.04092407226562, 197.3316798210144, 203.76515293121338, 197.15090203285217, 207.61742067337036, 201.56293296813965, 199.52858591079712, 194.1066288948059, 193.83799695968628, 196.5439510345459, 193.4659161567688, 201.62118005752563, 209.72636318206787, 205.94979572296143, 204.64969515800476, 184.93218898773193, 191.91790199279785, 188.38751316070557, 187.35804224014282, 199.7923069000244, 227.69408798217773, 195.33197712898254, 205.53058218955994, 206.70780897140503, 201.0609369277954, 201.53026008605957, 194.36343002319336, 194.36772203445435, 191.88870310783386, 194.9121870994568, 194.23122310638428, 215.16023206710815, 195.61238718032837, 187.34376287460327, 193.18612670898438, 188.846666097641, 187.77648425102234, 189.77251410484314, 190.8912250995636, 190.89399600028992, 223.31345415115356, 206.41265296936035, 204.76063299179077, 265.23625206947327, 213.47701621055603, 203.6143479347229, 210.6328842639923, 215.7443549633026, 218.94716596603394, 224.71568894386292, 228.05868697166443, 214.2268579006195, 193.7422640323639, 180.78134512901306, 184.71045994758606, 184.12751412391663, 191.87948322296143, 180.03046202659607, 182.82467675209045, 198.32642793655396, 194.5886709690094, 182.63152694702148, 194.0371949672699, 178.41486406326294, 177.61415195465088, 184.8517928123474, 181.88423824310303, 183.14684581756592, 214.11334991455078, 214.0686478614807, 180.07422399520874, 154.87233781814575, 154.95268511772156, 150.14802813529968, 1790.7092311382294, 165.87245917320251, 101.26613306999207, 105.12635803222656, 145.70396828651428, 107.18337798118591, 102.72472500801086, 99.41124892234802, 77.33287596702576, 77.74288702011108, 86.25459480285645, 76.7794291973114, 78.00032687187195, 104.40297412872314, 121.6394670009613, 97.70748281478882, 86.90761065483093, 83.87363409996033, 80.7190010547638]"
1,Cifar100,FedJS,100,0.5,183.8502508831024,"[157.78858995437622, 146.75973415374756, 149.58823800086975, 145.09245800971985, 145.40042281150818, 146.28368306159973, 141.67630624771118, 193.96809220314026, 184.30496978759766, 191.10158371925354, 175.50221586227417, 187.220694065094, 168.60382604599, 188.2240948677063, 178.3491907119751, 205.82927799224854, 181.97144484519958, 170.75455379486084, 175.25060892105103, 161.64221811294556, 174.62357902526855, 175.61939811706543, 180.3143391609192, 174.6833519935608, 170.24302101135254, 180.2239637374878, 172.2267439365387, 176.84183979034424, 176.63657093048096, 170.5526900291443, 173.7762701511383, 165.37136578559875, 172.5310869216919, 169.2121138572693, 165.5851001739502, 177.11163091659546, 168.3526918888092, 172.4650707244873, 165.36203908920288, 165.88974571228027, 163.92770504951477, 156.68492698669434, 162.07367610931396, 171.39074110984802, 163.47735929489136, 163.2316198348999, 164.50608682632446, 180.36654615402222, 155.4851257801056, 146.34913301467896, 149.90207314491272, 141.91533279418945, 155.50638008117676, 151.20927906036377, 147.85637402534485, 156.0949990749359, 186.37182593345642, 185.68568587303162, 198.4140179157257, 197.92742896080017, 188.80643486976624, 185.59471893310547, 188.29188799858093, 187.10231709480286, 192.0791609287262, 183.8892149925232, 200.0187849998474, 188.92922067642212, 192.21180701255798, 189.55765390396118, 190.69673490524292, 194.17454314231873, 204.59461212158203, 190.62288880348206, 197.53419017791748, 207.28813695907593, 205.74013996124268, 191.04347586631775, 208.80792379379272, 205.45185208320618, 198.33222794532776, 219.44035696983337, 210.50912928581238, 217.56755685806274, 205.26215481758118, 215.35093808174133, 213.00832676887512, 216.62474179267883, 202.5894582271576, 226.68682718276978, 217.17707109451294, 217.14592504501343, 227.747416973114, 215.15681719779968, 214.53983783721924, 236.17409205436707, 226.77701091766357, 207.83288598060608, 228.6279239654541, 234.72755694389343]"
1,Cifar100,FedALA_AAW,100,0.5,203.47064646959305,"[283.22618412971497, 231.19674229621887, 172.17313313484192, 174.27279901504517, 152.45512795448303, 204.73305296897888, 198.24593901634216, 203.99640607833862, 200.44079399108887, 203.07961893081665, 181.01345109939575, 205.060861825943, 201.8309450149536, 214.49283576011658, 191.86017990112305, 198.032368183136, 183.2865810394287, 191.8356261253357, 201.22912621498108, 181.76885986328125, 179.36861109733582, 173.10709404945374, 182.99238514900208, 181.16513204574585, 190.50801420211792, 191.5293209552765, 188.63245391845703, 193.3129620552063, 189.19554209709167, 182.01229977607727, 187.02417087554932, 186.13291096687317, 188.7468650341034, 189.7347230911255, 171.59943795204163, 184.10059690475464, 172.44615602493286, 176.94819808006287, 182.1239800453186, 182.8141529560089, 182.59743285179138, 179.09585094451904, 198.141921043396, 168.2875678539276, 169.20135974884033, 158.60859322547913, 155.89385795593262, 157.93607306480408, 161.72380018234253, 160.22372794151306, 189.96207785606384, 197.5847909450531, 220.13692903518677, 218.7224898338318, 211.021733045578, 211.06907296180725, 206.140310049057, 203.27435421943665, 210.79692006111145, 213.49153470993042, 211.49135994911194, 198.01535987854004, 200.56906580924988, 221.54639410972595, 205.51323914527893, 212.91746497154236, 225.54946517944336, 213.97380208969116, 227.39663791656494, 216.98026704788208, 224.65137720108032, 224.6971561908722, 222.48957300186157, 216.8534300327301, 239.85781598091125, 243.47523999214172, 238.167249917984, 225.87814092636108, 236.18727707862854, 236.85770297050476, 237.92708897590637, 246.7019169330597, 232.6745228767395, 239.4566671848297, 236.55069780349731, 244.92920398712158, 242.4718201160431, 243.9034948348999, 231.91098189353943, 253.32630681991577, 232.9279019832611, 219.2285759449005, 230.45846390724182, 194.45914769172668, 199.11091923713684, 202.07602405548096, 201.9667489528656, 187.91170287132263, 204.05497312545776, 200.3134310245514]"
1,Cifar100,FedALA,100,0.5,214.64455022573472,"[392.68741106987, 169.67949604988098, 166.2238700389862, 163.8302960395813, 186.844379901886, 207.4318971633911, 216.97244811058044, 208.39562582969666, 216.38783502578735, 213.44549822807312, 206.18272185325623, 229.2386679649353, 213.79880714416504, 211.2459352016449, 212.43632102012634, 208.3810658454895, 216.1513638496399, 210.9030351638794, 200.45872616767883, 196.53320503234863, 199.88165497779846, 197.25995922088623, 199.85817098617554, 198.2131519317627, 189.10773468017578, 193.74059891700745, 196.997985124588, 184.03437995910645, 184.1854658126831, 206.5155508518219, 197.42822885513306, 194.71053218841553, 190.80182814598083, 191.19399333000183, 199.52603483200073, 182.15860199928284, 188.19398188591003, 190.14112997055054, 196.65803694725037, 197.2387580871582, 190.10133409500122, 176.32713913917542, 178.35162210464478, 173.3368661403656, 169.13930869102478, 172.02913808822632, 172.4974720478058, 208.8685438632965, 214.37311911582947, 224.4671230316162, 217.777193069458, 227.495924949646, 214.61982798576355, 211.03240704536438, 221.4504840373993, 216.5627999305725, 225.44944524765015, 221.66577792167664, 227.77774500846863, 220.72537183761597, 217.1869010925293, 224.21468210220337, 225.61162400245667, 222.0543496608734, 232.85728883743286, 225.08865594863892, 236.3232340812683, 236.45677995681763, 242.3691439628601, 251.35678815841675, 254.51643419265747, 239.1201810836792, 247.39500284194946, 247.07330012321472, 258.0836081504822, 267.67081212997437, 244.2613639831543, 259.57152581214905, 255.12045693397522, 256.04862785339355, 249.10724711418152, 264.92004203796387, 253.86930418014526, 252.76708602905273, 267.64453387260437, 238.40164518356323, 250.81202101707458, 227.41006517410278, 218.7540888786316, 217.3114378452301, 206.59000515937805, 208.49191093444824, 207.75035309791565, 206.14564609527588, 193.04675769805908, 195.76538491249084, 184.05996799468994, 193.38026905059814, 188.33086585998535, 188.39260077476501]"
1,Cifar100,SCAFFOLD,100,0.5,234.45281260490418,"[121.33576774597168, 226.34610986709595, 199.06110405921936, 201.40170431137085, 193.36507892608643, 192.8388500213623, 189.45952892303467, 217.69512391090393, 242.7790868282318, 245.42063903808594, 249.77036690711975, 239.99498510360718, 240.26176404953003, 261.33892607688904, 247.6060869693756, 241.9090518951416, 243.01886677742004, 242.1424741744995, 246.64018607139587, 233.56904911994934, 225.419291973114, 230.3825888633728, 222.8362021446228, 223.97780990600586, 223.46379399299622, 224.1512110233307, 230.89083218574524, 225.52424311637878, 232.4863419532776, 229.6610119342804, 225.137619972229, 216.89228916168213, 214.67945504188538, 210.12685012817383, 212.94754815101624, 214.18228816986084, 217.13633394241333, 216.1208839416504, 228.22322988510132, 198.38094902038574, 194.85807609558105, 195.85779476165771, 194.9759202003479, 192.94971299171448, 213.36177110671997, 248.47574615478516, 251.1695590019226, 250.0693769454956, 252.8292682170868, 248.53558611869812, 244.81167602539062, 247.40383911132812, 255.7821228504181, 251.18517398834229, 253.86380004882812, 259.2254750728607, 260.61349511146545, 263.39625573158264, 253.30024886131287, 267.8188591003418, 263.6471588611603, 264.4369559288025, 273.70276379585266, 271.0658938884735, 294.54544019699097, 288.3988039493561, 277.8862590789795, 284.7965581417084, 287.2817380428314, 295.3942439556122, 282.90031814575195, 296.5005807876587, 295.8622200489044, 285.49141788482666, 298.4321131706238, 289.75822591781616, 296.9885849952698, 296.7202389240265, 274.89912486076355, 267.5258512496948, 240.31449699401855, 234.29517698287964, 234.34018397331238, 235.71558284759521, 234.17395901679993, 227.53069400787354, 208.94376826286316, 207.0177719593048, 204.2505316734314, 209.83519887924194, 199.29604291915894, 192.2156641483307, 174.755224943161, 176.9237060546875, 175.42364072799683, 178.3331949710846, 181.66137886047363, 186.5679817199707, 176.8350760936737, 181.55821084976196]"
1,Cifar100,FedAAW,100,0.5,192.0826863217354,"[178.70519709587097, 173.58512616157532, 178.33550214767456, 167.9246289730072, 169.58020186424255, 185.72096991539001, 226.2949459552765, 228.09517216682434, 233.31252884864807, 234.69636607170105, 210.36871576309204, 226.55331087112427, 215.19901299476624, 234.58403420448303, 220.7950918674469, 227.8863160610199, 222.94538021087646, 226.93227577209473, 220.10238695144653, 219.45725989341736, 223.35784220695496, 226.73214197158813, 239.79092693328857, 239.43303227424622, 239.76957607269287, 254.72891092300415, 254.8247470855713, 264.4339437484741, 262.2319929599762, 258.2628388404846, 264.6658101081848, 249.01326894760132, 268.8505961894989, 270.46246004104614, 240.1360569000244, 265.73272800445557, 267.86031198501587, 270.1236879825592, 268.26322889328003, 275.5003709793091, 266.2654039859772, 255.43745589256287, 266.79947900772095, 249.32902193069458, 254.39376091957092, 205.1310579776764, 218.21487617492676, 217.02431321144104, 218.3413062095642, 205.48877596855164, 211.93682217597961, 189.44605112075806, 195.07335305213928, 198.6037609577179, 190.68328189849854, 201.82107019424438, 193.2540340423584, 174.48078417778015, 167.39851188659668, 169.9166820049286, 161.14093589782715, 167.2514979839325, 166.41348123550415, 176.3170449733734, 174.61912488937378, 172.53026819229126, 157.25339078903198, 144.96387267112732, 147.52567291259766, 143.014484167099, 145.3343563079834, 133.51641011238098, 143.1142189502716, 139.47099781036377, 148.81943321228027, 150.7130742073059, 147.49665999412537, 138.575945854187, 137.05354595184326, 135.54683089256287, 138.71997809410095, 146.85628008842468, 137.7840292453766, 142.05510306358337, 134.12185406684875, 134.70105981826782, 137.31006717681885, 141.960951089859, 133.42828106880188, 145.75779485702515, 145.02164602279663, 134.3245768547058, 139.62704420089722, 135.84756898880005, 134.8026978969574, 114.89260911941528, 107.52547407150269, 97.47501468658447, 115.16709017753601, 105.92956495285034]"
1,Cifar100,MOON,100,0.5,286.33711116313935,"[277.9355556964874, 259.94410824775696, 261.6404218673706, 292.8199157714844, 323.4454081058502, 326.6086657047272, 315.1193118095398, 331.1651768684387, 350.9818971157074, 323.0222198963165, 304.2790310382843, 327.4474821090698, 292.4071431159973, 318.7263939380646, 294.25449085235596, 308.97280406951904, 293.1986310482025, 294.2577381134033, 299.66301107406616, 288.3634898662567, 288.6666488647461, 282.3568272590637, 289.5397479534149, 289.52383685112, 300.0915060043335, 313.8824257850647, 316.3910291194916, 281.3093008995056, 267.90826869010925, 266.3922049999237, 266.6191430091858, 315.80405592918396, 343.65982580184937, 345.2483127117157, 322.19885873794556, 335.4655296802521, 319.45492362976074, 341.2843871116638, 335.39181780815125, 343.98069882392883, 352.42410016059875, 334.44099283218384, 355.28496289253235, 357.17160415649414, 353.62925696372986, 357.99838399887085, 378.62625217437744, 372.2045319080353, 382.09104585647583, 371.94809007644653, 383.43245697021484, 384.18087697029114, 404.4181740283966, 407.70592212677, 393.1797878742218, 409.5852439403534, 378.0550410747528, 355.8079879283905, 344.57193088531494, 342.89772605895996, 338.52803802490234, 316.4896008968353, 291.8158209323883, 304.7725260257721, 299.06973218917847, 284.0338270664215, 280.2924120426178, 262.32867789268494, 277.9588840007782, 268.53636717796326, 269.18471908569336, 235.08949780464172, 236.47615909576416, 222.3871250152588, 230.27769923210144, 233.68489813804626, 238.47980785369873, 222.52930903434753, 235.7644612789154, 229.27480602264404, 224.92198085784912, 243.449942111969, 219.38378381729126, 226.82390594482422, 222.5611183643341, 223.09211897850037, 230.35254573822021, 225.58606600761414, 207.8833110332489, 192.40097403526306, 180.89879894256592, 176.28687596321106, 140.599613904953, 138.19838404655457, 136.0955090522766, 143.39839005470276, 141.8356649875641, 136.3132050037384, 137.8934190273285, 139.6845247745514]"
1,Cifar100,FedAvg,100,0.5,326.40356097698213,"[474.8418710231781, 444.16321206092834, 459.26931595802307, 557.0891919136047, 547.5789039134979, 590.8580927848816, 553.9215407371521, 576.2497732639313, 532.0556938648224, 525.8389370441437, 498.6358299255371, 528.0574059486389, 501.15014910697937, 526.5726583003998, 494.6319580078125, 532.3266899585724, 497.53312492370605, 454.3400549888611, 483.79388189315796, 569.2053048610687, 587.5994477272034, 579.3958299160004, 601.2064409255981, 621.863009929657, 648.7125639915466, 677.4999849796295, 684.7538819313049, 730.7980318069458, 724.7853293418884, 734.7711679935455, 742.4854099750519, 710.5285518169403, 691.0579841136932, 588.8273720741272, 507.95307326316833, 530.994726896286, 429.0242009162903, 451.45983386039734, 395.68469882011414, 362.4528172016144, 365.51596999168396, 359.0043878555298, 345.26010489463806, 287.84080600738525, 286.81689977645874, 267.46667194366455, 286.93072509765625, 284.69572472572327, 293.09713792800903, 276.3915467262268, 282.284951210022, 271.1432991027832, 285.5307960510254, 292.55903911590576, 279.61653876304626, 297.0673577785492, 270.63654589653015, 206.52957010269165, 215.81461024284363, 189.2266879081726, 160.49349904060364, 155.33048582077026, 150.65467596054077, 161.89838886260986, 163.16759991645813, 150.89839696884155, 150.59541606903076, 106.50526595115662, 112.17614388465881, 107.36047673225403, 107.4759418964386, 105.48750686645508, 107.05491089820862, 104.8665702342987, 111.90235805511475, 110.63551688194275, 111.06878900527954, 102.26610898971558, 108.80450677871704, 108.92410898208618, 108.87293982505798, 113.05158686637878, 106.52722597122192, 104.76180124282837, 106.82703471183777, 107.39687776565552, 105.25863027572632, 110.31351089477539, 104.63462114334106, 107.69362807273865, 104.97228693962097, 104.9420862197876, 110.36804413795471, 104.88285398483276, 105.7195999622345, 109.9971809387207, 111.52799892425537, 103.2064938545227, 109.36192107200623, 109.07578802108765]"
1,Cifar100,SCAFFOLD,100,0.5,46.18765624761581,"[54.25476288795471, 51.555909872055054, 55.20899724960327, 47.87854719161987, 43.1708779335022, 43.55912685394287, 42.741323947906494, 46.16551685333252, 46.142783403396606, 44.364917039871216, 44.67827010154724, 47.5828537940979, 46.722848892211914, 63.36630868911743, 59.81283187866211, 65.41805219650269, 65.9432282447815, 56.12538409233093, 49.18342709541321, 43.93113994598389, 39.62419009208679, 41.833186864852905, 42.83115792274475, 41.4126091003418, 44.839064836502075, 40.95116090774536, 45.12216782569885, 41.566871881484985, 45.36563205718994, 43.57668471336365, 42.93932294845581, 43.085428953170776, 43.29425525665283, 42.95119571685791, 41.067243814468384, 41.493199825286865, 38.47273111343384, 39.64729309082031, 38.72030591964722, 41.965096950531006, 39.08623790740967, 36.88489603996277, 39.61992812156677, 38.71941614151001, 38.268770933151245, 40.1029212474823, 39.50813579559326, 35.275453090667725, 38.172632932662964, 46.62896394729614, 49.99474000930786, 45.636178970336914, 49.6802339553833, 51.499221086502075, 49.35928297042847, 50.815171003341675, 51.006381034851074, 46.842272996902466, 47.234454870224, 51.24401593208313, 49.46862578392029, 47.15755891799927, 47.14365005493164, 48.00349688529968, 46.90311002731323, 50.79443573951721, 53.144078969955444, 47.45305395126343, 48.26671504974365, 49.29129981994629, 46.66694402694702, 47.726752042770386, 47.70697808265686, 44.25994086265564, 46.40600299835205, 47.159220933914185, 47.873006105422974, 45.336069107055664, 48.653489112854004, 43.291136026382446, 47.846920013427734, 45.67490100860596, 41.60829496383667, 46.413487911224365, 45.91510486602783, 45.53182005882263, 45.19335865974426, 47.259397745132446, 43.27340793609619, 45.64423394203186, 46.11008810997009, 42.83693480491638, 45.01038718223572, 44.1135151386261, 46.54033708572388, 50.2086079120636, 48.5302197933197, 46.86810898780823, 52.681228160858154, 44.654489040374756]"

1,Cifar10,FedJS,100,0.5,167.81288023471834,"[118.01916980743408, 118.0310652256012, 133.25236201286316, 102.38747024536133, 126.95414090156555, 163.3705689907074, 131.55267691612244, 129.4566478729248, 160.82044100761414, 210.98012518882751, 151.1802818775177, 174.9444019794464, 155.98632192611694, 188.9227557182312, 168.2791600227356, 201.4067041873932, 203.88061904907227, 170.96478486061096, 165.74707102775574, 165.64673686027527, 174.59283995628357, 150.36278986930847, 167.89239311218262, 155.77080821990967, 188.53872084617615, 142.29540705680847, 135.76058506965637, 156.36592888832092, 168.0244472026825, 177.14291405677795, 167.0684370994568, 189.99648690223694, 160.6779420375824, 177.25252985954285, 144.12256622314453, 214.1316521167755, 166.35568594932556, 141.52522706985474, 173.43860983848572, 145.0881631374359, 157.3170919418335, 179.82611298561096, 193.05883812904358, 159.09254693984985, 162.10579586029053, 179.18039298057556, 185.60595989227295, 177.88238382339478, 187.21225500106812, 172.9629030227661, 177.52257370948792, 205.49971079826355, 207.01642966270447, 164.96561694145203, 179.97263884544373, 197.60116600990295, 186.03151202201843, 143.46808195114136, 208.88463377952576, 208.81085109710693, 174.19402599334717, 129.67160320281982, 142.74563598632812, 176.0668661594391, 138.47240090370178, 155.03928399085999, 175.30647015571594, 203.21425771713257, 209.32386589050293, 148.53656697273254, 169.53565502166748, 193.68866300582886, 180.97478604316711, 166.16167998313904, 167.68121314048767, 191.74558877944946, 172.69235610961914, 162.23970293998718, 185.36093425750732, 184.11556100845337, 171.48196721076965, 186.9916799068451, 145.07972598075867, 190.12457299232483, 180.50403499603271, 190.17615509033203, 137.67992401123047, 107.30128002166748, 159.31266403198242, 164.43518209457397, 147.974027633667, 152.70456910133362, 183.37302088737488, 207.0401120185852, 160.81662487983704, 139.16316294670105, 151.16632294654846, 178.14983773231506, 153.21562910079956, 175.62527704238892]"
1,Cifar10,FedAvg,100,0.5,169.27016460895538,"[121.04229307174683, 117.9717607498169, 135.42523527145386, 104.04723572731018, 128.1078290939331, 165.04506993293762, 132.38774299621582, 129.25029683113098, 167.2851758003235, 214.44861698150635, 153.9736168384552, 175.87881422042847, 154.83573985099792, 197.3188030719757, 168.07371997833252, 209.8813407421112, 203.10794687271118, 169.51246905326843, 175.54126000404358, 158.31497502326965, 175.08659982681274, 152.50163197517395, 169.16700196266174, 159.05764627456665, 191.9766709804535, 143.82679796218872, 135.63751983642578, 160.3896839618683, 171.58158683776855, 175.67804884910583, 171.82228112220764, 195.47346091270447, 158.7788450717926, 179.13415098190308, 144.25598001480103, 218.20066380500793, 167.66170191764832, 141.60887122154236, 174.5498788356781, 151.65045881271362, 157.66518712043762, 176.4227991104126, 195.5678939819336, 158.77956914901733, 165.2796549797058, 180.62838315963745, 187.39520835876465, 180.3922700881958, 192.26178288459778, 173.40902471542358, 174.04637026786804, 206.80135703086853, 208.64121985435486, 169.51513481140137, 178.54750180244446, 198.56200432777405, 186.67061376571655, 145.71364212036133, 209.95595169067383, 212.417729139328, 181.14941906929016, 125.77487707138062, 143.5090401172638, 182.81191778182983, 134.60804200172424, 153.87786221504211, 174.2923629283905, 206.02472305297852, 211.98034262657166, 150.88344383239746, 171.87868309020996, 195.07467079162598, 183.84113597869873, 170.0243899822235, 166.7420060634613, 206.79853892326355, 159.42792677879333, 161.51474905014038, 192.00558400154114, 193.77734279632568, 161.64481401443481, 193.06585502624512, 138.78123092651367, 190.58878016471863, 185.05348110198975, 186.75674962997437, 139.0711967945099, 108.55370092391968, 160.91100525856018, 165.45974135398865, 149.21738505363464, 154.43854427337646, 188.88096284866333, 205.99578595161438, 159.41454195976257, 141.2837779521942, 154.02662563323975, 176.96285009384155, 158.70658016204834, 164.04307198524475]"
1,Cifar10,FedALA_AAW,100,0.5,183.32315269708633,"[222.20025992393494, 210.22449779510498, 164.5587568283081, 127.5370979309082, 139.64131093025208, 177.0642020702362, 173.50766396522522, 181.98432683944702, 205.52533888816833, 227.98411989212036, 168.08592891693115, 202.00545382499695, 172.10538816452026, 216.22115802764893, 182.225567817688, 227.18867826461792, 219.4575731754303, 182.81813406944275, 185.73263716697693, 175.35249781608582, 195.94209480285645, 166.83535623550415, 177.59400701522827, 166.06015801429749, 206.22115564346313, 149.00690293312073, 143.8198540210724, 168.09230208396912, 180.1395058631897, 186.9368999004364, 180.40742802619934, 208.21608996391296, 178.64334726333618, 196.9353427886963, 156.59261107444763, 235.52194786071777, 177.50912618637085, 148.07621884346008, 191.006844997406, 160.27486276626587, 173.12309193611145, 197.04408597946167, 215.69057202339172, 179.95579195022583, 184.72124695777893, 204.9849829673767, 204.35558795928955, 191.93595385551453, 197.21886014938354, 183.49434208869934, 186.7829282283783, 223.79205107688904, 227.18621826171875, 190.57172107696533, 204.3934850692749, 228.1455500125885, 207.33822894096375, 163.45223093032837, 228.274582862854, 230.46291303634644, 184.5611867904663, 133.80340194702148, 152.31582903862, 194.1772322654724, 146.25447392463684, 167.60754799842834, 191.81234407424927, 221.21601009368896, 247.43320894241333, 169.24188899993896, 187.01253294944763, 229.14656805992126, 199.49091219902039, 196.9512369632721, 185.23384594917297, 211.94176292419434, 170.46928000450134, 173.5029911994934, 202.56300377845764, 190.76424884796143, 175.71478390693665, 199.5078408718109, 154.84958410263062, 212.05037903785706, 196.92533826828003, 210.12119913101196, 153.37689113616943, 119.89216089248657, 179.0787901878357, 182.36652898788452, 136.82540893554688, 132.98238587379456, 162.87552213668823, 178.2529640197754, 142.57963681221008, 121.58771300315857, 128.4750599861145, 154.5255012512207, 128.42230916023254, 148.22869110107422]"
1,Cifar10,FedAAW,100,0.5,189.68999281167984,"[143.51752185821533, 138.81742691993713, 158.00268959999084, 121.10092496871948, 147.91238808631897, 189.14578485488892, 154.4765920639038, 190.90241408348083, 222.63859796524048, 241.61934900283813, 176.48954606056213, 214.43928909301758, 182.41307091712952, 230.33904194831848, 195.59133410453796, 235.60441327095032, 240.04748797416687, 197.46442294120789, 195.31983733177185, 191.8421130180359, 203.49976015090942, 180.20306873321533, 185.8315999507904, 179.42759776115417, 221.5303020477295, 158.81506896018982, 154.10991883277893, 182.06304597854614, 191.28888392448425, 203.49238181114197, 195.92689418792725, 224.38929986953735, 186.58521604537964, 210.0677409172058, 168.43993997573853, 252.15062808990479, 192.34562921524048, 161.45466303825378, 204.207190990448, 172.98025608062744, 180.87071299552917, 212.42947101593018, 233.81208395957947, 189.28969192504883, 195.92243099212646, 206.8299388885498, 210.1546618938446, 207.23138904571533, 212.10111093521118, 193.75315308570862, 199.79705476760864, 242.23549008369446, 248.60062623023987, 205.9881889820099, 215.13673186302185, 237.33194589614868, 220.83655881881714, 171.31791996955872, 246.2228479385376, 247.20364689826965, 201.2373490333557, 143.95075798034668, 160.9757058620453, 205.91034698486328, 156.47311782836914, 193.22778701782227, 207.86110281944275, 243.14158391952515, 263.98075699806213, 176.67072081565857, 211.71217012405396, 223.3401641845703, 219.997652053833, 193.37941718101501, 195.5652198791504, 224.4539089202881, 180.07012104988098, 183.58646297454834, 219.348149061203, 216.08458423614502, 190.7477068901062, 217.48113107681274, 164.8204779624939, 224.36565470695496, 203.49350810050964, 176.72866582870483, 126.65164184570312, 101.78978085517883, 148.0850920677185, 156.8745129108429, 138.0405240058899, 137.3209707736969, 166.49832606315613, 181.68522191047668, 137.97554802894592, 109.81894898414612, 116.56443619728088, 130.8794810771942, 114.24421310424805, 130.40737104415894]"
1,Cifar10,FedALA,100,0.5,190.79883452415467,"[339.3697760105133, 141.44283604621887, 157.27890419960022, 124.13049340248108, 147.00975704193115, 183.939786195755, 200.8827748298645, 197.68498492240906, 210.4073600769043, 238.34270811080933, 186.20977306365967, 207.7994499206543, 192.07975888252258, 221.55578637123108, 195.08613514900208, 231.8229639530182, 228.58519101142883, 204.25586986541748, 195.3565149307251, 190.40856003761292, 208.63083600997925, 177.73804187774658, 189.46897387504578, 179.82678890228271, 215.3320996761322, 161.36265087127686, 160.42400097846985, 176.53160071372986, 193.77593612670898, 200.84956192970276, 196.83097887039185, 215.63529801368713, 182.68069791793823, 208.17971992492676, 168.69451904296875, 239.8747057914734, 192.48642873764038, 166.95598196983337, 202.12225985527039, 175.55906987190247, 186.4307849407196, 210.19456601142883, 224.98905301094055, 185.98647809028625, 194.79416608810425, 198.98130583763123, 209.93314695358276, 202.15998125076294, 209.76330184936523, 193.0319118499756, 202.24927473068237, 229.18470001220703, 242.09030604362488, 201.39885115623474, 213.443030834198, 228.13237810134888, 216.7145369052887, 171.84275007247925, 236.21543502807617, 237.66760921478271, 200.5179398059845, 150.16896891593933, 167.6183478832245, 203.00992107391357, 170.11609506607056, 191.8114869594574, 197.36650276184082, 242.02807092666626, 245.8662350177765, 187.98887395858765, 201.10631132125854, 217.2705762386322, 218.45141673088074, 195.35225701332092, 192.53001284599304, 217.6078770160675, 181.26884484291077, 184.1402506828308, 219.191743850708, 207.78419995307922, 190.20197415351868, 213.6430630683899, 170.32053685188293, 222.17742490768433, 192.11721515655518, 169.53484201431274, 134.48513388633728, 113.7219090461731, 150.82289171218872, 159.2213830947876, 138.2661030292511, 148.13442087173462, 160.91848301887512, 182.23320293426514, 130.1550841331482, 117.2154791355133, 120.36974620819092, 136.36590909957886, 120.37124133110046, 116.59837293624878]"
1,Cifar10,SCAFFOLD,100,0.5,195.83265524148942,"[157.00762391090393, 152.1488811969757, 173.43728494644165, 132.40367531776428, 162.8466019630432, 210.21399211883545, 196.96467113494873, 214.80991792678833, 238.990385055542, 275.2630252838135, 200.0459418296814, 232.5223400592804, 203.2126681804657, 252.1169900894165, 222.51735496520996, 258.46837091445923, 265.7150249481201, 221.02267813682556, 209.07944083213806, 210.1226441860199, 225.2323157787323, 189.12353587150574, 205.9883041381836, 190.4140429496765, 242.99675297737122, 165.39924716949463, 168.42078590393066, 197.1091239452362, 215.31001114845276, 221.3354811668396, 212.6356542110443, 246.65775680541992, 199.67633271217346, 234.53250694274902, 182.13179397583008, 281.18880581855774, 210.81491112709045, 180.28183698654175, 230.14984393119812, 195.40598893165588, 201.45648884773254, 227.35724806785583, 241.51765298843384, 196.41073298454285, 204.11864304542542, 224.66425585746765, 233.66181182861328, 229.13037514686584, 241.13982796669006, 216.5011887550354, 217.67352104187012, 262.8566360473633, 267.2679009437561, 218.50241088867188, 228.82815098762512, 257.87750697135925, 238.48430800437927, 177.46078896522522, 266.6398780345917, 284.6983139514923, 219.27531504631042, 153.79025101661682, 189.7853240966797, 224.13214015960693, 177.13901901245117, 191.48089385032654, 220.9413619041443, 257.3582708835602, 265.67386198043823, 183.7809920310974, 213.41377902030945, 237.37851905822754, 239.6033399105072, 208.05323386192322, 215.7457537651062, 251.97380805015564, 193.57858514785767, 197.10860896110535, 184.86022305488586, 170.91251301765442, 155.57141876220703, 180.12763214111328, 131.24995017051697, 178.01337385177612, 172.09208798408508, 175.91146087646484, 126.8813419342041, 83.00776386260986, 130.5805950164795, 129.1044578552246, 116.26912117004395, 120.61712574958801, 126.48027491569519, 102.52518677711487, 72.70933485031128, 69.52208805084229, 68.75277972221375, 78.15453886985779, 61.478261947631836, 88.26874899864197]"
1,Cifar10,FedProx,100,0.5,212.8960788321495,"[209.18362498283386, 201.46610188484192, 224.36885786056519, 174.79652500152588, 207.99272894859314, 353.66285705566406, 284.2031772136688, 280.67996287345886, 323.39122200012207, 358.4609360694885, 260.78891801834106, 308.353679895401, 269.9586548805237, 329.968327999115, 285.4396810531616, 331.18519926071167, 331.6270971298218, 277.3586139678955, 272.3041892051697, 261.6414430141449, 292.75155997276306, 248.23815822601318, 266.93655800819397, 250.07374691963196, 304.9752268791199, 226.95452284812927, 225.3938410282135, 260.70866894721985, 280.9860279560089, 295.4265649318695, 284.01344895362854, 312.78689885139465, 262.43903517723083, 298.6365501880646, 241.49558401107788, 358.30322909355164, 281.6305410861969, 246.10219502449036, 291.9246678352356, 258.06067419052124, 263.45890974998474, 300.2638909816742, 325.8474407196045, 266.20184779167175, 275.77495312690735, 305.00014209747314, 321.33042311668396, 306.0399270057678, 322.9117238521576, 296.602911233902, 291.8525950908661, 337.66936016082764, 340.8854069709778, 285.5267848968506, 308.9592869281769, 341.55094504356384, 315.0555229187012, 250.2698690891266, 344.4818570613861, 268.2020421028137, 221.02548909187317, 162.46438813209534, 182.70031428337097, 224.54355096817017, 171.46061182022095, 196.05910229682922, 184.0693120956421, 208.93099188804626, 217.0179750919342, 136.8226318359375, 112.50737690925598, 123.11874794960022, 113.15739607810974, 92.3661880493164, 107.56410384178162, 86.55509305000305, 71.0667450428009, 73.0244209766388, 78.58841919898987, 68.62595415115356, 63.531569957733154, 68.84920573234558, 54.33702492713928, 72.10963988304138, 74.9088819026947, 78.64735221862793, 59.42072296142578, 49.619544982910156, 67.20640277862549, 68.57327103614807, 62.00426697731018, 63.6918261051178, 73.29114890098572, 83.56014394760132, 67.53246593475342, 62.03550577163696, 69.31962013244629, 78.99389576911926, 63.6031551361084, 74.14808702468872]"
1,Cifar10,MOON,100,0.5,221.16858635663985,"[225.78076791763306, 220.9363570213318, 245.73576998710632, 188.36251211166382, 263.26043796539307, 382.82847809791565, 312.2527070045471, 310.0221540927887, 347.4488477706909, 396.90709686279297, 273.91048097610474, 333.57103300094604, 287.6611430644989, 353.280287027359, 296.02553391456604, 359.8401951789856, 357.621600151062, 295.3356788158417, 286.2017300128937, 284.2389349937439, 305.962993144989, 264.1193878650665, 280.99203872680664, 270.2412106990814, 332.760427236557, 242.09880900382996, 244.4698691368103, 282.0236780643463, 300.66877794265747, 307.88629508018494, 298.28002309799194, 337.01960492134094, 286.39343070983887, 327.5432507991791, 271.99798107147217, 390.73472476005554, 300.62319588661194, 253.48870706558228, 314.89823484420776, 270.30911803245544, 283.3439600467682, 320.1697840690613, 372.80514788627625, 285.1413381099701, 318.61227917671204, 326.162957906723, 345.33131408691406, 329.0134358406067, 329.44980478286743, 301.54638409614563, 308.8172416687012, 377.04784202575684, 375.18190002441406, 317.72598028182983, 331.5733358860016, 301.48217511177063, 278.87555480003357, 215.25545978546143, 308.0464210510254, 302.5396637916565, 221.02298784255981, 152.6044361591339, 175.9768328666687, 205.01774382591248, 119.77616906166077, 131.16611790657043, 144.12488389015198, 162.60548973083496, 132.21291399002075, 96.87353706359863, 97.87224984169006, 103.05348682403564, 96.3337562084198, 90.50345420837402, 99.53762674331665, 114.43820810317993, 88.47715926170349, 92.18836402893066, 104.50828289985657, 102.24514317512512, 94.39735674858093, 110.82216501235962, 86.94830107688904, 116.19233202934265, 109.62601017951965, 73.50105500221252, 54.669049978256226, 43.3713698387146, 60.055716037750244, 57.87839889526367, 52.71554899215698, 54.39020490646362, 60.59619903564453, 66.34822297096252, 53.47636914253235, 49.05850005149841, 49.756555795669556, 50.01482892036438, 53.64836096763611, 56.997761964797974]"
1,mnist,FedJS,100,0.5,116.94898431777955,"[98.79176807403564, 140.98477387428284, 118.17094016075134, 102.97639918327332, 116.73647379875183, 115.05962872505188, 127.08526420593262, 87.57744979858398, 109.89885115623474, 96.17079901695251, 101.13343000411987, 135.57890582084656, 117.1822350025177, 148.8786940574646, 144.72756624221802, 144.75481176376343, 125.86086511611938, 133.96898412704468, 125.01845288276672, 149.58295726776123, 171.97082710266113, 127.71708106994629, 121.359530210495, 164.50607991218567, 146.99205088615417, 172.54531908035278, 147.84333515167236, 140.74142599105835, 160.69649696350098, 153.94123601913452, 126.32061004638672, 171.2433898448944, 143.7167911529541, 127.01524186134338, 146.71765875816345, 125.05475568771362, 147.83085536956787, 148.62007689476013, 155.97435092926025, 122.72161602973938, 127.97796869277954, 103.11743903160095, 110.10248017311096, 122.3637490272522, 119.00770616531372, 100.69950008392334, 86.31758379936218, 100.28206992149353, 101.94322109222412, 86.48464822769165, 95.99571514129639, 102.3610508441925, 114.23591876029968, 92.24449014663696, 108.80769181251526, 115.26291179656982, 115.30257987976074, 122.54064273834229, 117.71701002120972, 95.42828011512756, 123.41781783103943, 94.29541802406311, 112.27712988853455, 93.09958982467651, 117.42450904846191, 75.76982593536377, 95.34009194374084, 87.25773191452026, 99.12181186676025, 102.29579997062683, 116.62238001823425, 92.21366715431213, 136.28836011886597, 112.40306997299194, 90.908686876297, 104.68089127540588, 95.7532570362091, 115.26959300041199, 122.58057594299316, 113.24724793434143, 113.88075184822083, 108.24277400970459, 108.6774411201477, 99.40259099006653, 78.72836971282959, 110.48421311378479, 102.9239239692688, 86.51565194129944, 100.34430122375488, 102.98839974403381, 105.48573803901672, 124.03595900535583, 94.93272662162781, 108.78449511528015, 108.55130410194397, 123.54374098777771, 93.0205409526825, 112.06118130683899, 95.44472599029541, 114.7215096950531]"
1,mnist,FedAvg,100,0.5,117.27269100666047,"[98.12551403045654, 144.44453287124634, 116.81740593910217, 102.0284948348999, 116.69934797286987, 114.00987792015076, 129.19320106506348, 87.73218822479248, 108.79185724258423, 95.58467817306519, 100.78703188896179, 136.67763876914978, 120.67440485954285, 148.2536919116974, 145.13311791419983, 150.10734510421753, 124.85658001899719, 133.44773316383362, 124.08350610733032, 151.93127012252808, 170.41205716133118, 129.5387670993805, 120.15479516983032, 164.37443614006042, 146.3431887626648, 173.85724115371704, 146.9578402042389, 140.2074921131134, 161.80678009986877, 155.71177911758423, 129.89135599136353, 172.12274622917175, 143.34855890274048, 131.94015216827393, 145.05158185958862, 124.211660861969, 149.2497091293335, 149.30487084388733, 156.01116800308228, 114.54313111305237, 126.20926094055176, 103.73756814002991, 110.23178696632385, 124.00907897949219, 118.68212819099426, 101.68918490409851, 85.97885990142822, 101.44921684265137, 101.21136498451233, 87.42638611793518, 97.10850715637207, 104.6029212474823, 114.39130711555481, 92.83453679084778, 110.40759801864624, 113.80695104598999, 116.27631497383118, 122.18854713439941, 117.21687817573547, 95.62095284461975, 123.39985585212708, 96.11749005317688, 112.77497291564941, 93.79409694671631, 117.84873104095459, 76.52683305740356, 94.86321187019348, 86.92374897003174, 100.1787440776825, 101.95252299308777, 117.95055484771729, 90.0158679485321, 136.67103815078735, 112.89272689819336, 92.8223729133606, 106.59691381454468, 94.49189305305481, 117.0405421257019, 122.05727696418762, 113.84877800941467, 113.8958797454834, 109.75114917755127, 109.14498686790466, 98.7505578994751, 78.93110489845276, 113.6726438999176, 102.05164909362793, 86.14086318016052, 101.24709486961365, 104.9685423374176, 105.14578700065613, 124.16381311416626, 95.85606217384338, 109.75567722320557, 109.42195200920105, 125.80312323570251, 91.1033718585968, 112.70849013328552, 96.08540081977844, 110.40469789505005]"
1,mnist,FedALA_AAW,100,0.5,124.9685640859604,"[189.7438530921936, 180.2290120124817, 157.1738657951355, 122.43152379989624, 133.78032183647156, 136.9293510913849, 140.8067147731781, 95.61485314369202, 115.26894283294678, 104.9672429561615, 116.15861797332764, 207.6496787071228, 164.0309543609619, 165.13989996910095, 163.50063490867615, 155.4045271873474, 136.04084825515747, 137.33357787132263, 129.92735886573792, 161.12898898124695, 191.9732038974762, 133.50355291366577, 126.51332592964172, 164.0200719833374, 155.38577604293823, 184.27959299087524, 153.40624618530273, 156.1380250453949, 176.6311240196228, 167.25035405158997, 138.19547605514526, 180.6620910167694, 153.9764049053192, 135.61362266540527, 150.2929880619049, 99.50700807571411, 122.42968225479126, 125.40927529335022, 141.0359241962433, 124.55739092826843, 135.95952916145325, 111.76405191421509, 117.47502589225769, 119.050528049469, 126.87140107154846, 110.13965010643005, 92.17928004264832, 108.13301110267639, 109.41093707084656, 94.17687821388245, 104.01928281784058, 109.90193605422974, 123.1377182006836, 101.23173332214355, 119.80788993835449, 123.01623511314392, 126.88187098503113, 132.13344192504883, 124.90916395187378, 103.65103387832642, 133.67710423469543, 100.14536809921265, 121.08557796478271, 100.16060495376587, 128.91795468330383, 80.3290388584137, 100.12513899803162, 92.20085191726685, 106.88221025466919, 111.88767075538635, 127.76937508583069, 99.34710693359375, 147.82433485984802, 121.22428488731384, 98.93886995315552, 113.46059393882751, 98.75919795036316, 123.18778705596924, 132.44303798675537, 123.11312890052795, 124.26445007324219, 119.650808095932, 118.09848713874817, 107.89866375923157, 83.5217797756195, 119.5699782371521, 109.75970506668091, 95.21972513198853, 109.44324898719788, 110.41690278053284, 113.52443027496338, 116.64377808570862, 80.18931603431702, 91.57185220718384, 92.54972124099731, 104.39084696769714, 75.06439900398254, 94.58364081382751, 81.97573280334473, 99.14720010757446]"
1,mnist,FedAAW,100,0.5,128.73416380643846,"[117.0016860961914, 159.4991159439087, 132.83064913749695, 121.52905631065369, 132.88610792160034, 126.23709964752197, 149.32371401786804, 103.86684679985046, 122.305104970932, 112.21552801132202, 113.40509414672852, 201.31246089935303, 177.55784606933594, 176.0279517173767, 175.70360708236694, 165.4753601551056, 139.71641087532043, 146.20395803451538, 138.69268083572388, 173.62477588653564, 204.1315267086029, 140.9714810848236, 136.0403549671173, 173.77608799934387, 163.4901478290558, 197.42293310165405, 166.0973289012909, 162.4819679260254, 188.27373600006104, 183.88899898529053, 144.44129085540771, 193.266273021698, 159.7430498600006, 142.23000192642212, 132.29536485671997, 106.43685793876648, 130.0239667892456, 140.7199718952179, 143.59352707862854, 130.64521098136902, 145.2745819091797, 118.94660663604736, 125.98523497581482, 127.29907083511353, 138.4622781276703, 114.45273900032043, 99.36521482467651, 116.92846274375916, 117.25774884223938, 100.67051887512207, 111.05483603477478, 117.69521689414978, 132.12454175949097, 108.57166004180908, 127.3923168182373, 132.1129789352417, 132.98313903808594, 141.03831028938293, 135.51362991333008, 109.81140184402466, 142.0993137359619, 107.35428833961487, 128.18359804153442, 107.59371209144592, 136.4946849346161, 89.61664295196533, 107.8847119808197, 101.65577006340027, 115.1127359867096, 114.96897101402283, 134.59081196784973, 104.22223114967346, 158.53675317764282, 131.22286295890808, 108.24769616127014, 121.73269701004028, 107.05167412757874, 133.21895694732666, 139.47077918052673, 135.90988683700562, 131.24413514137268, 125.7051362991333, 127.34862494468689, 114.73418021202087, 89.06559681892395, 128.4350769519806, 110.10773515701294, 76.90718531608582, 88.09273099899292, 90.01205921173096, 92.82220602035522, 106.26276898384094, 82.52812790870667, 98.54358005523682, 97.04361271858215, 97.65576076507568, 68.08688521385193, 85.1953558921814, 73.41264081001282, 86.71858096122742]"
1,mnist,FedALA,100,0.5,130.2192891764641,"[321.4787850379944, 137.05220079421997, 136.08229613304138, 120.25241613388062, 128.7199637889862, 127.72955799102783, 144.41327214241028, 108.58123397827148, 122.13742113113403, 114.80731391906738, 161.1288080215454, 210.34659814834595, 185.23100876808167, 176.10056495666504, 170.20527696609497, 166.2574179172516, 146.03064513206482, 151.43902492523193, 150.70445799827576, 175.3764169216156, 186.79040932655334, 145.87466096878052, 139.86900687217712, 169.88906002044678, 162.0686492919922, 199.64006781578064, 165.2413408756256, 158.78122091293335, 187.3865180015564, 177.91163277626038, 147.36969375610352, 181.24870681762695, 148.60155487060547, 115.96081614494324, 125.15447402000427, 109.65127110481262, 140.0946991443634, 131.74915194511414, 137.3198001384735, 128.79893398284912, 139.95202207565308, 120.36912894248962, 127.35699200630188, 127.12785696983337, 132.93429803848267, 117.97228407859802, 102.20473599433899, 118.45694899559021, 119.19405794143677, 103.23844003677368, 114.66480994224548, 117.13346004486084, 133.6981737613678, 110.51971888542175, 126.78513097763062, 128.4794099330902, 133.12291979789734, 138.97814512252808, 133.01347398757935, 111.71900010108948, 139.53813290596008, 107.9281690120697, 127.97264099121094, 109.66747498512268, 137.04505014419556, 93.75550293922424, 110.30320692062378, 102.99413585662842, 115.78391981124878, 116.57586193084717, 133.31410193443298, 106.18472909927368, 153.6404390335083, 131.66491389274597, 106.7562849521637, 122.69283604621887, 111.25630903244019, 132.111958026886, 136.828852891922, 130.34368085861206, 130.55240893363953, 127.98067212104797, 124.82415914535522, 115.4917049407959, 94.40972590446472, 106.12542510032654, 93.75069093704224, 80.30021405220032, 91.16148591041565, 92.94361710548401, 93.9478530883789, 108.51945519447327, 87.80301904678345, 94.34688210487366, 87.2360908985138, 93.80430793762207, 74.50602412223816, 87.03085970878601, 65.12972593307495, 75.30903697013855]"
1,mnist,SCAFFOLD,100,0.5,132.19071112394332,"[127.78980803489685, 167.200208902359, 148.5563669204712, 130.97733283042908, 142.8039402961731, 138.33523082733154, 165.66647005081177, 109.93323588371277, 134.34904289245605, 121.99290180206299, 161.7327859401703, 239.40093684196472, 206.68334674835205, 191.81193494796753, 185.65480589866638, 177.96376991271973, 152.91405200958252, 161.98479318618774, 159.42443132400513, 181.51339292526245, 211.17302870750427, 156.39731001853943, 145.26173305511475, 187.381737947464, 187.20764899253845, 217.460688829422, 181.66383504867554, 176.9259328842163, 206.11553120613098, 194.79633498191833, 155.07197880744934, 162.60086607933044, 135.79111313819885, 123.26277709007263, 150.14168310165405, 116.7888457775116, 142.9220962524414, 144.6454200744629, 152.4918041229248, 143.62342977523804, 161.95618510246277, 130.40366411209106, 134.2298228740692, 136.45996809005737, 145.94044613838196, 125.12674617767334, 102.64327096939087, 124.50281596183777, 128.63284397125244, 104.39758896827698, 118.65499591827393, 123.15388011932373, 142.60846209526062, 113.10395097732544, 137.26816701889038, 139.64995288848877, 144.09674906730652, 150.49748396873474, 142.48840403556824, 115.68263816833496, 155.93462705612183, 115.24709391593933, 138.1697759628296, 113.86188220977783, 144.6571409702301, 90.1023519039154, 115.07112622261047, 104.90424299240112, 123.3682849407196, 124.1311559677124, 146.19247794151306, 110.32651901245117, 172.36560010910034, 141.9248549938202, 110.7538070678711, 129.26859712600708, 115.84788012504578, 141.52705812454224, 150.34319305419922, 134.73105573654175, 105.50492095947266, 99.86546301841736, 98.62985610961914, 90.13674879074097, 67.93080711364746, 101.41074514389038, 92.98268699645996, 78.40446519851685, 82.29584813117981, 80.48623204231262, 80.11866998672485, 95.26366400718689, 72.32471776008606, 69.69858288764954, 68.73348116874695, 57.0906617641449, 39.30034422874451, 48.749151945114136, 40.79850888252258, 50.706210136413574]"
1,mnist,FedProx,100,0.5,140.6879570031166,"[179.88315439224243, 193.66249823570251, 193.7944040298462, 163.0178530216217, 182.76747107505798, 178.45325684547424, 206.75487732887268, 171.8580720424652, 238.26423120498657, 224.70090413093567, 232.12128901481628, 303.675822019577, 253.16912984848022, 241.92224717140198, 228.73771977424622, 223.20061898231506, 193.04981207847595, 198.1791422367096, 188.72137594223022, 234.6022551059723, 267.49598002433777, 196.35421085357666, 190.64530396461487, 230.74798274040222, 195.10277485847473, 204.10114312171936, 189.4837658405304, 168.24735713005066, 195.14817094802856, 188.2251636981964, 152.76724767684937, 203.19987082481384, 173.0059151649475, 159.38832712173462, 174.8469431400299, 152.29841494560242, 182.13668775558472, 187.07095503807068, 194.51861000061035, 182.23510193824768, 203.82903122901917, 170.51431393623352, 176.6058177947998, 178.168555021286, 190.60539603233337, 165.0697340965271, 143.36857080459595, 167.90917778015137, 165.9148509502411, 142.3100140094757, 156.0024700164795, 165.8065061569214, 186.3204550743103, 151.82803010940552, 179.45651817321777, 186.07387804985046, 186.23452281951904, 195.4651620388031, 190.81012296676636, 154.21925401687622, 191.70765686035156, 113.3519217967987, 133.88901233673096, 113.67080068588257, 140.440434217453, 95.25898480415344, 114.61520600318909, 98.21502900123596, 102.82953214645386, 103.80775499343872, 120.02517890930176, 77.98172783851624, 99.98008704185486, 65.4329001903534, 54.11725187301636, 61.921581745147705, 43.38852310180664, 39.122304916381836, 42.17221212387085, 39.625486850738525, 39.324865102767944, 38.073466300964355, 38.0028121471405, 35.49298596382141, 29.92295217514038, 39.39725875854492, 36.45393109321594, 32.31257200241089, 36.33306074142456, 37.23133993148804, 37.22206401824951, 42.344197034835815, 36.724364042282104, 38.012519121170044, 38.280351877212524, 42.29817724227905, 31.570873737335205, 39.37394428253174, 34.43016505241394, 40.37176990509033]"
1,mnist,MOON,100,0.5,150.14311621665954,"[201.2036910057068, 228.1023519039154, 219.26256918907166, 189.25865006446838, 212.48200702667236, 209.22712516784668, 292.4086608886719, 223.95629978179932, 287.5305800437927, 249.67499804496765, 250.14586305618286, 358.60733008384705, 279.0342609882355, 261.4363651275635, 257.29447722435, 246.6463441848755, 225.04836201667786, 221.8246259689331, 220.41990399360657, 262.97922801971436, 293.78881192207336, 174.50714492797852, 163.9268229007721, 221.12180185317993, 201.51059913635254, 239.4988558292389, 205.08875489234924, 197.60586214065552, 228.5647280216217, 221.85389590263367, 179.9054388999939, 237.58539009094238, 205.94204211235046, 185.69661784172058, 204.38292980194092, 177.05685997009277, 215.06900191307068, 218.62016797065735, 227.32990837097168, 214.28337812423706, 243.4378433227539, 196.68890285491943, 206.56370401382446, 209.16938877105713, 225.28314185142517, 189.82024717330933, 164.84300303459167, 196.03148889541626, 194.0231430530548, 165.43961215019226, 186.24781394004822, 192.282231092453, 206.00921511650085, 143.48886489868164, 168.92416191101074, 172.9377510547638, 178.62612104415894, 175.60929203033447, 158.74447584152222, 129.67844200134277, 145.028470993042, 89.66390991210938, 111.26409602165222, 67.0471510887146, 79.44619083404541, 49.91533088684082, 61.58333492279053, 58.07103490829468, 68.13407301902771, 68.41630482673645, 78.88543105125427, 61.3624210357666, 93.71986699104309, 74.79667210578918, 60.83349895477295, 70.60800623893738, 39.310189723968506, 42.93261790275574, 45.23426294326782, 43.757177114486694, 42.74224901199341, 41.362499952316284, 41.588303089141846, 37.26799488067627, 29.46063804626465, 41.67692494392395, 37.99629592895508, 32.56958842277527, 39.17926383018494, 38.479928731918335, 39.421574115753174, 46.062249183654785, 35.532697677612305, 41.52278184890747, 41.755918741226196, 48.4933397769928, 33.761553049087524, 42.435296058654785, 35.98177933692932, 43.2791531085968]"
1,mnist,SCAFFOLD,100,0.5,20.254818701744078,"[21.63787603378296, 23.134758949279785, 24.481909036636353, 22.168113231658936, 16.73879885673523, 15.860234022140503, 20.964834928512573, 17.305103063583374, 21.79104709625244, 27.500793933868408, 27.327171087265015, 30.04324984550476, 27.66379404067993, 29.724456071853638, 26.421546936035156, 24.14225697517395, 17.99686312675476, 23.03376579284668, 25.655770778656006, 26.38660717010498, 17.23057794570923, 26.92619299888611, 31.402626037597656, 29.667618989944458, 25.701509952545166, 29.99745774269104, 21.424384832382202, 37.999715089797974, 28.059977293014526, 22.382524967193604, 16.20904302597046, 19.10755491256714, 18.730781078338623, 12.467574119567871, 14.641096830368042, 19.85138511657715, 22.33833074569702, 15.783770084381104, 30.027386903762817, 23.66057586669922, 29.44252371788025, 19.63002586364746, 22.24263882637024, 21.265338897705078, 16.71428370475769, 13.511114120483398, 22.251380920410156, 16.373647928237915, 23.01749563217163, 17.621925830841064, 25.160638093948364, 14.305006980895996, 17.405217170715332, 23.58195400238037, 16.224348068237305, 15.867739915847778, 18.842430353164673, 14.623836994171143, 11.838535785675049, 17.059830904006958, 21.578953981399536, 17.635468006134033, 17.929468154907227, 14.952361106872559, 14.875953912734985, 16.42396903038025, 19.458188772201538, 14.469688177108765, 14.246588945388794, 17.35928702354431, 14.507842063903809, 19.352877855300903, 15.878715753555298, 23.38442826271057, 24.433092832565308, 19.832267999649048, 15.086061000823975, 12.8313570022583, 16.171405792236328, 17.00139617919922, 17.563085079193115, 22.28715491294861, 21.02338981628418, 14.816395998001099, 20.40352487564087, 18.15648102760315, 18.31716799736023, 13.810683727264404, 14.606476068496704, 20.03775691986084, 20.743741273880005, 17.927605152130127, 12.877871036529541, 16.233317136764526, 16.55250310897827, 20.299057960510254, 27.332427978515625, 20.12788486480713, 13.966524124145508, 20.42050004005432]"

1,Cifar10,FedJS,100,0.5,134.42545092105865,"[129.47679328918457, 147.32806706428528, 148.5216519832611, 177.10946774482727, 170.76024794578552, 156.42479372024536, 130.28509521484375, 139.59969520568848, 180.75764679908752, 113.12988901138306, 172.14624905586243, 121.61595225334167, 151.4926941394806, 129.61088585853577, 146.54494094848633, 129.01108384132385, 119.4995539188385, 114.97849917411804, 135.4371600151062, 120.39787411689758, 122.37345576286316, 140.1792619228363, 144.11350297927856, 145.61245322227478, 145.50567030906677, 132.53788328170776, 145.52887082099915, 151.1892900466919, 132.10232496261597, 145.9378890991211, 96.44700860977173, 135.48342990875244, 117.63097310066223, 116.18731594085693, 131.0786418914795, 132.4142668247223, 126.0517029762268, 113.95213007926941, 102.02478098869324, 116.40788292884827, 163.45173287391663, 133.76542592048645, 164.75888395309448, 158.76071310043335, 161.81585812568665, 113.55423307418823, 111.93709588050842, 135.50845909118652, 141.1204206943512, 163.4215431213379, 145.29996418952942, 114.39888405799866, 135.47969889640808, 126.39535927772522, 162.41465973854065, 134.19078993797302, 145.78827691078186, 145.570077419281, 92.32610774040222, 134.2683823108673, 121.70518016815186, 132.38018608093262, 124.66267991065979, 144.45264291763306, 128.8964560031891, 148.8961112499237, 109.24785685539246, 106.75057792663574, 138.71710300445557, 112.14245104789734, 144.5892140865326, 156.56408596038818, 115.93772578239441, 135.9490737915039, 115.48992824554443, 140.060448884964, 157.2890329360962, 148.09832906723022, 147.7079861164093, 122.57875800132751, 127.7783830165863, 137.7339940071106, 102.89207816123962, 110.87356495857239, 124.85275793075562, 121.05381917953491, 145.62716603279114, 148.73943400382996, 140.67260909080505, 117.1502480506897, 124.35784387588501, 140.4610698223114, 112.19253087043762, 121.55444622039795, 149.33991599082947, 124.1616461277008, 157.64350271224976, 120.03692579269409, 118.33226704597473, 133.86151790618896]"
1,Cifar10,FedALA_AAW,100,0.5,148.06720119714737,"[233.08247900009155, 257.4492847919464, 165.66577982902527, 216.98854207992554, 191.75083994865417, 172.05153727531433, 146.02883291244507, 139.30508518218994, 190.0601670742035, 121.88428711891174, 186.76253199577332, 131.63120412826538, 168.00482320785522, 143.93510508537292, 160.22718477249146, 145.22979307174683, 126.25825905799866, 129.5311632156372, 158.8347771167755, 141.32100200653076, 135.22986507415771, 146.87429213523865, 141.6519558429718, 159.7125382423401, 164.36496782302856, 148.18562817573547, 158.49693608283997, 166.57113528251648, 146.70070815086365, 178.71637797355652, 106.81844019889832, 150.3910539150238, 134.03227519989014, 127.95466113090515, 151.31437587738037, 142.21195793151855, 138.57243418693542, 128.9214310646057, 111.22511720657349, 131.92245197296143, 166.73745608329773, 144.16453504562378, 181.7481391429901, 179.19706296920776, 180.29635882377625, 122.69054794311523, 123.34936809539795, 150.1027069091797, 158.97804498672485, 172.72784209251404, 161.85575795173645, 127.5578260421753, 154.5876579284668, 137.5519459247589, 183.09409308433533, 152.84654784202576, 159.48488187789917, 160.09508800506592, 98.77374625205994, 142.45508003234863, 132.64613103866577, 144.13335704803467, 136.43443369865417, 153.59646010398865, 144.0348527431488, 159.46564626693726, 123.70281505584717, 116.509761095047, 163.95274209976196, 121.35310482978821, 158.98165202140808, 172.1879391670227, 125.66182494163513, 151.73214387893677, 124.75974297523499, 157.41578602790833, 171.16976690292358, 159.75500297546387, 167.1002209186554, 135.727933883667, 145.41629481315613, 150.7343978881836, 112.99818015098572, 121.52543902397156, 142.10491394996643, 134.6990180015564, 159.59284806251526, 165.3673632144928, 155.85136890411377, 118.07588911056519, 123.55603575706482, 137.6620011329651, 107.46368098258972, 122.50641393661499, 152.5851719379425, 120.65092873573303, 138.542897939682, 101.57124018669128, 107.33911490440369, 113.98963403701782]"
1,Cifar10,FedALA,100,0.5,153.1110594844818,"[361.3796977996826, 170.2533462047577, 170.47734594345093, 200.44770526885986, 196.75336384773254, 179.1799521446228, 153.6265799999237, 147.6722128391266, 190.9527349472046, 128.85979104042053, 192.80256009101868, 141.06090807914734, 173.37463092803955, 151.21279621124268, 168.4078550338745, 151.27984714508057, 137.76571679115295, 148.5165982246399, 166.2019100189209, 143.8634328842163, 142.32091283798218, 153.99013805389404, 148.6534550189972, 168.1677050590515, 166.80641317367554, 154.2695140838623, 162.9437608718872, 172.82381391525269, 163.36206912994385, 174.91405820846558, 116.55125880241394, 155.5680751800537, 144.86813282966614, 147.1373269557953, 149.85436701774597, 152.84990000724792, 143.4227330684662, 136.01821112632751, 122.3961250782013, 137.3179280757904, 173.0729420185089, 154.7959909439087, 187.2699258327484, 178.41484689712524, 185.31703400611877, 134.74605584144592, 134.57272005081177, 155.69274592399597, 164.19708967208862, 179.75425815582275, 175.01551222801208, 140.58317399024963, 159.22880721092224, 148.8586390018463, 182.1454770565033, 153.98682689666748, 163.76688194274902, 164.97287607192993, 113.42420411109924, 152.9492950439453, 141.6575310230255, 151.88705468177795, 145.37592768669128, 163.06391716003418, 154.37800216674805, 170.63643884658813, 128.98826694488525, 128.00438904762268, 160.48195695877075, 131.12315011024475, 163.7064299583435, 176.4812400341034, 137.14202117919922, 156.22479605674744, 136.56660795211792, 166.06661772727966, 175.82224702835083, 167.83598113059998, 170.92535591125488, 142.02294301986694, 152.57524585723877, 160.13868188858032, 124.81968879699707, 132.72540426254272, 147.5877320766449, 131.65338015556335, 150.93517994880676, 151.5335178375244, 147.35710191726685, 124.83178806304932, 128.06532287597656, 131.3299720287323, 103.08819508552551, 113.40005922317505, 133.85649490356445, 100.98735427856445, 121.30937695503235, 93.87292575836182, 96.2149817943573, 105.34248328208923]"
1,Cifar10,FedAAW,100,0.5,152.94982805490494,"[158.4682412147522, 171.3449149131775, 175.6308398246765, 208.9244258403778, 205.96970438957214, 183.93281316757202, 156.65730905532837, 156.2883026599884, 201.60527896881104, 129.7912781238556, 201.39185309410095, 139.36149501800537, 181.3239049911499, 152.5910987854004, 173.1442220211029, 154.0364990234375, 134.73529601097107, 140.0743272304535, 180.65335392951965, 145.7939636707306, 143.14282083511353, 155.4001748561859, 150.25415587425232, 172.2993667125702, 174.58334302902222, 159.07076716423035, 173.24952697753906, 179.79273796081543, 160.3488540649414, 181.44637894630432, 109.63392114639282, 162.07033014297485, 137.8815360069275, 151.12758135795593, 148.7676169872284, 153.90051579475403, 144.79868006706238, 136.35828518867493, 115.24918413162231, 136.13570284843445, 179.94142818450928, 155.8622829914093, 196.79319620132446, 187.41219472885132, 194.06602001190186, 131.87004804611206, 130.39717078208923, 160.012109041214, 166.72234797477722, 185.01994228363037, 177.45604920387268, 137.11220574378967, 160.72852301597595, 146.84494495391846, 191.01331186294556, 158.5866870880127, 169.68469524383545, 171.98458909988403, 107.03323531150818, 154.51526522636414, 142.0610752105713, 152.255028963089, 143.42958307266235, 166.17145705223083, 157.50083184242249, 174.62866806983948, 128.22183299064636, 124.92229795455933, 164.25916504859924, 132.97620105743408, 167.1177430152893, 184.42784881591797, 132.76800274848938, 162.20393013954163, 131.42107009887695, 171.2838830947876, 181.35167598724365, 172.73359084129333, 177.62791872024536, 147.192773103714, 153.4165539741516, 162.75447702407837, 120.727872133255, 128.7463481426239, 148.44894695281982, 124.17208075523376, 151.13989925384521, 155.71682572364807, 149.74360489845276, 122.61024188995361, 128.38428902626038, 128.09358620643616, 97.39867877960205, 111.03295803070068, 136.24524688720703, 93.71804809570312, 121.12061905860901, 91.56149983406067, 91.77669191360474, 103.33291006088257]"
1,Cifar10,SCAFFOLD,100,0.5,157.84807987451552,"[169.80336999893188, 191.88377809524536, 197.36116576194763, 231.02745079994202, 225.31760573387146, 204.87612104415894, 169.3740429878235, 163.54829692840576, 222.35001802444458, 140.03826475143433, 219.87400698661804, 152.61877393722534, 198.545147895813, 167.12297987937927, 191.05437707901, 168.90191316604614, 170.9136881828308, 150.0510802268982, 178.06439399719238, 151.51065325737, 160.3398609161377, 173.79969096183777, 168.82106924057007, 189.09104895591736, 188.47589492797852, 171.41526007652283, 198.47453594207764, 200.12297296524048, 170.58560466766357, 202.1661717891693, 121.90959191322327, 178.31551313400269, 155.98201894760132, 148.25301504135132, 162.0196189880371, 162.89768028259277, 158.4395730495453, 144.78438568115234, 136.1381049156189, 148.45629000663757, 195.13668704032898, 169.22213196754456, 208.6968550682068, 200.93198108673096, 208.3670871257782, 140.60229301452637, 146.0543692111969, 173.23291683197021, 181.0663549900055, 198.9491090774536, 185.12680339813232, 144.09257221221924, 170.01059699058533, 154.7183759212494, 208.87955904006958, 168.96347904205322, 182.0389428138733, 183.36204409599304, 111.04749178886414, 173.40139627456665, 148.59920573234558, 163.14574193954468, 153.60206699371338, 177.33780884742737, 165.07372212409973, 185.84968304634094, 139.35603094100952, 130.24061489105225, 180.73489713668823, 141.6307520866394, 184.85990118980408, 200.15234303474426, 142.42535209655762, 171.48125910758972, 142.3881390094757, 177.1740972995758, 197.65784788131714, 182.23740410804749, 164.24658393859863, 134.48286604881287, 139.8644242286682, 156.02889895439148, 111.75524616241455, 120.16003704071045, 119.53294801712036, 111.66428589820862, 136.10558009147644, 135.02542519569397, 110.97021794319153, 90.86622500419617, 97.74997806549072, 110.83238887786865, 76.52852201461792, 62.06316685676575, 78.31275224685669, 64.38177680969238, 81.4344789981842, 60.39458894729614, 60.76578712463379, 69.06886339187622]"
1,Cifar10,FedProx,100,0.5,172.8677524280548,"[224.19308996200562, 247.3981008529663, 250.36373782157898, 294.707417011261, 289.1300559043884, 239.15539121627808, 206.84791207313538, 207.8240523338318, 273.70940494537354, 184.81184077262878, 278.0076620578766, 200.86585521697998, 274.1739070415497, 219.4408688545227, 243.86436200141907, 218.09461784362793, 200.99892282485962, 200.01852798461914, 223.5660662651062, 203.99941420555115, 219.9037628173828, 222.92090678215027, 218.09207201004028, 251.98362803459167, 248.99412298202515, 222.40846514701843, 241.0849781036377, 249.65240788459778, 224.72499823570251, 242.62080001831055, 160.12838077545166, 226.31231307983398, 198.01362776756287, 198.21931409835815, 211.2251899242401, 217.6766369342804, 207.41389799118042, 195.40150785446167, 167.11271500587463, 195.66819405555725, 247.64060735702515, 218.37492680549622, 267.7120189666748, 260.0735969543457, 267.30127930641174, 198.0459759235382, 182.39419794082642, 223.90731596946716, 233.21211290359497, 255.6316180229187, 244.87713360786438, 193.5946490764618, 228.16324305534363, 209.15041780471802, 264.4427800178528, 227.18707299232483, 239.40462589263916, 243.4664478302002, 155.57747602462769, 196.27528285980225, 175.18426132202148, 189.62587904930115, 182.95626997947693, 196.468976020813, 162.77336287498474, 181.40842008590698, 132.52412104606628, 113.10157918930054, 146.4705822467804, 117.02635908126831, 123.31809830665588, 102.77682614326477, 79.85467576980591, 89.7609510421753, 75.76205325126648, 96.97711205482483, 76.37112593650818, 72.64178705215454, 71.51164603233337, 61.59407377243042, 62.66539192199707, 66.52669596672058, 51.51173400878906, 56.84069204330444, 60.556912899017334, 58.94562005996704, 67.84352207183838, 73.74957418441772, 76.02897095680237, 57.16892695426941, 59.060598850250244, 66.55669784545898, 54.17258405685425, 59.38537907600403, 73.04313802719116, 58.793022871017456, 75.25236487388611, 57.067522048950195, 57.99993109703064, 88.33589673042297]"
1,Cifar10,MOON,100,0.5,186.0255036211014,"[231.20520114898682, 267.4351921081543, 266.4386718273163, 319.1172208786011, 306.815132856369, 266.6551470756531, 222.76387786865234, 229.12265992164612, 305.89720392227173, 200.1312358379364, 310.4582657814026, 238.63710284233093, 283.1302740573883, 239.8693561553955, 273.5844669342041, 243.59728002548218, 218.36635375022888, 215.9910819530487, 263.6767098903656, 222.0020990371704, 227.84048008918762, 256.39134788513184, 243.79241299629211, 262.4961748123169, 268.0608878135681, 243.94916081428528, 272.2716860771179, 276.23069882392883, 242.30391597747803, 272.94046902656555, 173.65204191207886, 251.51129508018494, 218.91921615600586, 215.55248188972473, 230.58762621879578, 230.4956409931183, 226.19237208366394, 210.66930413246155, 182.47142815589905, 216.91919589042664, 273.2467408180237, 246.6360001564026, 298.0541512966156, 284.5560369491577, 296.7429769039154, 205.91464185714722, 206.2040400505066, 246.37215280532837, 263.4938540458679, 285.5102961063385, 269.3517780303955, 214.02527117729187, 246.64968395233154, 228.81338596343994, 267.6597490310669, 223.86650705337524, 240.93932175636292, 227.66902875900269, 133.7326419353485, 190.67124128341675, 159.2487370967865, 167.41194605827332, 157.01899695396423, 142.30967497825623, 125.60730695724487, 136.73243498802185, 103.3097939491272, 83.09660387039185, 96.75528025627136, 79.2023401260376, 100.8694441318512, 107.63868021965027, 79.00500583648682, 93.96109986305237, 79.84119200706482, 104.21846675872803, 110.11273097991943, 102.80638599395752, 101.5848331451416, 84.91449093818665, 89.12390089035034, 94.95398902893066, 72.07796621322632, 99.20253491401672, 82.251962184906, 76.28290009498596, 93.99126887321472, 94.84287977218628, 90.99350786209106, 71.7797281742096, 78.87343096733093, 88.2016339302063, 69.70550894737244, 77.2613570690155, 95.82941007614136, 77.83484697341919, 99.40330481529236, 75.01263999938965, 76.73995876312256, 84.29031682014465]"
1,Cifar10,FedAvg,100,0.5,28.44207650899887,"[37.03606414794922, 40.908477783203125, 41.314780950546265, 47.051066160202026, 50.77458691596985, 43.725488901138306, 38.05267095565796, 37.386444091796875, 50.345348834991455, 34.8757529258728, 49.138078927993774, 36.7727632522583, 45.36043119430542, 38.76800084114075, 44.026668071746826, 38.48676300048828, 37.418365240097046, 35.101828813552856, 41.81893277168274, 35.76386594772339, 39.83484387397766, 40.098803758621216, 39.028440713882446, 42.3233208656311, 43.0269660949707, 39.211349964141846, 42.85112810134888, 45.912272214889526, 38.919987201690674, 42.50337100028992, 29.223395824432373, 40.95717191696167, 21.1181218624115, 20.199119091033936, 21.213731050491333, 21.864460945129395, 21.810747861862183, 19.99252700805664, 17.68569016456604, 20.702481985092163, 25.275502681732178, 23.46501922607422, 27.070961236953735, 25.943121194839478, 27.95918083190918, 21.330706119537354, 19.906493186950684, 22.66420602798462, 25.66822624206543, 27.106990098953247, 24.540980100631714, 20.93244504928589, 22.476165056228638, 21.33476209640503, 26.59259796142578, 23.22373127937317, 24.251447200775146, 24.655961990356445, 16.462810754776, 21.89109492301941, 20.65364980697632, 22.046263933181763, 21.291536808013916, 23.68359899520874, 22.29328489303589, 24.22942614555359, 19.79581594467163, 18.499510049819946, 23.460949897766113, 19.726104974746704, 23.998116970062256, 25.82458186149597, 19.67216992378235, 23.21520209312439, 20.380302906036377, 24.88236117362976, 29.134572982788086, 25.78607988357544, 25.62277603149414, 22.12980890274048, 23.75636601448059, 23.497480869293213, 18.243072032928467, 19.156310081481934, 21.900320053100586, 21.015695810317993, 24.14075994491577, 24.800901174545288, 23.403167009353638, 19.782373189926147, 21.456254959106445, 23.590861082077026, 18.91089391708374, 21.131745100021362, 25.413350105285645, 20.97675919532776, 26.969709873199463, 20.202770948410034, 21.090394020080566, 23.085636854171753]"


1,mnist,FedJS,100,0.5,165.91725549936294,"[117.17982602119446, 132.9658169746399, 156.65476608276367, 143.22461414337158, 113.41528391838074, 109.8356761932373, 143.9084358215332, 119.53775310516357, 167.119558095932, 181.261225938797, 166.3288929462433, 164.8664939403534, 150.52575731277466, 171.3076741695404, 170.1708152294159, 140.79380989074707, 115.80977296829224, 131.2515618801117, 139.09644865989685, 151.58384799957275, 102.89018106460571, 210.25743508338928, 211.91985893249512, 177.11146092414856, 147.54466199874878, 158.46944189071655, 105.76618075370789, 192.87267184257507, 161.87845492362976, 151.82055377960205, 173.18511271476746, 197.25846195220947, 156.93514323234558, 96.38359904289246, 131.05385279655457, 154.147234916687, 175.48799586296082, 113.40299773216248, 166.13875198364258, 164.1578311920166, 203.00128173828125, 109.3565080165863, 178.27073407173157, 146.94265604019165, 116.2157256603241, 102.38128995895386, 146.35449600219727, 104.3022952079773, 164.03647708892822, 129.25398111343384, 184.52682495117188, 127.42671513557434, 171.0326702594757, 226.178612947464, 136.530827999115, 129.35973811149597, 152.68851804733276, 117.46319007873535, 92.80432796478271, 118.86439514160156, 160.53880310058594, 140.37842297554016, 172.73948001861572, 196.64786410331726, 180.09130692481995, 200.1044442653656, 222.2664749622345, 155.1713798046112, 161.26603603363037, 196.62446475028992, 164.6645381450653, 210.87061405181885, 180.55251598358154, 254.3676061630249, 271.82724809646606, 229.66912937164307, 171.66988730430603, 145.2891821861267, 174.82494163513184, 198.17959904670715, 200.5379810333252, 243.84714317321777, 236.34486603736877, 171.35984110832214, 226.9103081226349, 198.3732180595398, 197.5336651802063, 137.65156388282776, 149.7339310646057, 208.26715803146362, 229.14477705955505, 192.3451247215271, 142.5156581401825, 179.1457290649414, 175.17073512077332, 202.99151706695557, 241.76908111572266, 213.33090686798096, 155.0796959400177, 209.4175307750702]"
1,mnist,FedAvg,100,0.5,167.2952798128128,"[120.36111688613892, 133.71804523468018, 157.58803296089172, 143.72707772254944, 115.28470516204834, 110.29379606246948, 146.2482841014862, 120.64089703559875, 169.67298197746277, 183.03656196594238, 162.1494381427765, 165.77783393859863, 155.04608297348022, 170.3424208164215, 171.99044179916382, 138.84942483901978, 116.95397615432739, 134.27777004241943, 139.34790682792664, 154.75169587135315, 102.45858788490295, 226.27697896957397, 199.59161186218262, 180.85044193267822, 147.66328716278076, 155.03807497024536, 104.46743988990784, 193.71613383293152, 164.57244396209717, 177.965637922287, 165.3242712020874, 189.59268307685852, 159.0520031452179, 98.35897707939148, 135.29781699180603, 146.29900097846985, 175.87101006507874, 115.99696779251099, 169.47926139831543, 170.0180149078369, 187.45070004463196, 112.23495507240295, 180.43598699569702, 141.36454010009766, 126.97723317146301, 91.47087478637695, 144.864089012146, 118.65954208374023, 164.88164472579956, 128.38537096977234, 195.10481524467468, 129.18876481056213, 176.89343094825745, 218.60320281982422, 134.19057703018188, 126.95405697822571, 153.06126999855042, 118.8428909778595, 94.16946911811829, 122.46987414360046, 158.10473799705505, 144.6747829914093, 221.85370802879333, 192.73544192314148, 177.75607299804688, 189.05061030387878, 216.24066805839539, 163.70620584487915, 167.6880078315735, 197.4014229774475, 164.40780067443848, 211.98275685310364, 183.58245992660522, 254.98278403282166, 277.6194176673889, 232.33013796806335, 165.97956371307373, 143.70079803466797, 187.56473922729492, 197.6221330165863, 188.00055980682373, 254.85533595085144, 237.19842100143433, 167.16133403778076, 231.09692287445068, 199.6485240459442, 197.35965490341187, 135.02199721336365, 153.15453100204468, 217.46498799324036, 234.2424120903015, 189.68803596496582, 136.40450978279114, 177.7413456439972, 184.279137134552, 204.36198019981384, 238.4984679222107, 224.55987405776978, 145.20853805541992, 210.44473695755005]"
1,mnist,FedALA_AAW,100,0.5,180.48924528360368,"[226.74773812294006, 191.7629098892212, 216.17647004127502, 180.10311698913574, 123.11730122566223, 117.77433228492737, 183.1939458847046, 142.20348072052002, 175.14430809020996, 171.28989219665527, 170.81658792495728, 184.7163531780243, 165.11730194091797, 179.011971950531, 185.39804697036743, 148.94434213638306, 122.84284400939941, 140.63228821754456, 209.33308792114258, 209.79878211021423, 128.2395179271698, 207.3104498386383, 174.88367795944214, 166.2461428642273, 142.19356894493103, 163.00257205963135, 140.8954029083252, 314.9802849292755, 221.60137796401978, 209.1501030921936, 114.83959460258484, 164.51469492912292, 140.47079706192017, 97.36506700515747, 145.76996779441833, 183.08082604408264, 159.24899697303772, 116.30300068855286, 153.26028513908386, 119.46127200126648, 177.9795262813568, 113.13093304634094, 156.63166093826294, 165.78521919250488, 122.30430889129639, 108.559250831604, 207.23919010162354, 165.8400239944458, 226.96461486816406, 155.10198211669922, 215.08305406570435, 121.49224185943604, 149.597491979599, 201.9642791748047, 134.89407801628113, 136.36231088638306, 258.3629250526428, 194.74346709251404, 150.03738498687744, 186.300861120224, 241.80198693275452, 218.34648299217224, 216.19549536705017, 183.22572231292725, 172.61365699768066, 203.57645320892334, 228.3365671634674, 174.2641830444336, 173.04413628578186, 212.10135078430176, 170.811585187912, 229.67622780799866, 197.222323179245, 276.9482669830322, 299.10554027557373, 242.45396256446838, 179.40071034431458, 158.33279395103455, 190.4277880191803, 198.63639497756958, 205.69059205055237, 260.4207217693329, 263.0420768260956, 173.1619598865509, 241.04898190498352, 211.98997330665588, 217.49070596694946, 150.86845803260803, 159.4048330783844, 237.9651870727539, 234.8973422050476, 188.05141305923462, 117.4550108909607, 163.60774397850037, 159.03556180000305, 172.4869260787964, 199.32826113700867, 177.25267815589905, 128.29638290405273, 165.59058284759521]"
1,mnist,FedAAW,100,0.5,186.26106640815735,"[139.12941098213196, 157.88688397407532, 179.4262137413025, 173.16880702972412, 133.24269890785217, 122.55654907226562, 170.8321568965912, 162.21865391731262, 199.496924161911, 182.36012816429138, 173.0522119998932, 203.3383538722992, 176.6896572113037, 195.46485209465027, 198.44633102416992, 162.77061772346497, 131.45476579666138, 150.48628282546997, 225.48447179794312, 221.84936690330505, 139.9952518939972, 214.59727716445923, 183.1972291469574, 181.8462619781494, 149.32372784614563, 177.24910378456116, 205.55836272239685, 300.0507152080536, 237.34579801559448, 191.4684920310974, 133.6569230556488, 162.723317861557, 171.38901829719543, 117.38043594360352, 150.08487796783447, 138.63676595687866, 179.62964391708374, 119.18852424621582, 147.561133146286, 137.78330612182617, 158.22630381584167, 134.852783203125, 181.86310005187988, 175.92160391807556, 146.0684940814972, 153.34436130523682, 250.58473205566406, 155.23526191711426, 206.47851300239563, 154.91095614433289, 229.93709015846252, 129.08965396881104, 155.43171882629395, 264.1319921016693, 241.65474700927734, 217.22075009346008, 254.60174012184143, 179.18055725097656, 154.24587106704712, 195.33135795593262, 269.92014384269714, 224.0167202949524, 233.26573395729065, 191.0461139678955, 188.57233715057373, 218.30102396011353, 250.45707607269287, 186.84828305244446, 185.74118328094482, 227.0808548927307, 177.97121286392212, 251.91645216941833, 197.75836205482483, 304.4224328994751, 309.98227405548096, 256.81571197509766, 177.6118528842926, 159.43939304351807, 214.50584077835083, 220.2239990234375, 219.97090101242065, 281.4439558982849, 270.86596298217773, 191.23050618171692, 260.7400150299072, 232.22883701324463, 212.94571375846863, 118.09436988830566, 149.01651620864868, 191.4996931552887, 195.89308285713196, 163.33838629722595, 122.57557606697083, 163.79137992858887, 141.44920182228088, 141.19649291038513, 144.16854405403137, 127.3672137260437, 92.3028781414032, 123.75731921195984]"
1,mnist,FedALA,100,0.5,188.85232253074645,"[319.95880699157715, 165.88498783111572, 189.93628573417664, 178.29255294799805, 134.5695550441742, 143.34228205680847, 189.40539002418518, 166.91675305366516, 172.35013008117676, 177.3424777984619, 183.41396498680115, 192.84791326522827, 173.56511878967285, 190.99964308738708, 191.9423439502716, 163.7245969772339, 134.72067403793335, 243.81779885292053, 187.38721895217896, 203.05383777618408, 140.09971714019775, 191.10673069953918, 182.77516794204712, 177.9219250679016, 185.52216601371765, 272.32208585739136, 158.0819399356842, 271.6976246833801, 208.47881698608398, 187.0197048187256, 139.39385223388672, 202.1726279258728, 181.57934594154358, 96.58706212043762, 114.2017331123352, 163.84028697013855, 159.02845191955566, 135.82001209259033, 130.2649691104889, 127.54762005805969, 179.17982697486877, 142.09883189201355, 184.1604368686676, 224.87893295288086, 175.5986249446869, 150.2886049747467, 207.81331610679626, 150.32942986488342, 197.56537532806396, 158.2407500743866, 215.19445490837097, 134.9342999458313, 242.35111117362976, 324.5114440917969, 217.33893013000488, 208.9511480331421, 244.1732211112976, 198.29927492141724, 169.44913506507874, 198.98695707321167, 265.09594893455505, 226.371239900589, 227.15509605407715, 204.8834309577942, 205.3493208885193, 216.00350427627563, 252.71818327903748, 196.84408497810364, 185.38067483901978, 222.38958096504211, 190.52371501922607, 252.21591114997864, 207.07899808883667, 282.6182327270508, 294.50143218040466, 254.11678791046143, 204.29641270637512, 173.57122206687927, 207.19316601753235, 215.15590476989746, 225.43539381027222, 281.5813250541687, 265.3667058944702, 198.8246133327484, 244.1257781982422, 183.76421689987183, 196.07872414588928, 129.68048906326294, 153.14149618148804, 188.766948223114, 198.5637080669403, 165.33775997161865, 120.41747808456421, 116.7100088596344, 119.51441884040833, 126.37711715698242, 152.5865159034729, 113.07350301742554, 72.7535891532898, 96.39133620262146]"
1,mnist,FedProx,100,0.5,207.89605777025224,"[207.63786911964417, 235.34080982208252, 271.2735688686371, 247.08221888542175, 213.19917583465576, 218.0473871231079, 240.38532090187073, 206.3616189956665, 248.56310200691223, 265.8449909687042, 257.44863295555115, 274.85663890838623, 317.9995541572571, 334.87029504776, 310.64620900154114, 241.16487193107605, 196.19086480140686, 268.4494378566742, 345.89746499061584, 326.43383717536926, 197.18352580070496, 295.8811330795288, 342.16807889938354, 240.47580480575562, 217.62652277946472, 220.06160593032837, 156.93062496185303, 257.3501591682434, 243.36653590202332, 237.61820816993713, 210.59695672988892, 261.39079999923706, 215.09859418869019, 140.97861123085022, 176.4954330921173, 223.20017313957214, 254.73448491096497, 229.2642879486084, 365.53498125076294, 316.02237272262573, 380.3825716972351, 304.72162890434265, 388.27625703811646, 372.4244239330292, 286.02504873275757, 257.96585988998413, 404.59224104881287, 299.2817418575287, 397.5442249774933, 314.9782671928406, 441.139839887619, 259.7038059234619, 302.41842913627625, 428.56239223480225, 295.9348039627075, 283.7358560562134, 342.51603507995605, 266.437575340271, 222.58133125305176, 282.46186780929565, 291.5633909702301, 246.54543733596802, 244.13286018371582, 199.56054592132568, 203.59609603881836, 206.29024815559387, 187.77010488510132, 133.81400394439697, 127.64404320716858, 153.25534582138062, 107.13012719154358, 116.10135197639465, 85.79380226135254, 94.56118988990784, 90.63173913955688, 78.07283973693848, 58.35824632644653, 58.48132300376892, 62.19983410835266, 65.50052905082703, 67.60860896110535, 92.40356087684631, 79.34670996665955, 57.33507513999939, 77.66591310501099, 74.76214289665222, 74.3746497631073, 47.566280126571655, 56.48185586929321, 72.4815080165863, 84.91059994697571, 71.08276224136353, 50.63194489479065, 64.81979393959045, 66.19770407676697, 76.5784740447998, 82.16391205787659, 78.35490083694458, 61.70032000541687, 80.77903509140015]"
1,mnist,MOON,100,0.5,224.7041503763199,"[241.63007283210754, 275.73113799095154, 315.7923140525818, 305.2511270046234, 245.66187810897827, 205.4998619556427, 279.38792610168457, 225.11294317245483, 282.69742488861084, 299.6108992099762, 287.3496232032776, 414.4193937778473, 324.7575170993805, 317.80357599258423, 321.5994839668274, 381.1501030921936, 278.5503342151642, 297.7389600276947, 294.84406185150146, 345.6373131275177, 233.8281831741333, 304.40846014022827, 286.36687302589417, 243.97387290000916, 229.76100397109985, 268.0018527507782, 217.98497915267944, 420.3967502117157, 304.78829979896545, 279.49288606643677, 186.49861884117126, 247.9794511795044, 340.2137358188629, 227.25108194351196, 280.5813019275665, 346.43793416023254, 412.6077859401703, 285.48033905029297, 363.3872709274292, 338.60109424591064, 443.44340801239014, 343.0330491065979, 449.3534588813782, 417.6307280063629, 317.82683420181274, 278.29988503456116, 446.34027910232544, 330.12668895721436, 452.3006021976471, 347.12665128707886, 503.2819049358368, 298.14667081832886, 335.3530240058899, 398.8611481189728, 269.87815380096436, 259.68914008140564, 302.3420000076294, 192.40545105934143, 144.44904398918152, 193.74159812927246, 216.0434718132019, 153.5889573097229, 128.1028277873993, 102.95000314712524, 99.45514011383057, 119.72797703742981, 131.79030871391296, 107.57580900192261, 95.12877488136292, 119.5323760509491, 104.22666597366333, 130.065269947052, 106.05364179611206, 169.2904920578003, 172.7707257270813, 136.96989703178406, 112.12214207649231, 92.46409392356873, 70.82153511047363, 70.69865798950195, 71.85747408866882, 102.50475335121155, 87.68203902244568, 63.28433585166931, 93.67760300636292, 79.60287284851074, 81.33075094223022, 54.755143880844116, 63.07846188545227, 82.29052591323853, 86.18903803825378, 72.74847793579102, 61.656718015670776, 73.25342583656311, 73.58919787406921, 79.95162105560303, 96.98040699958801, 84.01298403739929, 57.68528604507446, 83.00770688056946]"
